quantityOrdered,priceEach,orderDate,requiredDate,shippedDate,orderStatus,orderComments,productName,category,productScale,productVendor,quantityInStock,buyPrice,MSRP,customerName,phone_customer,city_customer,country_customer,creditLimit,employeeEmail,jobTitle,city_office,phone_office,country_office,territory,employeeName,contactName,address_office,address_customer
30,136.0,2018-01-06,2018-01-13,2018-01-10,Shipped,,1917 Grand Touring Sedan,Vintage Cars,1:18,Welly Diecast Productions,2724,86.7,170.0,Online Diecast Creations Co.,+1 603-555-8647,Nashua,USA,114200,spatterson@classicmodelcars.com,Sales Rep,Boston,+1 215-837-0825,USA,,Steve Patterson,Dorothy Young,1550 Court Place Suite 102 02107,2304 Long Airport Avenue  62005
50,55.09,2018-01-06,2018-01-13,2018-01-10,Shipped,,1911 Ford Town Car,Vintage Cars,1:18,Motor City Art Classics,540,33.3,60.54,Online Diecast Creations Co.,+1 603-555-8647,Nashua,USA,114200,spatterson@classicmodelcars.com,Sales Rep,Boston,+1 215-837-0825,USA,,Steve Patterson,Dorothy Young,1550 Court Place Suite 102 02107,2304 Long Airport Avenue  62005
22,75.46,2018-01-06,2018-01-13,2018-01-10,Shipped,,1932 Alfa Romeo 8C2300 Spider Sport,Vintage Cars,1:18,Exoto Designs,6553,43.26,92.03,Online Diecast Creations Co.,+1 603-555-8647,Nashua,USA,114200,spatterson@classicmodelcars.com,Sales Rep,Boston,+1 215-837-0825,USA,,Steve Patterson,Dorothy Young,1550 Court Place Suite 102 02107,2304 Long Airport Avenue  62005
49,35.29,2018-01-06,2018-01-13,2018-01-10,Shipped,,1936 Mercedes Benz 500k Roadster,Vintage Cars,1:24,Red Start Diecast,2081,21.75,41.03,Online Diecast Creations Co.,+1 603-555-8647,Nashua,USA,114200,spatterson@classicmodelcars.com,Sales Rep,Boston,+1 215-837-0825,USA,,Steve Patterson,Dorothy Young,1550 Court Place Suite 102 02107,2304 Long Airport Avenue  62005
25,108.06,2018-01-09,2018-01-18,2018-01-11,Shipped,Check on availability.,1932 Model A Ford J-Coupe,Vintage Cars,1:18,Autoart Studio Design,9354,58.48,127.13,"Blauer See Auto, Co.",+49 69 66902555,Frankfurt,Germany,59700,bjones@classicmodelcars.com,Sales Rep,London,+44 20 7877 2041,UK,EMEA,Barry Jones,Roland Keitel,25 Old Broad Street Level 7 EC2N 1HN,Lyonerstr. 34  60528
26,167.06,2018-01-09,2018-01-18,2018-01-11,Shipped,Check on availability.,1928 Mercedes-Benz SSK,Vintage Cars,1:18,Gearbox Collectibles,548,72.56,168.75,"Blauer See Auto, Co.",+49 69 66902555,Frankfurt,Germany,59700,bjones@classicmodelcars.com,Sales Rep,London,+44 20 7877 2041,UK,EMEA,Barry Jones,Roland Keitel,25 Old Broad Street Level 7 EC2N 1HN,Lyonerstr. 34  60528
45,32.53,2018-01-09,2018-01-18,2018-01-11,Shipped,Check on availability.,1939 Chevrolet Deluxe Coupe,Vintage Cars,1:24,Motor City Art Classics,7332,22.57,33.19,"Blauer See Auto, Co.",+49 69 66902555,Frankfurt,Germany,59700,bjones@classicmodelcars.com,Sales Rep,London,+44 20 7877 2041,UK,EMEA,Barry Jones,Roland Keitel,25 Old Broad Street Level 7 EC2N 1HN,Lyonerstr. 34  60528
46,44.35,2018-01-09,2018-01-18,2018-01-11,Shipped,Check on availability.,1938 Cadillac V-16 Presidential Limousine,Vintage Cars,1:24,Classic Metal Creations,2847,20.61,44.8,"Blauer See Auto, Co.",+49 69 66902555,Frankfurt,Germany,59700,bjones@classicmodelcars.com,Sales Rep,London,+44 20 7877 2041,UK,EMEA,Barry Jones,Roland Keitel,25 Old Broad Street Level 7 EC2N 1HN,Lyonerstr. 34  60528
39,95.55,2018-01-10,2018-01-18,2018-01-14,Shipped,,1937 Lincoln Berline,Vintage Cars,1:18,Motor City Art Classics,8693,60.62,102.74,Vitachrome Inc.,+1 212-555-1500,NYC,USA,76400,ftseng@classicmodelcars.com,Sales Rep,NYC,+1 212-555-3000,USA,,Foon Yue Tseng,Michael Frick,523 East 53rd Street apt. 5A 10022,2678 Kingston Rd. Suite 101 10022
41,43.13,2018-01-10,2018-01-18,2018-01-14,Shipped,,1936 Mercedes-Benz 500K Special Roadster,Vintage Cars,1:18,Studio M Art Models,8635,24.26,53.91,Vitachrome Inc.,+1 212-555-1500,NYC,USA,76400,ftseng@classicmodelcars.com,Sales Rep,NYC,+1 212-555-3000,USA,,Foon Yue Tseng,Michael Frick,523 East 53rd Street apt. 5A 10022,2678 Kingston Rd. Suite 101 10022
26,214.3,2018-01-29,2018-02-07,2018-02-02,Shipped,,1952 Alpine Renault 1300,Classic Cars,1:10,Classic Metal Creations,7305,98.58,214.3,Baane Mini Imports,,Stavern,Norway,81700,bjones@classicmodelcars.com,Sales Rep,London,+44 20 7877 2041,UK,EMEA,Barry Jones,Jonas  Bergulfsen,25 Old Broad Street Level 7 EC2N 1HN,Erling Skakkes gate 78  4110
42,119.67,2018-01-29,2018-02-07,2018-02-02,Shipped,,1962 LanciaA Delta 16V,Classic Cars,1:10,Second Gear Diecast,6791,103.42,147.74,Baane Mini Imports,,Stavern,Norway,81700,bjones@classicmodelcars.com,Sales Rep,London,+44 20 7877 2041,UK,EMEA,Barry Jones,Jonas  Bergulfsen,25 Old Broad Street Level 7 EC2N 1HN,Erling Skakkes gate 78  4110
27,121.64,2018-01-29,2018-02-07,2018-02-02,Shipped,,1958 Setra Bus,Trucks and Buses,1:12,Welly Diecast Productions,1579,77.9,136.67,Baane Mini Imports,,Stavern,Norway,81700,bjones@classicmodelcars.com,Sales Rep,London,+44 20 7877 2041,UK,EMEA,Barry Jones,Jonas  Bergulfsen,25 Old Broad Street Level 7 EC2N 1HN,Erling Skakkes gate 78  4110
35,94.5,2018-01-29,2018-02-07,2018-02-02,Shipped,,1940 Ford Pickup Truck,Trucks and Buses,1:18,Studio M Art Models,2613,58.33,116.67,Baane Mini Imports,,Stavern,Norway,81700,bjones@classicmodelcars.com,Sales Rep,London,+44 20 7877 2041,UK,EMEA,Barry Jones,Jonas  Bergulfsen,25 Old Broad Street Level 7 EC2N 1HN,Erling Skakkes gate 78  4110
22,58.34,2018-01-29,2018-02-07,2018-02-02,Shipped,,1926 Ford Fire Engine,Trucks and Buses,1:18,Carousel DieCast Legends,2019,24.92,60.77,Baane Mini Imports,,Stavern,Norway,81700,bjones@classicmodelcars.com,Sales Rep,London,+44 20 7877 2041,UK,EMEA,Barry Jones,Jonas  Bergulfsen,25 Old Broad Street Level 7 EC2N 1HN,Erling Skakkes gate 78  4110
27,92.19,2018-01-29,2018-02-07,2018-02-02,Shipped,,1913 Ford Model T Speedster,Vintage Cars,1:18,Carousel DieCast Legends,4189,60.78,101.31,Baane Mini Imports,,Stavern,Norway,81700,bjones@classicmodelcars.com,Sales Rep,London,+44 20 7877 2041,UK,EMEA,Barry Jones,Jonas  Bergulfsen,25 Old Broad Street Level 7 EC2N 1HN,Erling Skakkes gate 78  4110
35,61.84,2018-01-29,2018-02-07,2018-02-02,Shipped,,1934 Ford V8 Coupe,Vintage Cars,1:18,Min Lin Diecast,5649,34.35,62.46,Baane Mini Imports,,Stavern,Norway,81700,bjones@classicmodelcars.com,Sales Rep,London,+44 20 7877 2041,UK,EMEA,Barry Jones,Jonas  Bergulfsen,25 Old Broad Street Level 7 EC2N 1HN,Erling Skakkes gate 78  4110
25,86.92,2018-01-29,2018-02-07,2018-02-02,Shipped,,18th Century Vintage Horse Carriage,Vintage Cars,1:18,Red Start Diecast,5992,60.74,104.72,Baane Mini Imports,,Stavern,Norway,81700,bjones@classicmodelcars.com,Sales Rep,London,+44 20 7877 2041,UK,EMEA,Barry Jones,Jonas  Bergulfsen,25 Old Broad Street Level 7 EC2N 1HN,Erling Skakkes gate 78  4110
46,86.31,2018-01-29,2018-02-07,2018-02-02,Shipped,,1917 Maxwell Touring Car,Vintage Cars,1:18,Exoto Designs,7913,57.54,99.21,Baane Mini Imports,,Stavern,Norway,81700,bjones@classicmodelcars.com,Sales Rep,London,+44 20 7877 2041,UK,EMEA,Barry Jones,Jonas  Bergulfsen,25 Old Broad Street Level 7 EC2N 1HN,Erling Skakkes gate 78  4110
36,98.07,2018-01-29,2018-02-07,2018-02-02,Shipped,,1940s Ford truck,Trucks and Buses,1:18,Motor City Art Classics,3128,84.76,121.08,Baane Mini Imports,,Stavern,Norway,81700,bjones@classicmodelcars.com,Sales Rep,London,+44 20 7877 2041,UK,EMEA,Barry Jones,Jonas  Bergulfsen,25 Old Broad Street Level 7 EC2N 1HN,Erling Skakkes gate 78  4110
41,40.75,2018-01-29,2018-02-07,2018-02-02,Shipped,,1939 Cadillac Limousine,Vintage Cars,1:18,Studio M Art Models,6645,23.14,50.31,Baane Mini Imports,,Stavern,Norway,81700,bjones@classicmodelcars.com,Sales Rep,London,+44 20 7877 2041,UK,EMEA,Barry Jones,Jonas  Bergulfsen,25 Old Broad Street Level 7 EC2N 1HN,Erling Skakkes gate 78  4110
36,107.34,2018-01-29,2018-02-07,2018-02-02,Shipped,,1962 Volkswagen Microbus,Trucks and Buses,1:24,Autoart Studio Design,2327,61.34,127.79,Baane Mini Imports,,Stavern,Norway,81700,bjones@classicmodelcars.com,Sales Rep,London,+44 20 7877 2041,UK,EMEA,Barry Jones,Jonas  Bergulfsen,25 Old Broad Street Level 7 EC2N 1HN,Erling Skakkes gate 78  4110
25,88.62,2018-01-29,2018-02-07,2018-02-02,Shipped,,1936 Chrysler Airflow,Vintage Cars,1:24,Second Gear Diecast,4710,57.46,97.39,Baane Mini Imports,,Stavern,Norway,81700,bjones@classicmodelcars.com,Sales Rep,London,+44 20 7877 2041,UK,EMEA,Barry Jones,Jonas  Bergulfsen,25 Old Broad Street Level 7 EC2N 1HN,Erling Skakkes gate 78  4110
31,92.46,2018-01-29,2018-02-07,2018-02-02,Shipped,,1980’s GM Manhattan Express,Trucks and Buses,1:32,Motor City Art Classics,5099,53.93,96.31,Baane Mini Imports,,Stavern,Norway,81700,bjones@classicmodelcars.com,Sales Rep,London,+44 20 7877 2041,UK,EMEA,Barry Jones,Jonas  Bergulfsen,25 Old Broad Street Level 7 EC2N 1HN,Erling Skakkes gate 78  4110
45,63.35,2018-01-29,2018-02-07,2018-02-02,Shipped,,1996 Peterbilt 379 Stake Bed with Outrigger,Trucks and Buses,1:32,Red Start Diecast,814,33.61,64.64,Baane Mini Imports,,Stavern,Norway,81700,bjones@classicmodelcars.com,Sales Rep,London,+44 20 7877 2041,UK,EMEA,Barry Jones,Jonas  Bergulfsen,25 Old Broad Street Level 7 EC2N 1HN,Erling Skakkes gate 78  4110
42,94.07,2018-01-29,2018-02-07,2018-02-02,Shipped,,1982 Camaro Z28,Classic Cars,1:18,Carousel DieCast Legends,6934,46.53,101.15,Baane Mini Imports,,Stavern,Norway,81700,bjones@classicmodelcars.com,Sales Rep,London,+44 20 7877 2041,UK,EMEA,Barry Jones,Jonas  Bergulfsen,25 Old Broad Street Level 7 EC2N 1HN,Erling Skakkes gate 78  4110
34,131.44,2018-01-31,2018-02-09,2018-02-01,Shipped,,1969 Corvair Monza,Classic Cars,1:18,Welly Diecast Productions,6906,89.14,151.08,Euro+ Shopping Channel,+34 915 55 94 44,Madrid,Spain,227600,ghernande@classicmodelcars.com,Sales Rep,Paris,+33 1 47 23 44 04,France,EMEA,Gerard Hernandez,Diego  Freyre,43 Rue Jouffroy Dabbans  75017,"C/ Moralzarzal, 86  28034"
41,111.39,2018-01-31,2018-02-09,2018-02-01,Shipped,,1957 Chevy Pickup,Trucks and Buses,1:12,Exoto Designs,6125,55.7,118.5,Euro+ Shopping Channel,+34 915 55 94 44,Madrid,Spain,227600,ghernande@classicmodelcars.com,Sales Rep,Paris,+33 1 47 23 44 04,France,EMEA,Gerard Hernandez,Diego  Freyre,43 Rue Jouffroy Dabbans  75017,"C/ Moralzarzal, 86  28034"
24,135.9,2018-01-31,2018-02-09,2018-02-01,Shipped,,1998 Chrysler Plymouth Prowler,Classic Cars,1:18,Gearbox Collectibles,4724,101.51,163.73,Euro+ Shopping Channel,+34 915 55 94 44,Madrid,Spain,227600,ghernande@classicmodelcars.com,Sales Rep,Paris,+33 1 47 23 44 04,France,EMEA,Gerard Hernandez,Diego  Freyre,43 Rue Jouffroy Dabbans  75017,"C/ Moralzarzal, 86  28034"
29,122.73,2018-01-31,2018-02-09,2018-02-01,Shipped,,1964 Mercedes Tour Bus,Trucks and Buses,1:18,Unimax Art Galleries,8258,74.86,122.73,Euro+ Shopping Channel,+34 915 55 94 44,Madrid,Spain,227600,ghernande@classicmodelcars.com,Sales Rep,Paris,+33 1 47 23 44 04,France,EMEA,Gerard Hernandez,Diego  Freyre,43 Rue Jouffroy Dabbans  75017,"C/ Moralzarzal, 86  28034"
23,165.95,2018-01-31,2018-02-09,2018-02-01,Shipped,,1992 Ferrari 360 Spider red,Classic Cars,1:18,Unimax Art Galleries,8347,77.9,169.34,Euro+ Shopping Channel,+34 915 55 94 44,Madrid,Spain,227600,ghernande@classicmodelcars.com,Sales Rep,Paris,+33 1 47 23 44 04,France,EMEA,Gerard Hernandez,Diego  Freyre,43 Rue Jouffroy Dabbans  75017,"C/ Moralzarzal, 86  28034"
38,119.2,2018-01-31,2018-02-09,2018-02-01,Shipped,,1970 Triumph Spitfire,Classic Cars,1:18,Min Lin Diecast,5545,91.92,143.62,Euro+ Shopping Channel,+34 915 55 94 44,Madrid,Spain,227600,ghernande@classicmodelcars.com,Sales Rep,Paris,+33 1 47 23 44 04,France,EMEA,Gerard Hernandez,Diego  Freyre,43 Rue Jouffroy Dabbans  75017,"C/ Moralzarzal, 86  28034"
35,52.02,2018-01-31,2018-02-09,2018-02-01,Shipped,,1970 Dodge Coronet,Classic Cars,1:24,Highway 66 Mini Classics,4074,32.37,57.8,Euro+ Shopping Channel,+34 915 55 94 44,Madrid,Spain,227600,ghernande@classicmodelcars.com,Sales Rep,Paris,+33 1 47 23 44 04,France,EMEA,Gerard Hernandez,Diego  Freyre,43 Rue Jouffroy Dabbans  75017,"C/ Moralzarzal, 86  28034"
44,30.41,2018-01-31,2018-02-09,2018-02-01,Shipped,,1958 Chevy Corvette Limited Edition,Classic Cars,1:24,Carousel DieCast Legends,2542,15.91,35.36,Euro+ Shopping Channel,+34 915 55 94 44,Madrid,Spain,227600,ghernande@classicmodelcars.com,Sales Rep,Paris,+33 1 47 23 44 04,France,EMEA,Gerard Hernandez,Diego  Freyre,43 Rue Jouffroy Dabbans  75017,"C/ Moralzarzal, 86  28034"
26,106.45,2018-01-31,2018-02-09,2018-02-01,Shipped,,1992 Porsche Cayenne Turbo Silver,Classic Cars,1:24,Exoto Designs,6582,69.78,118.28,Euro+ Shopping Channel,+34 915 55 94 44,Madrid,Spain,227600,ghernande@classicmodelcars.com,Sales Rep,Paris,+33 1 47 23 44 04,France,EMEA,Gerard Hernandez,Diego  Freyre,43 Rue Jouffroy Dabbans  75017,"C/ Moralzarzal, 86  28034"
35,51.95,2018-01-31,2018-02-09,2018-02-01,Shipped,,1954 Greyhound Scenicruiser,Trucks and Buses,1:32,Classic Metal Creations,2874,25.98,54.11,Euro+ Shopping Channel,+34 915 55 94 44,Madrid,Spain,227600,ghernande@classicmodelcars.com,Sales Rep,Paris,+33 1 47 23 44 04,France,EMEA,Gerard Hernandez,Diego  Freyre,43 Rue Jouffroy Dabbans  75017,"C/ Moralzarzal, 86  28034"
49,56.55,2018-01-31,2018-02-09,2018-02-01,Shipped,,1950s Chicago Surface Lines Streetcar,Trains,1:32,Gearbox Collectibles,8601,26.72,62.14,Euro+ Shopping Channel,+34 915 55 94 44,Madrid,Spain,227600,ghernande@classicmodelcars.com,Sales Rep,Paris,+33 1 47 23 44 04,France,EMEA,Gerard Hernandez,Diego  Freyre,43 Rue Jouffroy Dabbans  75017,"C/ Moralzarzal, 86  28034"
33,114.59,2018-01-31,2018-02-09,2018-02-01,Shipped,,Diamond T620 Semi-Skirted Tanker,Trucks and Buses,1:50,Highway 66 Mini Classics,1016,68.29,115.75,Euro+ Shopping Channel,+34 915 55 94 44,Madrid,Spain,227600,ghernande@classicmodelcars.com,Sales Rep,Paris,+33 1 47 23 44 04,France,EMEA,Gerard Hernandez,Diego  Freyre,43 Rue Jouffroy Dabbans  75017,"C/ Moralzarzal, 86  28034"
32,53.31,2018-01-31,2018-02-09,2018-02-01,Shipped,,1962 City of Detroit Streetcar,Trains,1:50,Classic Metal Creations,1645,37.49,58.58,Euro+ Shopping Channel,+34 915 55 94 44,Madrid,Spain,227600,ghernande@classicmodelcars.com,Sales Rep,Paris,+33 1 47 23 44 04,France,EMEA,Gerard Hernandez,Diego  Freyre,43 Rue Jouffroy Dabbans  75017,"C/ Moralzarzal, 86  28034"
50,127.84,2018-02-11,2018-02-21,2018-02-12,Shipped,,1972 Alfa Romeo GTA,Classic Cars,1:10,Motor City Art Classics,3252,85.68,136.0,Danish Wholesale Imports,+45 31 12 35 55,Kobenhavn,Denmark,83400,pcastillo@classicmodelcars.com,Sales Rep,Paris,+33 1 47 23 44 04,France,EMEA,Pamela Castillo,Jytte  Petersen,43 Rue Jouffroy Dabbans  75017,Vinbæltet 34  1734
41,205.72,2018-02-11,2018-02-21,2018-02-12,Shipped,,2001 Ferrari Enzo,Classic Cars,1:12,Second Gear Diecast,3619,95.59,207.8,Danish Wholesale Imports,+45 31 12 35 55,Kobenhavn,Denmark,83400,pcastillo@classicmodelcars.com,Sales Rep,Paris,+33 1 47 23 44 04,France,EMEA,Pamela Castillo,Jytte  Petersen,43 Rue Jouffroy Dabbans  75017,Vinbæltet 34  1734
29,141.88,2018-02-11,2018-02-21,2018-02-12,Shipped,,1969 Ford Falcon,Classic Cars,1:12,Second Gear Diecast,1049,83.05,173.02,Danish Wholesale Imports,+45 31 12 35 55,Kobenhavn,Denmark,83400,pcastillo@classicmodelcars.com,Sales Rep,Paris,+33 1 47 23 44 04,France,EMEA,Pamela Castillo,Jytte  Petersen,43 Rue Jouffroy Dabbans  75017,Vinbæltet 34  1734
22,136.59,2018-02-11,2018-02-21,2018-02-12,Shipped,,1903 Ford Model A,Vintage Cars,1:18,Unimax Art Galleries,3913,68.3,136.59,Danish Wholesale Imports,+45 31 12 35 55,Kobenhavn,Denmark,83400,pcastillo@classicmodelcars.com,Sales Rep,Paris,+33 1 47 23 44 04,France,EMEA,Pamela Castillo,Jytte  Petersen,43 Rue Jouffroy Dabbans  75017,Vinbæltet 34  1734
38,87.73,2018-02-11,2018-02-21,2018-02-12,Shipped,,Collectable Wooden Train,Trains,1:18,Carousel DieCast Legends,6450,67.56,100.84,Danish Wholesale Imports,+45 31 12 35 55,Kobenhavn,Denmark,83400,pcastillo@classicmodelcars.com,Sales Rep,Paris,+33 1 47 23 44 04,France,EMEA,Pamela Castillo,Jytte  Petersen,43 Rue Jouffroy Dabbans  75017,Vinbæltet 34  1734
41,75.48,2018-02-11,2018-02-21,2018-02-12,Shipped,,1904 Buick Runabout,Vintage Cars,1:18,Exoto Designs,8290,52.66,87.77,Danish Wholesale Imports,+45 31 12 35 55,Kobenhavn,Denmark,83400,pcastillo@classicmodelcars.com,Sales Rep,Paris,+33 1 47 23 44 04,France,EMEA,Pamela Castillo,Jytte  Petersen,43 Rue Jouffroy Dabbans  75017,Vinbæltet 34  1734
43,117.97,2018-02-11,2018-02-21,2018-02-12,Shipped,,18th century schooner,Ships,1:24,Carousel DieCast Legends,1898,82.34,122.89,Danish Wholesale Imports,+45 31 12 35 55,Kobenhavn,Denmark,83400,pcastillo@classicmodelcars.com,Sales Rep,Paris,+33 1 47 23 44 04,France,EMEA,Pamela Castillo,Jytte  Petersen,43 Rue Jouffroy Dabbans  75017,Vinbæltet 34  1734
44,73.46,2018-02-11,2018-02-21,2018-02-12,Shipped,,1912 Ford Model T Delivery Wagon,Vintage Cars,1:24,Min Lin Diecast,9173,46.91,88.51,Danish Wholesale Imports,+45 31 12 35 55,Kobenhavn,Denmark,83400,pcastillo@classicmodelcars.com,Sales Rep,Paris,+33 1 47 23 44 04,France,EMEA,Pamela Castillo,Jytte  Petersen,43 Rue Jouffroy Dabbans  75017,Vinbæltet 34  1734
50,75.47,2018-02-11,2018-02-21,2018-02-12,Shipped,,1940 Ford Delivery Sedan,Vintage Cars,1:24,Carousel DieCast Legends,6621,48.64,83.86,Danish Wholesale Imports,+45 31 12 35 55,Kobenhavn,Denmark,83400,pcastillo@classicmodelcars.com,Sales Rep,Paris,+33 1 47 23 44 04,France,EMEA,Pamela Castillo,Jytte  Petersen,43 Rue Jouffroy Dabbans  75017,Vinbæltet 34  1734
41,54.0,2018-02-11,2018-02-21,2018-02-12,Shipped,,The Schooner Bluenose,Ships,1:700,Autoart Studio Design,1897,34.0,66.67,Danish Wholesale Imports,+45 31 12 35 55,Kobenhavn,Denmark,83400,pcastillo@classicmodelcars.com,Sales Rep,Paris,+33 1 47 23 44 04,France,EMEA,Pamela Castillo,Jytte  Petersen,43 Rue Jouffroy Dabbans  75017,Vinbæltet 34  1734
29,86.61,2018-02-11,2018-02-21,2018-02-12,Shipped,,The Mayflower,Ships,1:700,Studio M Art Models,737,43.3,86.61,Danish Wholesale Imports,+45 31 12 35 55,Kobenhavn,Denmark,83400,pcastillo@classicmodelcars.com,Sales Rep,Paris,+33 1 47 23 44 04,France,EMEA,Pamela Castillo,Jytte  Petersen,43 Rue Jouffroy Dabbans  75017,Vinbæltet 34  1734
31,60.72,2018-02-11,2018-02-21,2018-02-12,Shipped,,The USS Constitution Ship,Ships,1:700,Red Start Diecast,7083,33.97,72.28,Danish Wholesale Imports,+45 31 12 35 55,Kobenhavn,Denmark,83400,pcastillo@classicmodelcars.com,Sales Rep,Paris,+33 1 47 23 44 04,France,EMEA,Pamela Castillo,Jytte  Petersen,43 Rue Jouffroy Dabbans  75017,Vinbæltet 34  1734
39,92.16,2018-02-11,2018-02-21,2018-02-12,Shipped,,The Titanic,Ships,1:700,Carousel DieCast Legends,1956,51.09,100.17,Danish Wholesale Imports,+45 31 12 35 55,Kobenhavn,Denmark,83400,pcastillo@classicmodelcars.com,Sales Rep,Paris,+33 1 47 23 44 04,France,EMEA,Pamela Castillo,Jytte  Petersen,43 Rue Jouffroy Dabbans  75017,Vinbæltet 34  1734
22,99.31,2018-02-11,2018-02-21,2018-02-12,Shipped,,The Queen Mary,Ships,1:700,Welly Diecast Productions,5088,53.63,99.31,Danish Wholesale Imports,+45 31 12 35 55,Kobenhavn,Denmark,83400,pcastillo@classicmodelcars.com,Sales Rep,Paris,+33 1 47 23 44 04,France,EMEA,Pamela Castillo,Jytte  Petersen,43 Rue Jouffroy Dabbans  75017,Vinbæltet 34  1734
25,44.77,2018-02-11,2018-02-21,2018-02-12,Shipped,,Pont Yacht,Ships,1:72,Unimax Art Galleries,414,33.3,54.6,Danish Wholesale Imports,+45 31 12 35 55,Kobenhavn,Denmark,83400,pcastillo@classicmodelcars.com,Sales Rep,Paris,+33 1 47 23 44 04,France,EMEA,Pamela Castillo,Jytte  Petersen,43 Rue Jouffroy Dabbans  75017,Vinbæltet 34  1734
36,134.04,2018-02-17,2018-02-24,2018-02-21,Shipped,,1980s Black Hawk Helicopter,Planes,1:18,Red Start Diecast,5330,77.27,157.69,Rovelli Gifts,+39 035 640555,Bergamo,Italy,119600,pcastillo@classicmodelcars.com,Sales Rep,Paris,+33 1 47 23 44 04,France,EMEA,Pamela Castillo,Giovanni  Rovelli,43 Rue Jouffroy Dabbans  75017,Via Ludovico il Moro 22  24100
34,81.1,2018-02-17,2018-02-24,2018-02-21,Shipped,,P-51-D Mustang,Planes,1:72,Gearbox Collectibles,992,49.0,84.48,Rovelli Gifts,+39 035 640555,Bergamo,Italy,119600,pcastillo@classicmodelcars.com,Sales Rep,Paris,+33 1 47 23 44 04,France,EMEA,Pamela Castillo,Giovanni  Rovelli,43 Rue Jouffroy Dabbans  75017,Via Ludovico il Moro 22  24100
41,80.86,2018-02-17,2018-02-24,2018-02-21,Shipped,,1999 Yamaha Speed Boat,Ships,1:18,Min Lin Diecast,4259,51.61,86.02,Rovelli Gifts,+39 035 640555,Bergamo,Italy,119600,pcastillo@classicmodelcars.com,Sales Rep,Paris,+33 1 47 23 44 04,France,EMEA,Pamela Castillo,Giovanni  Rovelli,43 Rue Jouffroy Dabbans  75017,Via Ludovico il Moro 22  24100
41,94.22,2018-02-17,2018-02-24,2018-02-21,Shipped,,1941 Chevrolet Special Deluxe Cabriolet,Vintage Cars,1:18,Exoto Designs,2378,64.58,105.87,Rovelli Gifts,+39 035 640555,Bergamo,Italy,119600,pcastillo@classicmodelcars.com,Sales Rep,Paris,+33 1 47 23 44 04,France,EMEA,Pamela Castillo,Giovanni  Rovelli,43 Rue Jouffroy Dabbans  75017,Via Ludovico il Moro 22  24100
28,107.23,2018-02-17,2018-02-24,2018-02-21,Shipped,,1928 British Royal Navy Airplane,Planes,1:24,Classic Metal Creations,3627,66.74,109.42,Rovelli Gifts,+39 035 640555,Bergamo,Italy,119600,pcastillo@classicmodelcars.com,Sales Rep,Paris,+33 1 47 23 44 04,France,EMEA,Pamela Castillo,Giovanni  Rovelli,43 Rue Jouffroy Dabbans  75017,Via Ludovico il Moro 22  24100
49,65.77,2018-02-17,2018-02-24,2018-02-21,Shipped,,1900s Vintage Bi-Plane,Planes,1:24,Autoart Studio Design,5942,34.25,68.51,Rovelli Gifts,+39 035 640555,Bergamo,Italy,119600,pcastillo@classicmodelcars.com,Sales Rep,Paris,+33 1 47 23 44 04,France,EMEA,Pamela Castillo,Giovanni  Rovelli,43 Rue Jouffroy Dabbans  75017,Via Ludovico il Moro 22  24100
31,55.89,2018-02-17,2018-02-24,2018-02-21,Shipped,,1937 Horch 930V Limousine,Vintage Cars,1:24,Autoart Studio Design,2902,26.3,65.75,Rovelli Gifts,+39 035 640555,Bergamo,Italy,119600,pcastillo@classicmodelcars.com,Sales Rep,Paris,+33 1 47 23 44 04,France,EMEA,Pamela Castillo,Giovanni  Rovelli,43 Rue Jouffroy Dabbans  75017,Via Ludovico il Moro 22  24100
50,55.96,2018-02-17,2018-02-24,2018-02-21,Shipped,,Corsair F4U ( Bird Cage),Planes,1:24,Second Gear Diecast,6812,29.34,68.24,Rovelli Gifts,+39 035 640555,Bergamo,Italy,119600,pcastillo@classicmodelcars.com,Sales Rep,Paris,+33 1 47 23 44 04,France,EMEA,Pamela Castillo,Giovanni  Rovelli,43 Rue Jouffroy Dabbans  75017,Via Ludovico il Moro 22  24100
26,71.0,2018-02-17,2018-02-24,2018-02-21,Shipped,,1900s Vintage Tri-Plane,Planes,1:24,Unimax Art Galleries,2756,36.23,72.45,Rovelli Gifts,+39 035 640555,Bergamo,Italy,119600,pcastillo@classicmodelcars.com,Sales Rep,Paris,+33 1 47 23 44 04,France,EMEA,Pamela Castillo,Giovanni  Rovelli,43 Rue Jouffroy Dabbans  75017,Via Ludovico il Moro 22  24100
33,65.35,2018-02-17,2018-02-24,2018-02-21,Shipped,,1928 Ford Phaeton Deluxe,Vintage Cars,1:32,Highway 66 Mini Classics,136,33.02,68.79,Rovelli Gifts,+39 035 640555,Bergamo,Italy,119600,pcastillo@classicmodelcars.com,Sales Rep,Paris,+33 1 47 23 44 04,France,EMEA,Pamela Castillo,Giovanni  Rovelli,43 Rue Jouffroy Dabbans  75017,Via Ludovico il Moro 22  24100
39,35.78,2018-02-17,2018-02-24,2018-02-21,Shipped,,1930 Buick Marquette Phaeton,Vintage Cars,1:50,Studio M Art Models,7062,27.06,43.64,Rovelli Gifts,+39 035 640555,Bergamo,Italy,119600,pcastillo@classicmodelcars.com,Sales Rep,Paris,+33 1 47 23 44 04,France,EMEA,Pamela Castillo,Giovanni  Rovelli,43 Rue Jouffroy Dabbans  75017,Via Ludovico il Moro 22  24100
31,91.34,2018-02-17,2018-02-24,2018-02-21,Shipped,,American Airlines: B767-300,Planes,1:700,Min Lin Diecast,5841,51.15,91.34,Rovelli Gifts,+39 035 640555,Bergamo,Italy,119600,pcastillo@classicmodelcars.com,Sales Rep,Paris,+33 1 47 23 44 04,France,EMEA,Pamela Castillo,Giovanni  Rovelli,43 Rue Jouffroy Dabbans  75017,Via Ludovico il Moro 22  24100
30,85.09,2018-02-17,2018-02-24,2018-02-21,Shipped,,HMS Bounty,Ships,1:700,Unimax Art Galleries,3501,39.83,90.52,Rovelli Gifts,+39 035 640555,Bergamo,Italy,119600,pcastillo@classicmodelcars.com,Sales Rep,Paris,+33 1 47 23 44 04,France,EMEA,Pamela Castillo,Giovanni  Rovelli,43 Rue Jouffroy Dabbans  75017,Via Ludovico il Moro 22  24100
34,99.72,2018-02-17,2018-02-24,2018-02-21,Shipped,,America West Airlines B757-200,Planes,1:700,Motor City Art Classics,9653,68.8,99.72,Rovelli Gifts,+39 035 640555,Bergamo,Italy,119600,pcastillo@classicmodelcars.com,Sales Rep,Paris,+33 1 47 23 44 04,France,EMEA,Pamela Castillo,Giovanni  Rovelli,43 Rue Jouffroy Dabbans  75017,Via Ludovico il Moro 22  24100
32,113.9,2018-02-17,2018-02-24,2018-02-21,Shipped,,ATA: B757-300,Planes,1:700,Highway 66 Mini Classics,7106,59.33,118.65,Rovelli Gifts,+39 035 640555,Bergamo,Italy,119600,pcastillo@classicmodelcars.com,Sales Rep,Paris,+33 1 47 23 44 04,France,EMEA,Pamela Castillo,Giovanni  Rovelli,43 Rue Jouffroy Dabbans  75017,Via Ludovico il Moro 22  24100
44,76.0,2018-02-17,2018-02-24,2018-02-21,Shipped,,F/A 18 Hornet 1/72,Planes,1:72,Motor City Art Classics,551,54.4,80.0,Rovelli Gifts,+39 035 640555,Bergamo,Italy,119600,pcastillo@classicmodelcars.com,Sales Rep,Paris,+33 1 47 23 44 04,France,EMEA,Pamela Castillo,Giovanni  Rovelli,43 Rue Jouffroy Dabbans  75017,Via Ludovico il Moro 22  24100
48,70.33,2018-02-17,2018-02-24,2018-02-21,Shipped,,American Airlines: MD-11S,Planes,1:700,Second Gear Diecast,8820,36.27,74.03,Rovelli Gifts,+39 035 640555,Bergamo,Italy,119600,pcastillo@classicmodelcars.com,Sales Rep,Paris,+33 1 47 23 44 04,France,EMEA,Pamela Castillo,Giovanni  Rovelli,43 Rue Jouffroy Dabbans  75017,Via Ludovico il Moro 22  24100
48,43.7,2018-02-17,2018-02-24,2018-02-21,Shipped,,Boeing X-32A JSF,Planes,1:72,Motor City Art Classics,4857,32.77,49.66,Rovelli Gifts,+39 035 640555,Bergamo,Italy,119600,pcastillo@classicmodelcars.com,Sales Rep,Paris,+33 1 47 23 44 04,France,EMEA,Pamela Castillo,Giovanni  Rovelli,43 Rue Jouffroy Dabbans  75017,Via Ludovico il Moro 22  24100
30,81.35,2018-02-24,2018-03-03,2018-02-26,Shipped,Difficult to negotiate with customer. We need more marketing materials,1969 Harley Davidson Ultimate Chopper,Motorcycles,1:10,Min Lin Diecast,7933,48.81,95.7,Land of Toys Inc.,+1 212-555-7818,NYC,USA,114900,gvanauf@classicmodelcars.com,Sales Rep,NYC,+1 212-555-3000,USA,,George Vanauf,Kwai Lee,523 East 53rd Street apt. 5A 10022,897 Long Airport Avenue  10022
39,105.86,2018-02-24,2018-03-03,2018-02-26,Shipped,Difficult to negotiate with customer. We need more marketing materials,1996 Moto Guzzi 1100i,Motorcycles,1:10,Highway 66 Mini Classics,6625,68.99,118.94,Land of Toys Inc.,+1 212-555-7818,NYC,USA,114900,gvanauf@classicmodelcars.com,Sales Rep,NYC,+1 212-555-3000,USA,,George Vanauf,Kwai Lee,523 East 53rd Street apt. 5A 10022,897 Long Airport Avenue  10022
27,172.36,2018-02-24,2018-03-03,2018-02-26,Shipped,Difficult to negotiate with customer. We need more marketing materials,2003 Harley-Davidson Eagle Drag Bike,Motorcycles,1:10,Red Start Diecast,5582,91.02,193.66,Land of Toys Inc.,+1 212-555-7818,NYC,USA,114900,gvanauf@classicmodelcars.com,Sales Rep,NYC,+1 212-555-3000,USA,,George Vanauf,Kwai Lee,523 East 53rd Street apt. 5A 10022,897 Long Airport Avenue  10022
21,122.0,2018-02-24,2018-03-03,2018-02-26,Shipped,Difficult to negotiate with customer. We need more marketing materials,2002 Suzuki XREO,Motorcycles,1:12,Unimax Art Galleries,9997,66.27,150.62,Land of Toys Inc.,+1 212-555-7818,NYC,USA,114900,gvanauf@classicmodelcars.com,Sales Rep,NYC,+1 212-555-3000,USA,,George Vanauf,Kwai Lee,523 East 53rd Street apt. 5A 10022,897 Long Airport Avenue  10022
29,52.7,2018-02-24,2018-03-03,2018-02-26,Shipped,Difficult to negotiate with customer. We need more marketing materials,1936 Harley Davidson El Knucklehead,Motorcycles,1:18,Welly Diecast Productions,4357,24.23,60.57,Land of Toys Inc.,+1 212-555-7818,NYC,USA,114900,gvanauf@classicmodelcars.com,Sales Rep,NYC,+1 212-555-3000,USA,,George Vanauf,Kwai Lee,523 East 53rd Street apt. 5A 10022,897 Long Airport Avenue  10022
25,96.92,2018-02-24,2018-03-03,2018-02-26,Shipped,Difficult to negotiate with customer. We need more marketing materials,1997 BMW R 1100 S,Motorcycles,1:24,Autoart Studio Design,7003,60.86,112.7,Land of Toys Inc.,+1 212-555-7818,NYC,USA,114900,gvanauf@classicmodelcars.com,Sales Rep,NYC,+1 212-555-3000,USA,,George Vanauf,Kwai Lee,523 East 53rd Street apt. 5A 10022,897 Long Airport Avenue  10022
38,73.12,2018-02-24,2018-03-03,2018-02-26,Shipped,Difficult to negotiate with customer. We need more marketing materials,1960 BSA Gold Star DBD34,Motorcycles,1:24,Highway 66 Mini Classics,15,37.32,76.17,Land of Toys Inc.,+1 212-555-7818,NYC,USA,114900,gvanauf@classicmodelcars.com,Sales Rep,NYC,+1 212-555-3000,USA,,George Vanauf,Kwai Lee,523 East 53rd Street apt. 5A 10022,897 Long Airport Avenue  10022
20,88.9,2018-02-24,2018-03-03,2018-02-26,Shipped,Difficult to negotiate with customer. We need more marketing materials,1997 BMW F650 ST,Motorcycles,1:32,Exoto Designs,178,66.92,99.89,Land of Toys Inc.,+1 212-555-7818,NYC,USA,114900,gvanauf@classicmodelcars.com,Sales Rep,NYC,+1 212-555-3000,USA,,George Vanauf,Kwai Lee,523 East 53rd Street apt. 5A 10022,897 Long Airport Avenue  10022
33,165.38,2018-03-03,2018-03-12,2018-03-08,Shipped,,1968 Ford Mustang,Classic Cars,1:12,Autoart Studio Design,68,95.34,194.57,Cruz & Sons Co.,,Makati City,Philippines,81500,mnishi@classicmodelcars.com,Sales Rep,Tokyo,+81 3-3224-5000,Japan,Japan,Mami Nishi,Arnold Cruz,4-1 Kioicho  102-8578,15 McCallum Street NatWest Center #13-03 1227 MM
45,96.3,2018-03-03,2018-03-12,2018-03-08,Shipped,,1968 Dodge Charger,Classic Cars,1:12,Welly Diecast Productions,9123,75.16,117.44,Cruz & Sons Co.,,Makati City,Philippines,81500,mnishi@classicmodelcars.com,Sales Rep,Tokyo,+81 3-3224-5000,Japan,Japan,Mami Nishi,Arnold Cruz,4-1 Kioicho  102-8578,15 McCallum Street NatWest Center #13-03 1227 MM
39,75.81,2018-03-03,2018-03-12,2018-03-08,Shipped,,1970 Plymouth Hemi Cuda,Classic Cars,1:12,Studio M Art Models,5663,31.92,79.8,Cruz & Sons Co.,,Makati City,Philippines,81500,mnishi@classicmodelcars.com,Sales Rep,Tokyo,+81 3-3224-5000,Japan,Japan,Mami Nishi,Arnold Cruz,4-1 Kioicho  102-8578,15 McCallum Street NatWest Center #13-03 1227 MM
36,107.1,2018-03-03,2018-03-12,2018-03-08,Shipped,,1969 Dodge Charger,Classic Cars,1:12,Welly Diecast Productions,7323,58.73,115.16,Cruz & Sons Co.,,Makati City,Philippines,81500,mnishi@classicmodelcars.com,Sales Rep,Tokyo,+81 3-3224-5000,Japan,Japan,Mami Nishi,Arnold Cruz,4-1 Kioicho  102-8578,15 McCallum Street NatWest Center #13-03 1227 MM
38,67.76,2018-03-03,2018-03-12,2018-03-08,Shipped,,1948 Porsche 356-A Roadster,Classic Cars,1:18,Gearbox Collectibles,8826,53.9,77.0,Cruz & Sons Co.,,Makati City,Philippines,81500,mnishi@classicmodelcars.com,Sales Rep,Tokyo,+81 3-3224-5000,Japan,Japan,Mami Nishi,Arnold Cruz,4-1 Kioicho  102-8578,15 McCallum Street NatWest Center #13-03 1227 MM
26,73.17,2018-03-03,2018-03-12,2018-03-08,Shipped,,1969 Dodge Super Bee,Classic Cars,1:18,Min Lin Diecast,1917,49.05,80.41,Cruz & Sons Co.,,Makati City,Philippines,81500,mnishi@classicmodelcars.com,Sales Rep,Tokyo,+81 3-3224-5000,Japan,Japan,Mami Nishi,Arnold Cruz,4-1 Kioicho  102-8578,15 McCallum Street NatWest Center #13-03 1227 MM
29,132.29,2018-03-03,2018-03-12,2018-03-08,Shipped,,1976 Ford Gran Torino,Classic Cars,1:18,Gearbox Collectibles,9127,73.49,146.99,Cruz & Sons Co.,,Makati City,Philippines,81500,mnishi@classicmodelcars.com,Sales Rep,Tokyo,+81 3-3224-5000,Japan,Japan,Mami Nishi,Arnold Cruz,4-1 Kioicho  102-8578,15 McCallum Street NatWest Center #13-03 1227 MM
43,52.84,2018-03-03,2018-03-12,2018-03-08,Shipped,,1957 Vespa GS150,Motorcycles,1:18,Studio M Art Models,7689,32.95,62.17,Cruz & Sons Co.,,Makati City,Philippines,81500,mnishi@classicmodelcars.com,Sales Rep,Tokyo,+81 3-3224-5000,Japan,Japan,Mami Nishi,Arnold Cruz,4-1 Kioicho  102-8578,15 McCallum Street NatWest Center #13-03 1227 MM
44,139.87,2018-03-03,2018-03-12,2018-03-08,Shipped,,1957 Corvette Convertible,Classic Cars,1:18,Classic Metal Creations,1249,69.93,148.8,Cruz & Sons Co.,,Makati City,Philippines,81500,mnishi@classicmodelcars.com,Sales Rep,Tokyo,+81 3-3224-5000,Japan,Japan,Mami Nishi,Arnold Cruz,4-1 Kioicho  102-8578,15 McCallum Street NatWest Center #13-03 1227 MM
35,64.41,2018-03-03,2018-03-12,2018-03-08,Shipped,,1982 Ducati 900 Monster,Motorcycles,1:24,Highway 66 Mini Classics,6840,47.1,69.26,Cruz & Sons Co.,,Makati City,Philippines,81500,mnishi@classicmodelcars.com,Sales Rep,Tokyo,+81 3-3224-5000,Japan,Japan,Mami Nishi,Arnold Cruz,4-1 Kioicho  102-8578,15 McCallum Street NatWest Center #13-03 1227 MM
30,60.01,2018-03-03,2018-03-12,2018-03-08,Shipped,,1971 Alpine Renault 1600s,Classic Cars,1:24,Welly Diecast Productions,7995,38.58,61.23,Cruz & Sons Co.,,Makati City,Philippines,81500,mnishi@classicmodelcars.com,Sales Rep,Tokyo,+81 3-3224-5000,Japan,Japan,Mami Nishi,Arnold Cruz,4-1 Kioicho  102-8578,15 McCallum Street NatWest Center #13-03 1227 MM
40,132.0,2018-03-03,2018-03-12,2018-03-08,Shipped,,1956 Porsche 356A Coupe,Classic Cars,1:18,Classic Metal Creations,6600,98.3,140.43,Cruz & Sons Co.,,Makati City,Philippines,81500,mnishi@classicmodelcars.com,Sales Rep,Tokyo,+81 3-3224-5000,Japan,Japan,Mami Nishi,Arnold Cruz,4-1 Kioicho  102-8578,15 McCallum Street NatWest Center #13-03 1227 MM
31,67.1,2018-03-03,2018-03-12,2018-03-08,Shipped,,1961 Chevrolet Impala,Classic Cars,1:18,Classic Metal Creations,7869,32.33,80.84,Cruz & Sons Co.,,Makati City,Philippines,81500,mnishi@classicmodelcars.com,Sales Rep,Tokyo,+81 3-3224-5000,Japan,Japan,Mami Nishi,Arnold Cruz,4-1 Kioicho  102-8578,15 McCallum Street NatWest Center #13-03 1227 MM
27,36.21,2018-03-03,2018-03-12,2018-03-08,Shipped,,1982 Ducati 996 R,Motorcycles,1:32,Gearbox Collectibles,9241,24.14,40.23,Cruz & Sons Co.,,Makati City,Philippines,81500,mnishi@classicmodelcars.com,Sales Rep,Tokyo,+81 3-3224-5000,Japan,Japan,Mami Nishi,Arnold Cruz,4-1 Kioicho  102-8578,15 McCallum Street NatWest Center #13-03 1227 MM
31,87.76,2018-03-03,2018-03-12,2018-03-08,Shipped,,1974 Ducati 350 Mk3 Desmo,Motorcycles,1:32,Second Gear Diecast,3341,56.13,102.05,Cruz & Sons Co.,,Makati City,Philippines,81500,mnishi@classicmodelcars.com,Sales Rep,Tokyo,+81 3-3224-5000,Japan,Japan,Mami Nishi,Arnold Cruz,4-1 Kioicho  102-8578,15 McCallum Street NatWest Center #13-03 1227 MM
34,74.85,2018-03-03,2018-03-12,2018-03-08,Shipped,,2002 Yamaha YZR M1,Motorcycles,1:50,Autoart Studio Design,600,34.17,81.36,Cruz & Sons Co.,,Makati City,Philippines,81500,mnishi@classicmodelcars.com,Sales Rep,Tokyo,+81 3-3224-5000,Japan,Japan,Mami Nishi,Arnold Cruz,4-1 Kioicho  102-8578,15 McCallum Street NatWest Center #13-03 1227 MM
26,117.48,2018-03-10,2018-03-19,2018-03-11,Shipped,Customer requested that FedEx Ground is used for this shipping,1993 Mazda RX-7,Classic Cars,1:18,Highway 66 Mini Classics,3975,83.51,141.54,Motor Mint Distributors Inc.,+1 215-555-9857,Philadelphia,USA,72600,gvanauf@classicmodelcars.com,Sales Rep,NYC,+1 212-555-3000,USA,,George Vanauf,Rosa Salazar,523 East 53rd Street apt. 5A 10022,11328 Douglas Av.  71270
38,137.98,2018-03-10,2018-03-19,2018-03-11,Shipped,Customer requested that FedEx Ground is used for this shipping,1995 Honda Civic,Classic Cars,1:18,Min Lin Diecast,9772,93.89,142.25,Motor Mint Distributors Inc.,+1 215-555-9857,Philadelphia,USA,72600,gvanauf@classicmodelcars.com,Sales Rep,NYC,+1 212-555-3000,USA,,George Vanauf,Rosa Salazar,523 East 53rd Street apt. 5A 10022,11328 Douglas Av.  71270
26,126.72,2018-03-10,2018-03-19,2018-03-11,Shipped,Customer requested that FedEx Ground is used for this shipping,1999 Indy 500 Monte Carlo SS,Classic Cars,1:18,Red Start Diecast,8164,56.76,132.0,Motor Mint Distributors Inc.,+1 215-555-9857,Philadelphia,USA,72600,gvanauf@classicmodelcars.com,Sales Rep,NYC,+1 212-555-3000,USA,,George Vanauf,Rosa Salazar,523 East 53rd Street apt. 5A 10022,11328 Douglas Av.  71270
46,160.87,2018-03-10,2018-03-19,2018-03-11,Shipped,Customer requested that FedEx Ground is used for this shipping,1992 Ferrari 360 Spider red,Classic Cars,1:18,Unimax Art Galleries,8347,77.9,169.34,Motor Mint Distributors Inc.,+1 215-555-9857,Philadelphia,USA,72600,gvanauf@classicmodelcars.com,Sales Rep,NYC,+1 212-555-3000,USA,,George Vanauf,Rosa Salazar,523 East 53rd Street apt. 5A 10022,11328 Douglas Av.  71270
47,125.74,2018-03-10,2018-03-19,2018-03-11,Shipped,Customer requested that FedEx Ground is used for this shipping,1948 Porsche Type 356 Roadster,Classic Cars,1:18,Gearbox Collectibles,8990,62.16,141.28,Motor Mint Distributors Inc.,+1 215-555-9857,Philadelphia,USA,72600,gvanauf@classicmodelcars.com,Sales Rep,NYC,+1 212-555-3000,USA,,George Vanauf,Rosa Salazar,523 East 53rd Street apt. 5A 10022,11328 Douglas Av.  71270
29,32.1,2018-03-10,2018-03-19,2018-03-11,Shipped,Customer requested that FedEx Ground is used for this shipping,1982 Lamborghini Diablo,Classic Cars,1:24,Second Gear Diecast,7723,16.24,37.76,Motor Mint Distributors Inc.,+1 215-555-9857,Philadelphia,USA,72600,gvanauf@classicmodelcars.com,Sales Rep,NYC,+1 212-555-3000,USA,,George Vanauf,Rosa Salazar,523 East 53rd Street apt. 5A 10022,11328 Douglas Av.  71270
37,118.22,2018-03-18,2018-03-24,2018-03-20,Shipped,,1965 Aston Martin DB5,Classic Cars,1:18,Classic Metal Creations,9042,65.96,124.44,"AV Stores, Co.",,Manchester,UK,136800,lbott@classicmodelcars.com,Sales Rep,London,+44 20 7877 2041,UK,EMEA,Larry Bott,Rachel Ashworth,25 Old Broad Street Level 7 EC2N 1HN,Fauntleroy Circus  EC2 5NT
42,153.0,2018-03-18,2018-03-24,2018-03-20,Shipped,,1917 Grand Touring Sedan,Vintage Cars,1:18,Welly Diecast Productions,2724,86.7,170.0,"AV Stores, Co.",,Manchester,UK,136800,lbott@classicmodelcars.com,Sales Rep,London,+44 20 7877 2041,UK,EMEA,Larry Bott,Rachel Ashworth,25 Old Broad Street Level 7 EC2N 1HN,Fauntleroy Circus  EC2 5NT
32,51.46,2018-03-18,2018-03-24,2018-03-20,Shipped,,1911 Ford Town Car,Vintage Cars,1:18,Motor City Art Classics,540,33.3,60.54,"AV Stores, Co.",,Manchester,UK,136800,lbott@classicmodelcars.com,Sales Rep,London,+44 20 7877 2041,UK,EMEA,Larry Bott,Rachel Ashworth,25 Old Broad Street Level 7 EC2N 1HN,Fauntleroy Circus  EC2 5NT
33,115.69,2018-03-18,2018-03-24,2018-03-20,Shipped,,1932 Model A Ford J-Coupe,Vintage Cars,1:18,Autoart Studio Design,9354,58.48,127.13,"AV Stores, Co.",,Manchester,UK,136800,lbott@classicmodelcars.com,Sales Rep,London,+44 20 7877 2041,UK,EMEA,Larry Bott,Rachel Ashworth,25 Old Broad Street Level 7 EC2N 1HN,Fauntleroy Circus  EC2 5NT
31,163.69,2018-03-18,2018-03-24,2018-03-20,Shipped,,1928 Mercedes-Benz SSK,Vintage Cars,1:18,Gearbox Collectibles,548,72.56,168.75,"AV Stores, Co.",,Manchester,UK,136800,lbott@classicmodelcars.com,Sales Rep,London,+44 20 7877 2041,UK,EMEA,Larry Bott,Rachel Ashworth,25 Old Broad Street Level 7 EC2N 1HN,Fauntleroy Circus  EC2 5NT
28,81.91,2018-03-18,2018-03-24,2018-03-20,Shipped,,1932 Alfa Romeo 8C2300 Spider Sport,Vintage Cars,1:18,Exoto Designs,6553,43.26,92.03,"AV Stores, Co.",,Manchester,UK,136800,lbott@classicmodelcars.com,Sales Rep,London,+44 20 7877 2041,UK,EMEA,Larry Bott,Rachel Ashworth,25 Old Broad Street Level 7 EC2N 1HN,Fauntleroy Circus  EC2 5NT
42,62.0,2018-03-18,2018-03-24,2018-03-20,Shipped,,1957 Ford Thunderbird,Classic Cars,1:18,Studio M Art Models,3209,34.21,71.27,"AV Stores, Co.",,Manchester,UK,136800,lbott@classicmodelcars.com,Sales Rep,London,+44 20 7877 2041,UK,EMEA,Larry Bott,Rachel Ashworth,25 Old Broad Street Level 7 EC2N 1HN,Fauntleroy Circus  EC2 5NT
36,72.02,2018-03-18,2018-03-24,2018-03-20,Shipped,,1970 Chevy Chevelle SS 454,Classic Cars,1:24,Unimax Art Galleries,1005,49.24,73.49,"AV Stores, Co.",,Manchester,UK,136800,lbott@classicmodelcars.com,Sales Rep,London,+44 20 7877 2041,UK,EMEA,Larry Bott,Rachel Ashworth,25 Old Broad Street Level 7 EC2N 1HN,Fauntleroy Circus  EC2 5NT
29,43.27,2018-03-18,2018-03-24,2018-03-20,Shipped,,1966 Shelby Cobra 427 S/C,Classic Cars,1:24,Carousel DieCast Legends,8197,29.18,50.31,"AV Stores, Co.",,Manchester,UK,136800,lbott@classicmodelcars.com,Sales Rep,London,+44 20 7877 2041,UK,EMEA,Larry Bott,Rachel Ashworth,25 Old Broad Street Level 7 EC2N 1HN,Fauntleroy Circus  EC2 5NT
20,28.88,2018-03-18,2018-03-24,2018-03-20,Shipped,,1939 Chevrolet Deluxe Coupe,Vintage Cars,1:24,Motor City Art Classics,7332,22.57,33.19,"AV Stores, Co.",,Manchester,UK,136800,lbott@classicmodelcars.com,Sales Rep,London,+44 20 7877 2041,UK,EMEA,Larry Bott,Rachel Ashworth,25 Old Broad Street Level 7 EC2N 1HN,Fauntleroy Circus  EC2 5NT
39,40.77,2018-03-18,2018-03-24,2018-03-20,Shipped,,1938 Cadillac V-16 Presidential Limousine,Vintage Cars,1:24,Classic Metal Creations,2847,20.61,44.8,"AV Stores, Co.",,Manchester,UK,136800,lbott@classicmodelcars.com,Sales Rep,London,+44 20 7877 2041,UK,EMEA,Larry Bott,Rachel Ashworth,25 Old Broad Street Level 7 EC2N 1HN,Fauntleroy Circus  EC2 5NT
43,82.69,2018-03-18,2018-03-24,2018-03-20,Shipped,,1949 Jaguar XK 120,Classic Cars,1:24,Classic Metal Creations,2350,47.25,90.87,"AV Stores, Co.",,Manchester,UK,136800,lbott@classicmodelcars.com,Sales Rep,London,+44 20 7877 2041,UK,EMEA,Larry Bott,Rachel Ashworth,25 Old Broad Street Level 7 EC2N 1HN,Fauntleroy Circus  EC2 5NT
46,112.74,2018-03-18,2018-03-24,2018-03-20,Shipped,,1952 Citroen-15CV,Classic Cars,1:24,Exoto Designs,1452,72.82,117.44,"AV Stores, Co.",,Manchester,UK,136800,lbott@classicmodelcars.com,Sales Rep,London,+44 20 7877 2041,UK,EMEA,Larry Bott,Rachel Ashworth,25 Old Broad Street Level 7 EC2N 1HN,Fauntleroy Circus  EC2 5NT
27,80.47,2018-03-18,2018-03-24,2018-03-20,Shipped,,1969 Chevrolet Camaro Z28,Classic Cars,1:24,Exoto Designs,4695,50.51,85.61,"AV Stores, Co.",,Manchester,UK,136800,lbott@classicmodelcars.com,Sales Rep,London,+44 20 7877 2041,UK,EMEA,Larry Bott,Rachel Ashworth,25 Old Broad Street Level 7 EC2N 1HN,Fauntleroy Circus  EC2 5NT
37,96.37,2018-03-18,2018-03-24,2018-03-20,Shipped,,2002 Chevy Corvette,Classic Cars,1:24,Gearbox Collectibles,9446,62.11,107.08,"AV Stores, Co.",,Manchester,UK,136800,lbott@classicmodelcars.com,Sales Rep,London,+44 20 7877 2041,UK,EMEA,Larry Bott,Rachel Ashworth,25 Old Broad Street Level 7 EC2N 1HN,Fauntleroy Circus  EC2 5NT
48,35.29,2018-03-18,2018-03-24,2018-03-20,Shipped,,1936 Mercedes Benz 500k Roadster,Vintage Cars,1:24,Red Start Diecast,2081,21.75,41.03,"AV Stores, Co.",,Manchester,UK,136800,lbott@classicmodelcars.com,Sales Rep,London,+44 20 7877 2041,UK,EMEA,Larry Bott,Rachel Ashworth,25 Old Broad Street Level 7 EC2N 1HN,Fauntleroy Circus  EC2 5NT
33,87.33,2018-03-25,2018-03-31,2018-03-30,Shipped,,1937 Lincoln Berline,Vintage Cars,1:18,Motor City Art Classics,8693,60.62,102.74,Mini Wheels Co.,+1 650-555-5787,San Francisco,USA,64600,ljennings@classicmodelcars.com,Sales Rep,San Francisco,+1 650-219-4782,USA,,Leslie Jennings,Julie Murphy,100 Market Street Suite 300 94080,5557 North Pendale Street  94217
48,48.52,2018-03-25,2018-03-31,2018-03-30,Shipped,,1936 Mercedes-Benz 500K Special Roadster,Vintage Cars,1:18,Studio M Art Models,8635,24.26,53.91,Mini Wheels Co.,+1 650-555-5787,San Francisco,USA,64600,ljennings@classicmodelcars.com,Sales Rep,San Francisco,+1 650-219-4782,USA,,Leslie Jennings,Julie Murphy,100 Market Street Suite 300 94080,5557 North Pendale Street  94217
28,53.09,2018-03-25,2018-03-31,2018-03-30,Shipped,,1934 Ford V8 Coupe,Vintage Cars,1:18,Min Lin Diecast,5649,34.35,62.46,Mini Wheels Co.,+1 650-555-5787,San Francisco,USA,64600,ljennings@classicmodelcars.com,Sales Rep,San Francisco,+1 650-219-4782,USA,,Leslie Jennings,Julie Murphy,100 Market Street Suite 300 94080,5557 North Pendale Street  94217
43,94.25,2018-03-25,2018-03-31,2018-03-30,Shipped,,18th Century Vintage Horse Carriage,Vintage Cars,1:18,Red Start Diecast,5992,60.74,104.72,Mini Wheels Co.,+1 650-555-5787,San Francisco,USA,64600,ljennings@classicmodelcars.com,Sales Rep,San Francisco,+1 650-219-4782,USA,,Leslie Jennings,Julie Murphy,100 Market Street Suite 300 94080,5557 North Pendale Street  94217
39,91.27,2018-03-25,2018-03-31,2018-03-30,Shipped,,1917 Maxwell Touring Car,Vintage Cars,1:18,Exoto Designs,7913,57.54,99.21,Mini Wheels Co.,+1 650-555-5787,San Francisco,USA,64600,ljennings@classicmodelcars.com,Sales Rep,San Francisco,+1 650-219-4782,USA,,Leslie Jennings,Julie Murphy,100 Market Street Suite 300 94080,5557 North Pendale Street  94217
26,85.7,2018-03-25,2018-03-31,2018-03-30,Shipped,,1936 Chrysler Airflow,Vintage Cars,1:24,Second Gear Diecast,4710,57.46,97.39,Mini Wheels Co.,+1 650-555-5787,San Francisco,USA,64600,ljennings@classicmodelcars.com,Sales Rep,San Francisco,+1 650-219-4782,USA,,Leslie Jennings,Julie Murphy,100 Market Street Suite 300 94080,5557 North Pendale Street  94217
29,197.16,2018-03-24,2018-04-03,2018-03-29,Shipped,"Customer requested that ad materials (such as posters, pamphlets) be included in the shippment",1952 Alpine Renault 1300,Classic Cars,1:10,Classic Metal Creations,7305,98.58,214.3,"Volvo Model Replicas, Co",+46 921 12 35 55,Luleå,Sweden,53100,bjones@classicmodelcars.com,Sales Rep,London,+44 20 7877 2041,UK,EMEA,Barry Jones,Christina  Berglund,25 Old Broad Street Level 7 EC2N 1HN,Berguvsvägen  8  S-958 22
23,85.1,2018-03-24,2018-04-03,2018-03-29,Shipped,"Customer requested that ad materials (such as posters, pamphlets) be included in the shippment",1913 Ford Model T Speedster,Vintage Cars,1:18,Carousel DieCast Legends,4189,60.78,101.31,"Volvo Model Replicas, Co",+46 921 12 35 55,Luleå,Sweden,53100,bjones@classicmodelcars.com,Sales Rep,London,+44 20 7877 2041,UK,EMEA,Barry Jones,Christina  Berglund,25 Old Broad Street Level 7 EC2N 1HN,Berguvsvägen  8  S-958 22
21,121.64,2018-03-26,2018-04-02,2018-03-27,Shipped,,1958 Setra Bus,Trucks and Buses,1:12,Welly Diecast Productions,1579,77.9,136.67,Mini Gifts Distributors Ltd.,+1 415-555-1450,San Rafael,USA,210500,ljennings@classicmodelcars.com,Sales Rep,San Francisco,+1 650-219-4782,USA,,Leslie Jennings,Susan Nelson,100 Market Street Suite 300 94080,5677 Strong St.  97562
49,101.5,2018-03-26,2018-04-02,2018-03-27,Shipped,,1940 Ford Pickup Truck,Trucks and Buses,1:18,Studio M Art Models,2613,58.33,116.67,Mini Gifts Distributors Ltd.,+1 415-555-1450,San Rafael,USA,210500,ljennings@classicmodelcars.com,Sales Rep,San Francisco,+1 650-219-4782,USA,,Leslie Jennings,Susan Nelson,100 Market Street Suite 300 94080,5677 Strong St.  97562
50,43.27,2018-03-26,2018-04-02,2018-03-27,Shipped,,1939 Cadillac Limousine,Vintage Cars,1:18,Studio M Art Models,6645,23.14,50.31,Mini Gifts Distributors Ltd.,+1 415-555-1450,San Rafael,USA,210500,ljennings@classicmodelcars.com,Sales Rep,San Francisco,+1 650-219-4782,USA,,Leslie Jennings,Susan Nelson,100 Market Street Suite 300 94080,5677 Strong St.  97562
23,58.82,2018-03-26,2018-04-02,2018-03-27,Shipped,,1996 Peterbilt 379 Stake Bed with Outrigger,Trucks and Buses,1:32,Red Start Diecast,814,33.61,64.64,Mini Gifts Distributors Ltd.,+1 415-555-1450,San Rafael,USA,210500,ljennings@classicmodelcars.com,Sales Rep,San Francisco,+1 650-219-4782,USA,,Leslie Jennings,Susan Nelson,100 Market Street Suite 300 94080,5677 Strong St.  97562
31,128.53,2018-04-01,2018-04-07,2018-04-02,Shipped,,1962 LanciaA Delta 16V,Classic Cars,1:10,Second Gear Diecast,6791,103.42,147.74,"La Corne Dabondance, Co.",+33 1 42 34 25 55,Paris,France,84300,lbondur@classicmodelcars.com,Sales Rep,Paris,+33 1 47 23 44 04,France,EMEA,Loui Bondur,Marie Bertrand,43 Rue Jouffroy Dabbans  75017,"265, boulevard Charonne  75012"
39,106.78,2018-04-01,2018-04-07,2018-04-02,Shipped,,1964 Mercedes Tour Bus,Trucks and Buses,1:18,Unimax Art Galleries,8258,74.86,122.73,"La Corne Dabondance, Co.",+33 1 42 34 25 55,Paris,France,84300,lbondur@classicmodelcars.com,Sales Rep,Paris,+33 1 47 23 44 04,France,EMEA,Loui Bondur,Marie Bertrand,43 Rue Jouffroy Dabbans  75017,"265, boulevard Charonne  75012"
45,53.48,2018-04-01,2018-04-07,2018-04-02,Shipped,,1926 Ford Fire Engine,Trucks and Buses,1:18,Carousel DieCast Legends,2019,24.92,60.77,"La Corne Dabondance, Co.",+33 1 42 34 25 55,Paris,France,84300,lbondur@classicmodelcars.com,Sales Rep,Paris,+33 1 47 23 44 04,France,EMEA,Loui Bondur,Marie Bertrand,43 Rue Jouffroy Dabbans  75017,"265, boulevard Charonne  75012"
48,169.34,2018-04-01,2018-04-07,2018-04-02,Shipped,,1992 Ferrari 360 Spider red,Classic Cars,1:18,Unimax Art Galleries,8347,77.9,169.34,"La Corne Dabondance, Co.",+33 1 42 34 25 55,Paris,France,84300,lbondur@classicmodelcars.com,Sales Rep,Paris,+33 1 47 23 44 04,France,EMEA,Loui Bondur,Marie Bertrand,43 Rue Jouffroy Dabbans  75017,"265, boulevard Charonne  75012"
41,105.34,2018-04-01,2018-04-07,2018-04-02,Shipped,,1940s Ford truck,Trucks and Buses,1:18,Motor City Art Classics,3128,84.76,121.08,"La Corne Dabondance, Co.",+33 1 42 34 25 55,Paris,France,84300,lbondur@classicmodelcars.com,Sales Rep,Paris,+33 1 47 23 44 04,France,EMEA,Loui Bondur,Marie Bertrand,43 Rue Jouffroy Dabbans  75017,"265, boulevard Charonne  75012"
21,102.23,2018-04-01,2018-04-07,2018-04-02,Shipped,,1962 Volkswagen Microbus,Trucks and Buses,1:24,Autoart Studio Design,2327,61.34,127.79,"La Corne Dabondance, Co.",+33 1 42 34 25 55,Paris,France,84300,lbondur@classicmodelcars.com,Sales Rep,Paris,+33 1 47 23 44 04,France,EMEA,Loui Bondur,Marie Bertrand,43 Rue Jouffroy Dabbans  75017,"265, boulevard Charonne  75012"
24,28.64,2018-04-01,2018-04-07,2018-04-02,Shipped,,1958 Chevy Corvette Limited Edition,Classic Cars,1:24,Carousel DieCast Legends,2542,15.91,35.36,"La Corne Dabondance, Co.",+33 1 42 34 25 55,Paris,France,84300,lbondur@classicmodelcars.com,Sales Rep,Paris,+33 1 47 23 44 04,France,EMEA,Loui Bondur,Marie Bertrand,43 Rue Jouffroy Dabbans  75017,"265, boulevard Charonne  75012"
32,88.61,2018-04-01,2018-04-07,2018-04-02,Shipped,,1980’s GM Manhattan Express,Trucks and Buses,1:32,Motor City Art Classics,5099,53.93,96.31,"La Corne Dabondance, Co.",+33 1 42 34 25 55,Paris,France,84300,lbondur@classicmodelcars.com,Sales Rep,Paris,+33 1 47 23 44 04,France,EMEA,Loui Bondur,Marie Bertrand,43 Rue Jouffroy Dabbans  75017,"265, boulevard Charonne  75012"
28,43.83,2018-04-01,2018-04-07,2018-04-02,Shipped,,1954 Greyhound Scenicruiser,Trucks and Buses,1:32,Classic Metal Creations,2874,25.98,54.11,"La Corne Dabondance, Co.",+33 1 42 34 25 55,Paris,France,84300,lbondur@classicmodelcars.com,Sales Rep,Paris,+33 1 47 23 44 04,France,EMEA,Loui Bondur,Marie Bertrand,43 Rue Jouffroy Dabbans  75017,"265, boulevard Charonne  75012"
42,82.94,2018-04-01,2018-04-07,2018-04-02,Shipped,,1982 Camaro Z28,Classic Cars,1:18,Carousel DieCast Legends,6934,46.53,101.15,"La Corne Dabondance, Co.",+33 1 42 34 25 55,Paris,France,84300,lbondur@classicmodelcars.com,Sales Rep,Paris,+33 1 47 23 44 04,France,EMEA,Loui Bondur,Marie Bertrand,43 Rue Jouffroy Dabbans  75017,"265, boulevard Charonne  75012"
46,111.39,2018-04-04,2018-04-12,2018-04-07,Shipped,,1957 Chevy Pickup,Trucks and Buses,1:12,Exoto Designs,6125,55.7,118.5,Classic Legends Inc.,+1 212-555-8493,NYC,USA,67500,ftseng@classicmodelcars.com,Sales Rep,NYC,+1 212-555-3000,USA,,Foon Yue Tseng,Maria Hernandez,523 East 53rd Street apt. 5A 10022,5905 Pompton St. Suite 750 10022
46,140.81,2018-04-04,2018-04-12,2018-04-07,Shipped,,1998 Chrysler Plymouth Prowler,Classic Cars,1:18,Gearbox Collectibles,4724,101.51,163.73,Classic Legends Inc.,+1 212-555-8493,NYC,USA,67500,ftseng@classicmodelcars.com,Sales Rep,NYC,+1 212-555-3000,USA,,Foon Yue Tseng,Maria Hernandez,523 East 53rd Street apt. 5A 10022,5905 Pompton St. Suite 750 10022
47,56.64,2018-04-04,2018-04-12,2018-04-07,Shipped,,1970 Dodge Coronet,Classic Cars,1:24,Highway 66 Mini Classics,4074,32.37,57.8,Classic Legends Inc.,+1 212-555-8493,NYC,USA,67500,ftseng@classicmodelcars.com,Sales Rep,NYC,+1 212-555-3000,USA,,Foon Yue Tseng,Maria Hernandez,523 East 53rd Street apt. 5A 10022,5905 Pompton St. Suite 750 10022
44,106.45,2018-04-04,2018-04-12,2018-04-07,Shipped,,1992 Porsche Cayenne Turbo Silver,Classic Cars,1:24,Exoto Designs,6582,69.78,118.28,Classic Legends Inc.,+1 212-555-8493,NYC,USA,67500,ftseng@classicmodelcars.com,Sales Rep,NYC,+1 212-555-3000,USA,,Foon Yue Tseng,Maria Hernandez,523 East 53rd Street apt. 5A 10022,5905 Pompton St. Suite 750 10022
27,100.7,2018-04-04,2018-04-12,2018-04-07,Shipped,,Diamond T620 Semi-Skirted Tanker,Trucks and Buses,1:50,Highway 66 Mini Classics,1016,68.29,115.75,Classic Legends Inc.,+1 212-555-8493,NYC,USA,67500,ftseng@classicmodelcars.com,Sales Rep,NYC,+1 212-555-3000,USA,,Foon Yue Tseng,Maria Hernandez,523 East 53rd Street apt. 5A 10022,5905 Pompton St. Suite 750 10022
27,60.28,2018-04-11,2018-04-19,2018-04-13,Shipped,,1950s Chicago Surface Lines Streetcar,Trains,1:32,Gearbox Collectibles,8601,26.72,62.14,Royale Belge,,Charleroi,Belgium,23500,pcastillo@classicmodelcars.com,Sales Rep,Paris,+33 1 47 23 44 04,France,EMEA,Pamela Castillo,Pascale  Cartrain,43 Rue Jouffroy Dabbans  75017,"Boulevard Tirou, 255  B-6000"
33,195.33,2018-04-16,2018-04-24,2018-04-17,Shipped,,2001 Ferrari Enzo,Classic Cars,1:12,Second Gear Diecast,3619,95.59,207.8,"Dragon Souveniers, Ltd.",,Singapore,Singapore,103800,mnishi@classicmodelcars.com,Sales Rep,Tokyo,+81 3-3224-5000,Japan,Japan,Mami Nishi,Eric Natividad,4-1 Kioicho  102-8578,Bronz Sok. Bronz Apt. 3/6 Tesvikiye 79903
43,148.06,2018-04-16,2018-04-24,2018-04-17,Shipped,,1969 Corvair Monza,Classic Cars,1:18,Welly Diecast Productions,6906,89.14,151.08,"Dragon Souveniers, Ltd.",,Singapore,Singapore,103800,mnishi@classicmodelcars.com,Sales Rep,Tokyo,+81 3-3224-5000,Japan,Japan,Mami Nishi,Eric Natividad,4-1 Kioicho  102-8578,Bronz Sok. Bronz Apt. 3/6 Tesvikiye 79903
39,173.02,2018-04-16,2018-04-24,2018-04-17,Shipped,,1969 Ford Falcon,Classic Cars,1:12,Second Gear Diecast,1049,83.05,173.02,"Dragon Souveniers, Ltd.",,Singapore,Singapore,103800,mnishi@classicmodelcars.com,Sales Rep,Tokyo,+81 3-3224-5000,Japan,Japan,Mami Nishi,Eric Natividad,4-1 Kioicho  102-8578,Bronz Sok. Bronz Apt. 3/6 Tesvikiye 79903
26,121.57,2018-04-16,2018-04-24,2018-04-17,Shipped,,1903 Ford Model A,Vintage Cars,1:18,Unimax Art Galleries,3913,68.3,136.59,"Dragon Souveniers, Ltd.",,Singapore,Singapore,103800,mnishi@classicmodelcars.com,Sales Rep,Tokyo,+81 3-3224-5000,Japan,Japan,Mami Nishi,Eric Natividad,4-1 Kioicho  102-8578,Bronz Sok. Bronz Apt. 3/6 Tesvikiye 79903
21,81.68,2018-04-16,2018-04-24,2018-04-17,Shipped,,Collectable Wooden Train,Trains,1:18,Carousel DieCast Legends,6450,67.56,100.84,"Dragon Souveniers, Ltd.",,Singapore,Singapore,103800,mnishi@classicmodelcars.com,Sales Rep,Tokyo,+81 3-3224-5000,Japan,Japan,Mami Nishi,Eric Natividad,4-1 Kioicho  102-8578,Bronz Sok. Bronz Apt. 3/6 Tesvikiye 79903
22,122.08,2018-04-16,2018-04-24,2018-04-17,Shipped,,1970 Triumph Spitfire,Classic Cars,1:18,Min Lin Diecast,5545,91.92,143.62,"Dragon Souveniers, Ltd.",,Singapore,Singapore,103800,mnishi@classicmodelcars.com,Sales Rep,Tokyo,+81 3-3224-5000,Japan,Japan,Mami Nishi,Eric Natividad,4-1 Kioicho  102-8578,Bronz Sok. Bronz Apt. 3/6 Tesvikiye 79903
23,73.73,2018-04-16,2018-04-24,2018-04-17,Shipped,,1904 Buick Runabout,Vintage Cars,1:18,Exoto Designs,8290,52.66,87.77,"Dragon Souveniers, Ltd.",,Singapore,Singapore,103800,mnishi@classicmodelcars.com,Sales Rep,Tokyo,+81 3-3224-5000,Japan,Japan,Mami Nishi,Eric Natividad,4-1 Kioicho  102-8578,Bronz Sok. Bronz Apt. 3/6 Tesvikiye 79903
41,119.2,2018-04-16,2018-04-24,2018-04-17,Shipped,,18th century schooner,Ships,1:24,Carousel DieCast Legends,1898,82.34,122.89,"Dragon Souveniers, Ltd.",,Singapore,Singapore,103800,mnishi@classicmodelcars.com,Sales Rep,Tokyo,+81 3-3224-5000,Japan,Japan,Mami Nishi,Eric Natividad,4-1 Kioicho  102-8578,Bronz Sok. Bronz Apt. 3/6 Tesvikiye 79903
21,55.65,2018-04-16,2018-04-24,2018-04-17,Shipped,,1962 City of Detroit Streetcar,Trains,1:50,Classic Metal Creations,1645,37.49,58.58,"Dragon Souveniers, Ltd.",,Singapore,Singapore,103800,mnishi@classicmodelcars.com,Sales Rep,Tokyo,+81 3-3224-5000,Japan,Japan,Mami Nishi,Eric Natividad,4-1 Kioicho  102-8578,Bronz Sok. Bronz Apt. 3/6 Tesvikiye 79903
38,75.35,2018-04-16,2018-04-24,2018-04-17,Shipped,,The Mayflower,Ships,1:700,Studio M Art Models,737,43.3,86.61,"Dragon Souveniers, Ltd.",,Singapore,Singapore,103800,mnishi@classicmodelcars.com,Sales Rep,Tokyo,+81 3-3224-5000,Japan,Japan,Mami Nishi,Eric Natividad,4-1 Kioicho  102-8578,Bronz Sok. Bronz Apt. 3/6 Tesvikiye 79903
45,89.38,2018-04-16,2018-04-24,2018-04-17,Shipped,,The Queen Mary,Ships,1:700,Welly Diecast Productions,5088,53.63,99.31,"Dragon Souveniers, Ltd.",,Singapore,Singapore,103800,mnishi@classicmodelcars.com,Sales Rep,Tokyo,+81 3-3224-5000,Japan,Japan,Mami Nishi,Eric Natividad,4-1 Kioicho  102-8578,Bronz Sok. Bronz Apt. 3/6 Tesvikiye 79903
50,52.42,2018-04-16,2018-04-24,2018-04-17,Shipped,,Pont Yacht,Ships,1:72,Unimax Art Galleries,414,33.3,54.6,"Dragon Souveniers, Ltd.",,Singapore,Singapore,103800,mnishi@classicmodelcars.com,Sales Rep,Tokyo,+81 3-3224-5000,Japan,Japan,Mami Nishi,Eric Natividad,4-1 Kioicho  102-8578,Bronz Sok. Bronz Apt. 3/6 Tesvikiye 79903
36,86.15,2018-04-21,2018-04-29,2018-04-26,Shipped,Customer has worked with some of our vendors in the past and is aware of their MSRP,The Titanic,Ships,1:700,Carousel DieCast Legends,1956,51.09,100.17,Enaco Distributors,+34 932 03 45 55,Barcelona,Spain,60300,mgerard@classicmodelcars.com,Sales Rep,Paris,+33 1 47 23 44 04,France,EMEA,Martin Gerard,Eduardo  Saavedra,43 Rue Jouffroy Dabbans  75017,"Rambla de Cataluña, 23  8022"
46,112.88,2018-04-28,2018-05-05,2018-05-02,Shipped,,1972 Alfa Romeo GTA,Classic Cars,1:10,Motor City Art Classics,3252,85.68,136.0,Salzburg Collectables,+43 6562 9555,Salzburg,Austria,71700,pcastillo@classicmodelcars.com,Sales Rep,Paris,+33 1 47 23 44 04,France,EMEA,Pamela Castillo,Georg  Pipps,43 Rue Jouffroy Dabbans  75017,Geislweg 14  5020
43,151.38,2018-04-28,2018-05-05,2018-05-02,Shipped,,1980s Black Hawk Helicopter,Planes,1:18,Red Start Diecast,5330,77.27,157.69,Salzburg Collectables,+43 6562 9555,Salzburg,Austria,71700,pcastillo@classicmodelcars.com,Sales Rep,Paris,+33 1 47 23 44 04,France,EMEA,Pamela Castillo,Georg  Pipps,43 Rue Jouffroy Dabbans  75017,Geislweg 14  5020
21,74.84,2018-04-28,2018-05-05,2018-05-02,Shipped,,1999 Yamaha Speed Boat,Ships,1:18,Min Lin Diecast,4259,51.61,86.02,Salzburg Collectables,+43 6562 9555,Salzburg,Austria,71700,pcastillo@classicmodelcars.com,Sales Rep,Paris,+33 1 47 23 44 04,France,EMEA,Pamela Castillo,Georg  Pipps,43 Rue Jouffroy Dabbans  75017,Geislweg 14  5020
27,95.28,2018-04-28,2018-05-05,2018-05-02,Shipped,,1941 Chevrolet Special Deluxe Cabriolet,Vintage Cars,1:18,Exoto Designs,2378,64.58,105.87,Salzburg Collectables,+43 6562 9555,Salzburg,Austria,71700,pcastillo@classicmodelcars.com,Sales Rep,Paris,+33 1 47 23 44 04,France,EMEA,Pamela Castillo,Georg  Pipps,43 Rue Jouffroy Dabbans  75017,Geislweg 14  5020
41,64.4,2018-04-28,2018-05-05,2018-05-02,Shipped,,1900s Vintage Bi-Plane,Planes,1:24,Autoart Studio Design,5942,34.25,68.51,Salzburg Collectables,+43 6562 9555,Salzburg,Austria,71700,pcastillo@classicmodelcars.com,Sales Rep,Paris,+33 1 47 23 44 04,France,EMEA,Pamela Castillo,Georg  Pipps,43 Rue Jouffroy Dabbans  75017,Geislweg 14  5020
35,72.58,2018-04-28,2018-05-05,2018-05-02,Shipped,,1912 Ford Model T Delivery Wagon,Vintage Cars,1:24,Min Lin Diecast,9173,46.91,88.51,Salzburg Collectables,+43 6562 9555,Salzburg,Austria,71700,pcastillo@classicmodelcars.com,Sales Rep,Paris,+33 1 47 23 44 04,France,EMEA,Pamela Castillo,Georg  Pipps,43 Rue Jouffroy Dabbans  75017,Geislweg 14  5020
20,63.12,2018-04-28,2018-05-05,2018-05-02,Shipped,,1937 Horch 930V Limousine,Vintage Cars,1:24,Autoart Studio Design,2902,26.3,65.75,Salzburg Collectables,+43 6562 9555,Salzburg,Austria,71700,pcastillo@classicmodelcars.com,Sales Rep,Paris,+33 1 47 23 44 04,France,EMEA,Pamela Castillo,Georg  Pipps,43 Rue Jouffroy Dabbans  75017,Geislweg 14  5020
35,82.18,2018-04-28,2018-05-05,2018-05-02,Shipped,,1940 Ford Delivery Sedan,Vintage Cars,1:24,Carousel DieCast Legends,6621,48.64,83.86,Salzburg Collectables,+43 6562 9555,Salzburg,Austria,71700,pcastillo@classicmodelcars.com,Sales Rep,Paris,+33 1 47 23 44 04,France,EMEA,Pamela Castillo,Georg  Pipps,43 Rue Jouffroy Dabbans  75017,Geislweg 14  5020
28,62.1,2018-04-28,2018-05-05,2018-05-02,Shipped,,Corsair F4U ( Bird Cage),Planes,1:24,Second Gear Diecast,6812,29.34,68.24,Salzburg Collectables,+43 6562 9555,Salzburg,Austria,71700,pcastillo@classicmodelcars.com,Sales Rep,Paris,+33 1 47 23 44 04,France,EMEA,Pamela Castillo,Georg  Pipps,43 Rue Jouffroy Dabbans  75017,Geislweg 14  5020
25,57.34,2018-04-28,2018-05-05,2018-05-02,Shipped,,The Schooner Bluenose,Ships,1:700,Autoart Studio Design,1897,34.0,66.67,Salzburg Collectables,+43 6562 9555,Salzburg,Austria,71700,pcastillo@classicmodelcars.com,Sales Rep,Paris,+33 1 47 23 44 04,France,EMEA,Pamela Castillo,Georg  Pipps,43 Rue Jouffroy Dabbans  75017,Geislweg 14  5020
29,74.23,2018-04-28,2018-05-05,2018-05-02,Shipped,,HMS Bounty,Ships,1:700,Unimax Art Galleries,3501,39.83,90.52,Salzburg Collectables,+43 6562 9555,Salzburg,Austria,71700,pcastillo@classicmodelcars.com,Sales Rep,Paris,+33 1 47 23 44 04,France,EMEA,Pamela Castillo,Georg  Pipps,43 Rue Jouffroy Dabbans  75017,Geislweg 14  5020
38,67.22,2018-04-28,2018-05-05,2018-05-02,Shipped,,The USS Constitution Ship,Ships,1:700,Red Start Diecast,7083,33.97,72.28,Salzburg Collectables,+43 6562 9555,Salzburg,Austria,71700,pcastillo@classicmodelcars.com,Sales Rep,Paris,+33 1 47 23 44 04,France,EMEA,Pamela Castillo,Georg  Pipps,43 Rue Jouffroy Dabbans  75017,Geislweg 14  5020
26,63.67,2018-04-28,2018-05-05,2018-05-02,Shipped,,American Airlines: MD-11S,Planes,1:700,Second Gear Diecast,8820,36.27,74.03,Salzburg Collectables,+43 6562 9555,Salzburg,Austria,71700,pcastillo@classicmodelcars.com,Sales Rep,Paris,+33 1 47 23 44 04,France,EMEA,Pamela Castillo,Georg  Pipps,43 Rue Jouffroy Dabbans  75017,Geislweg 14  5020
28,40.22,2018-04-28,2018-05-05,2018-05-02,Shipped,,Boeing X-32A JSF,Planes,1:72,Motor City Art Classics,4857,32.77,49.66,Salzburg Collectables,+43 6562 9555,Salzburg,Austria,71700,pcastillo@classicmodelcars.com,Sales Rep,Paris,+33 1 47 23 44 04,France,EMEA,Pamela Castillo,Georg  Pipps,43 Rue Jouffroy Dabbans  75017,Geislweg 14  5020
29,118.94,2018-04-29,2018-05-08,2018-05-01,Shipped,,1996 Moto Guzzi 1100i,Motorcycles,1:10,Highway 66 Mini Classics,6625,68.99,118.94,"Australian Collectors, Co.",+61 3 9520 4555,Melbourne,Australia,117300,afixter@classicmodelcars.com,Sales Rep,Sydney,+61 2 9264 2451,Australia,APAC,Andy Fixter,Peter Ferguson,5-11 Wentworth Avenue Floor #2 NSW 2010,636 St Kilda Road Level 3 3004
46,158.8,2018-04-29,2018-05-08,2018-05-01,Shipped,,2003 Harley-Davidson Eagle Drag Bike,Motorcycles,1:10,Red Start Diecast,5582,91.02,193.66,"Australian Collectors, Co.",+61 3 9520 4555,Melbourne,Australia,117300,afixter@classicmodelcars.com,Sales Rep,Sydney,+61 2 9264 2451,Australia,APAC,Andy Fixter,Peter Ferguson,5-11 Wentworth Avenue Floor #2 NSW 2010,636 St Kilda Road Level 3 3004
29,82.79,2018-04-29,2018-05-08,2018-05-01,Shipped,,P-51-D Mustang,Planes,1:72,Gearbox Collectibles,992,49.0,84.48,"Australian Collectors, Co.",+61 3 9520 4555,Melbourne,Australia,117300,afixter@classicmodelcars.com,Sales Rep,Sydney,+61 2 9264 2451,Australia,APAC,Andy Fixter,Peter Ferguson,5-11 Wentworth Avenue Floor #2 NSW 2010,636 St Kilda Road Level 3 3004
46,57.54,2018-04-29,2018-05-08,2018-05-01,Shipped,,1936 Harley Davidson El Knucklehead,Motorcycles,1:18,Welly Diecast Productions,4357,24.23,60.57,"Australian Collectors, Co.",+61 3 9520 4555,Melbourne,Australia,117300,afixter@classicmodelcars.com,Sales Rep,Sydney,+61 2 9264 2451,Australia,APAC,Andy Fixter,Peter Ferguson,5-11 Wentworth Avenue Floor #2 NSW 2010,636 St Kilda Road Level 3 3004
35,110.45,2018-04-29,2018-05-08,2018-05-01,Shipped,,1997 BMW R 1100 S,Motorcycles,1:24,Autoart Studio Design,7003,60.86,112.7,"Australian Collectors, Co.",+61 3 9520 4555,Melbourne,Australia,117300,afixter@classicmodelcars.com,Sales Rep,Sydney,+61 2 9264 2451,Australia,APAC,Andy Fixter,Peter Ferguson,5-11 Wentworth Avenue Floor #2 NSW 2010,636 St Kilda Road Level 3 3004
39,93.01,2018-04-29,2018-05-08,2018-05-01,Shipped,,1928 British Royal Navy Airplane,Planes,1:24,Classic Metal Creations,3627,66.74,109.42,"Australian Collectors, Co.",+61 3 9520 4555,Melbourne,Australia,117300,afixter@classicmodelcars.com,Sales Rep,Sydney,+61 2 9264 2451,Australia,APAC,Andy Fixter,Peter Ferguson,5-11 Wentworth Avenue Floor #2 NSW 2010,636 St Kilda Road Level 3 3004
34,72.36,2018-04-29,2018-05-08,2018-05-01,Shipped,,1960 BSA Gold Star DBD34,Motorcycles,1:24,Highway 66 Mini Classics,15,37.32,76.17,"Australian Collectors, Co.",+61 3 9520 4555,Melbourne,Australia,117300,afixter@classicmodelcars.com,Sales Rep,Sydney,+61 2 9264 2451,Australia,APAC,Andy Fixter,Peter Ferguson,5-11 Wentworth Avenue Floor #2 NSW 2010,636 St Kilda Road Level 3 3004
29,71.73,2018-04-29,2018-05-08,2018-05-01,Shipped,,1900s Vintage Tri-Plane,Planes,1:24,Unimax Art Galleries,2756,36.23,72.45,"Australian Collectors, Co.",+61 3 9520 4555,Melbourne,Australia,117300,afixter@classicmodelcars.com,Sales Rep,Sydney,+61 2 9264 2451,Australia,APAC,Andy Fixter,Peter Ferguson,5-11 Wentworth Avenue Floor #2 NSW 2010,636 St Kilda Road Level 3 3004
22,94.9,2018-04-29,2018-05-08,2018-05-01,Shipped,,1997 BMW F650 ST,Motorcycles,1:32,Exoto Designs,178,66.92,99.89,"Australian Collectors, Co.",+61 3 9520 4555,Melbourne,Australia,117300,afixter@classicmodelcars.com,Sales Rep,Sydney,+61 2 9264 2451,Australia,APAC,Andy Fixter,Peter Ferguson,5-11 Wentworth Avenue Floor #2 NSW 2010,636 St Kilda Road Level 3 3004
29,68.79,2018-04-29,2018-05-08,2018-05-01,Shipped,,1928 Ford Phaeton Deluxe,Vintage Cars,1:32,Highway 66 Mini Classics,136,33.02,68.79,"Australian Collectors, Co.",+61 3 9520 4555,Melbourne,Australia,117300,afixter@classicmodelcars.com,Sales Rep,Sydney,+61 2 9264 2451,Australia,APAC,Andy Fixter,Peter Ferguson,5-11 Wentworth Avenue Floor #2 NSW 2010,636 St Kilda Road Level 3 3004
49,41.46,2018-04-29,2018-05-08,2018-05-01,Shipped,,1930 Buick Marquette Phaeton,Vintage Cars,1:50,Studio M Art Models,7062,27.06,43.64,"Australian Collectors, Co.",+61 3 9520 4555,Melbourne,Australia,117300,afixter@classicmodelcars.com,Sales Rep,Sydney,+61 2 9264 2451,Australia,APAC,Andy Fixter,Peter Ferguson,5-11 Wentworth Avenue Floor #2 NSW 2010,636 St Kilda Road Level 3 3004
47,91.34,2018-04-29,2018-05-08,2018-05-01,Shipped,,American Airlines: B767-300,Planes,1:700,Min Lin Diecast,5841,51.15,91.34,"Australian Collectors, Co.",+61 3 9520 4555,Melbourne,Australia,117300,afixter@classicmodelcars.com,Sales Rep,Sydney,+61 2 9264 2451,Australia,APAC,Andy Fixter,Peter Ferguson,5-11 Wentworth Avenue Floor #2 NSW 2010,636 St Kilda Road Level 3 3004
24,81.77,2018-04-29,2018-05-08,2018-05-01,Shipped,,America West Airlines B757-200,Planes,1:700,Motor City Art Classics,9653,68.8,99.72,"Australian Collectors, Co.",+61 3 9520 4555,Melbourne,Australia,117300,afixter@classicmodelcars.com,Sales Rep,Sydney,+61 2 9264 2451,Australia,APAC,Andy Fixter,Peter Ferguson,5-11 Wentworth Avenue Floor #2 NSW 2010,636 St Kilda Road Level 3 3004
24,106.79,2018-04-29,2018-05-08,2018-05-01,Shipped,,ATA: B757-300,Planes,1:700,Highway 66 Mini Classics,7106,59.33,118.65,"Australian Collectors, Co.",+61 3 9520 4555,Melbourne,Australia,117300,afixter@classicmodelcars.com,Sales Rep,Sydney,+61 2 9264 2451,Australia,APAC,Andy Fixter,Peter Ferguson,5-11 Wentworth Avenue Floor #2 NSW 2010,636 St Kilda Road Level 3 3004
43,72.0,2018-04-29,2018-05-08,2018-05-01,Shipped,,F/A 18 Hornet 1/72,Planes,1:72,Motor City Art Classics,551,54.4,80.0,"Australian Collectors, Co.",+61 3 9520 4555,Melbourne,Australia,117300,afixter@classicmodelcars.com,Sales Rep,Sydney,+61 2 9264 2451,Australia,APAC,Andy Fixter,Peter Ferguson,5-11 Wentworth Avenue Floor #2 NSW 2010,636 St Kilda Road Level 3 3004
34,86.13,2018-05-07,2018-05-13,2018-05-13,Shipped,,1969 Harley Davidson Ultimate Chopper,Motorcycles,1:10,Min Lin Diecast,7933,48.81,95.7,Reims Collectables,,Reims,France,81100,lbondur@classicmodelcars.com,Sales Rep,Paris,+33 1 47 23 44 04,France,EMEA,Loui Bondur,Paul  Henriot,43 Rue Jouffroy Dabbans  75017,59 rue de lAbbaye  51100
50,126.52,2018-05-07,2018-05-13,2018-05-13,Shipped,,2002 Suzuki XREO,Motorcycles,1:12,Unimax Art Galleries,9997,66.27,150.62,Reims Collectables,,Reims,France,81100,lbondur@classicmodelcars.com,Sales Rep,Paris,+33 1 47 23 44 04,France,EMEA,Loui Bondur,Paul  Henriot,43 Rue Jouffroy Dabbans  75017,59 rue de lAbbaye  51100
32,58.18,2018-05-07,2018-05-13,2018-05-13,Shipped,,1982 Ducati 900 Monster,Motorcycles,1:24,Highway 66 Mini Classics,6840,47.1,69.26,Reims Collectables,,Reims,France,81100,lbondur@classicmodelcars.com,Sales Rep,Paris,+33 1 47 23 44 04,France,EMEA,Loui Bondur,Paul  Henriot,43 Rue Jouffroy Dabbans  75017,59 rue de lAbbaye  51100
25,95.93,2018-05-07,2018-05-13,2018-05-13,Shipped,,1974 Ducati 350 Mk3 Desmo,Motorcycles,1:32,Second Gear Diecast,3341,56.13,102.05,Reims Collectables,,Reims,France,81100,lbondur@classicmodelcars.com,Sales Rep,Paris,+33 1 47 23 44 04,France,EMEA,Loui Bondur,Paul  Henriot,43 Rue Jouffroy Dabbans  75017,59 rue de lAbbaye  51100
44,72.41,2018-05-07,2018-05-13,2018-05-13,Shipped,,2002 Yamaha YZR M1,Motorcycles,1:50,Autoart Studio Design,600,34.17,81.36,Reims Collectables,,Reims,France,81100,lbondur@classicmodelcars.com,Sales Rep,Paris,+33 1 47 23 44 04,France,EMEA,Loui Bondur,Paul  Henriot,43 Rue Jouffroy Dabbans  75017,59 rue de lAbbaye  51100
42,155.66,2018-05-08,2018-05-16,2018-05-13,Shipped,,1968 Ford Mustang,Classic Cars,1:12,Autoart Studio Design,68,95.34,194.57,Marseille Mini Autos,,Marseille,France,65000,lbondur@classicmodelcars.com,Sales Rep,Paris,+33 1 47 23 44 04,France,EMEA,Loui Bondur,Laurence  Lebihan,43 Rue Jouffroy Dabbans  75017,"12, rue des Bouchers  13008"
37,113.92,2018-05-08,2018-05-16,2018-05-13,Shipped,,1968 Dodge Charger,Classic Cars,1:12,Welly Diecast Productions,9123,75.16,117.44,Marseille Mini Autos,,Marseille,France,65000,lbondur@classicmodelcars.com,Sales Rep,Paris,+33 1 47 23 44 04,France,EMEA,Loui Bondur,Laurence  Lebihan,43 Rue Jouffroy Dabbans  75017,"12, rue des Bouchers  13008"
32,65.44,2018-05-08,2018-05-16,2018-05-13,Shipped,,1970 Plymouth Hemi Cuda,Classic Cars,1:12,Studio M Art Models,5663,31.92,79.8,Marseille Mini Autos,,Marseille,France,65000,lbondur@classicmodelcars.com,Sales Rep,Paris,+33 1 47 23 44 04,France,EMEA,Loui Bondur,Laurence  Lebihan,43 Rue Jouffroy Dabbans  75017,"12, rue des Bouchers  13008"
20,104.8,2018-05-08,2018-05-16,2018-05-13,Shipped,,1969 Dodge Charger,Classic Cars,1:12,Welly Diecast Productions,7323,58.73,115.16,Marseille Mini Autos,,Marseille,France,65000,lbondur@classicmodelcars.com,Sales Rep,Paris,+33 1 47 23 44 04,France,EMEA,Loui Bondur,Laurence  Lebihan,43 Rue Jouffroy Dabbans  75017,"12, rue des Bouchers  13008"
34,114.65,2018-05-08,2018-05-16,2018-05-13,Shipped,,1993 Mazda RX-7,Classic Cars,1:18,Highway 66 Mini Classics,3975,83.51,141.54,Marseille Mini Autos,,Marseille,France,65000,lbondur@classicmodelcars.com,Sales Rep,Paris,+33 1 47 23 44 04,France,EMEA,Loui Bondur,Laurence  Lebihan,43 Rue Jouffroy Dabbans  75017,"12, rue des Bouchers  13008"
43,62.37,2018-05-08,2018-05-16,2018-05-13,Shipped,,1948 Porsche 356-A Roadster,Classic Cars,1:18,Gearbox Collectibles,8826,53.9,77.0,Marseille Mini Autos,,Marseille,France,65000,lbondur@classicmodelcars.com,Sales Rep,Paris,+33 1 47 23 44 04,France,EMEA,Loui Bondur,Laurence  Lebihan,43 Rue Jouffroy Dabbans  75017,"12, rue des Bouchers  13008"
31,113.8,2018-05-08,2018-05-16,2018-05-13,Shipped,,1995 Honda Civic,Classic Cars,1:18,Min Lin Diecast,9772,93.89,142.25,Marseille Mini Autos,,Marseille,France,65000,lbondur@classicmodelcars.com,Sales Rep,Paris,+33 1 47 23 44 04,France,EMEA,Loui Bondur,Laurence  Lebihan,43 Rue Jouffroy Dabbans  75017,"12, rue des Bouchers  13008"
25,137.17,2018-05-08,2018-05-16,2018-05-13,Shipped,,1992 Ferrari 360 Spider red,Classic Cars,1:18,Unimax Art Galleries,8347,77.9,169.34,Marseille Mini Autos,,Marseille,France,65000,lbondur@classicmodelcars.com,Sales Rep,Paris,+33 1 47 23 44 04,France,EMEA,Loui Bondur,Laurence  Lebihan,43 Rue Jouffroy Dabbans  75017,"12, rue des Bouchers  13008"
21,69.15,2018-05-08,2018-05-16,2018-05-13,Shipped,,1969 Dodge Super Bee,Classic Cars,1:18,Min Lin Diecast,1917,49.05,80.41,Marseille Mini Autos,,Marseille,France,65000,lbondur@classicmodelcars.com,Sales Rep,Paris,+33 1 47 23 44 04,France,EMEA,Loui Bondur,Laurence  Lebihan,43 Rue Jouffroy Dabbans  75017,"12, rue des Bouchers  13008"
21,133.76,2018-05-08,2018-05-16,2018-05-13,Shipped,,1976 Ford Gran Torino,Classic Cars,1:18,Gearbox Collectibles,9127,73.49,146.99,Marseille Mini Autos,,Marseille,France,65000,lbondur@classicmodelcars.com,Sales Rep,Paris,+33 1 47 23 44 04,France,EMEA,Loui Bondur,Laurence  Lebihan,43 Rue Jouffroy Dabbans  75017,"12, rue des Bouchers  13008"
35,59.06,2018-05-08,2018-05-16,2018-05-13,Shipped,,1957 Vespa GS150,Motorcycles,1:18,Studio M Art Models,7689,32.95,62.17,Marseille Mini Autos,,Marseille,France,65000,lbondur@classicmodelcars.com,Sales Rep,Paris,+33 1 47 23 44 04,France,EMEA,Loui Bondur,Laurence  Lebihan,43 Rue Jouffroy Dabbans  75017,"12, rue des Bouchers  13008"
28,145.82,2018-05-08,2018-05-16,2018-05-13,Shipped,,1957 Corvette Convertible,Classic Cars,1:18,Classic Metal Creations,1249,69.93,148.8,Marseille Mini Autos,,Marseille,France,65000,lbondur@classicmodelcars.com,Sales Rep,Paris,+33 1 47 23 44 04,France,EMEA,Loui Bondur,Laurence  Lebihan,43 Rue Jouffroy Dabbans  75017,"12, rue des Bouchers  13008"
39,34.74,2018-05-08,2018-05-16,2018-05-13,Shipped,,1982 Lamborghini Diablo,Classic Cars,1:24,Second Gear Diecast,7723,16.24,37.76,Marseille Mini Autos,,Marseille,France,65000,lbondur@classicmodelcars.com,Sales Rep,Paris,+33 1 47 23 44 04,France,EMEA,Loui Bondur,Laurence  Lebihan,43 Rue Jouffroy Dabbans  75017,"12, rue des Bouchers  13008"
34,50.82,2018-05-08,2018-05-16,2018-05-13,Shipped,,1971 Alpine Renault 1600s,Classic Cars,1:24,Welly Diecast Productions,7995,38.58,61.23,Marseille Mini Autos,,Marseille,France,65000,lbondur@classicmodelcars.com,Sales Rep,Paris,+33 1 47 23 44 04,France,EMEA,Loui Bondur,Laurence  Lebihan,43 Rue Jouffroy Dabbans  75017,"12, rue des Bouchers  13008"
43,136.22,2018-05-08,2018-05-16,2018-05-13,Shipped,,1956 Porsche 356A Coupe,Classic Cars,1:18,Classic Metal Creations,6600,98.3,140.43,Marseille Mini Autos,,Marseille,France,65000,lbondur@classicmodelcars.com,Sales Rep,Paris,+33 1 47 23 44 04,France,EMEA,Loui Bondur,Laurence  Lebihan,43 Rue Jouffroy Dabbans  75017,"12, rue des Bouchers  13008"
29,67.1,2018-05-08,2018-05-16,2018-05-13,Shipped,,1961 Chevrolet Impala,Classic Cars,1:18,Classic Metal Creations,7869,32.33,80.84,Marseille Mini Autos,,Marseille,France,65000,lbondur@classicmodelcars.com,Sales Rep,Paris,+33 1 47 23 44 04,France,EMEA,Loui Bondur,Laurence  Lebihan,43 Rue Jouffroy Dabbans  75017,"12, rue des Bouchers  13008"
31,33.79,2018-05-08,2018-05-16,2018-05-13,Shipped,,1982 Ducati 996 R,Motorcycles,1:32,Gearbox Collectibles,9241,24.14,40.23,Marseille Mini Autos,,Marseille,France,65000,lbondur@classicmodelcars.com,Sales Rep,Paris,+33 1 47 23 44 04,France,EMEA,Loui Bondur,Laurence  Lebihan,43 Rue Jouffroy Dabbans  75017,"12, rue des Bouchers  13008"
26,120.71,2018-05-20,2018-05-29,2018-05-22,Shipped,,1965 Aston Martin DB5,Classic Cars,1:18,Classic Metal Creations,9042,65.96,124.44,Atelier graphique,,Nantes,France,21000,ghernande@classicmodelcars.com,Sales Rep,Paris,+33 1 47 23 44 04,France,EMEA,Gerard Hernandez,Carine  Schmitt,43 Rue Jouffroy Dabbans  75017,"54, rue Royale  44000"
46,114.84,2018-05-20,2018-05-29,2018-05-22,Shipped,,1999 Indy 500 Monte Carlo SS,Classic Cars,1:18,Red Start Diecast,8164,56.76,132.0,Atelier graphique,,Nantes,France,21000,ghernande@classicmodelcars.com,Sales Rep,Paris,+33 1 47 23 44 04,France,EMEA,Gerard Hernandez,Carine  Schmitt,43 Rue Jouffroy Dabbans  75017,"54, rue Royale  44000"
34,117.26,2018-05-20,2018-05-29,2018-05-22,Shipped,,1948 Porsche Type 356 Roadster,Classic Cars,1:18,Gearbox Collectibles,8990,62.16,141.28,Atelier graphique,,Nantes,France,21000,ghernande@classicmodelcars.com,Sales Rep,Paris,+33 1 47 23 44 04,France,EMEA,Gerard Hernandez,Carine  Schmitt,43 Rue Jouffroy Dabbans  75017,"54, rue Royale  44000"
50,43.27,2018-05-20,2018-05-29,2018-05-22,Shipped,,1966 Shelby Cobra 427 S/C,Classic Cars,1:24,Carousel DieCast Legends,8197,29.18,50.31,Atelier graphique,,Nantes,France,21000,ghernande@classicmodelcars.com,Sales Rep,Paris,+33 1 47 23 44 04,France,EMEA,Gerard Hernandez,Carine  Schmitt,43 Rue Jouffroy Dabbans  75017,"54, rue Royale  44000"
21,153.0,2018-05-21,2018-05-29,2018-05-25,Shipped,Customer very concerned about the exact color of the models. There is high risk that he may dispute the order because there is a slight color mismatch,1917 Grand Touring Sedan,Vintage Cars,1:18,Welly Diecast Productions,2724,86.7,170.0,Signal Gift Stores,+1 702-555-1838,Las Vegas,USA,71800,lthompson@classicmodelcars.com,Sales Rep,San Francisco,+1 650-219-4782,USA,,Leslie Thompson,Jean King,100 Market Street Suite 300 94080,8489 Strong St.  83030
42,58.12,2018-05-21,2018-05-29,2018-05-25,Shipped,Customer very concerned about the exact color of the models. There is high risk that he may dispute the order because there is a slight color mismatch,1911 Ford Town Car,Vintage Cars,1:18,Motor City Art Classics,540,33.3,60.54,Signal Gift Stores,+1 702-555-1838,Las Vegas,USA,71800,lthompson@classicmodelcars.com,Sales Rep,San Francisco,+1 650-219-4782,USA,,Leslie Thompson,Jean King,100 Market Street Suite 300 94080,8489 Strong St.  83030
42,111.87,2018-05-21,2018-05-29,2018-05-25,Shipped,Customer very concerned about the exact color of the models. There is high risk that he may dispute the order because there is a slight color mismatch,1932 Model A Ford J-Coupe,Vintage Cars,1:18,Autoart Studio Design,9354,58.48,127.13,Signal Gift Stores,+1 702-555-1838,Las Vegas,USA,71800,lthompson@classicmodelcars.com,Sales Rep,San Francisco,+1 650-219-4782,USA,,Leslie Thompson,Jean King,100 Market Street Suite 300 94080,8489 Strong St.  83030
36,75.46,2018-05-21,2018-05-29,2018-05-25,Shipped,Customer very concerned about the exact color of the models. There is high risk that he may dispute the order because there is a slight color mismatch,1932 Alfa Romeo 8C2300 Spider Sport,Vintage Cars,1:18,Exoto Designs,6553,43.26,92.03,Signal Gift Stores,+1 702-555-1838,Las Vegas,USA,71800,lthompson@classicmodelcars.com,Sales Rep,San Francisco,+1 650-219-4782,USA,,Leslie Thompson,Jean King,100 Market Street Suite 300 94080,8489 Strong St.  83030
23,66.28,2018-05-21,2018-05-29,2018-05-25,Shipped,Customer very concerned about the exact color of the models. There is high risk that he may dispute the order because there is a slight color mismatch,1957 Ford Thunderbird,Classic Cars,1:18,Studio M Art Models,3209,34.21,71.27,Signal Gift Stores,+1 702-555-1838,Las Vegas,USA,71800,lthompson@classicmodelcars.com,Sales Rep,San Francisco,+1 650-219-4782,USA,,Leslie Thompson,Jean King,100 Market Street Suite 300 94080,8489 Strong St.  83030
22,62.47,2018-05-21,2018-05-29,2018-05-25,Shipped,Customer very concerned about the exact color of the models. There is high risk that he may dispute the order because there is a slight color mismatch,1970 Chevy Chevelle SS 454,Classic Cars,1:24,Unimax Art Galleries,1005,49.24,73.49,Signal Gift Stores,+1 702-555-1838,Las Vegas,USA,71800,lthompson@classicmodelcars.com,Sales Rep,San Francisco,+1 650-219-4782,USA,,Leslie Thompson,Jean King,100 Market Street Suite 300 94080,8489 Strong St.  83030
45,30.53,2018-05-21,2018-05-29,2018-05-25,Shipped,Customer very concerned about the exact color of the models. There is high risk that he may dispute the order because there is a slight color mismatch,1939 Chevrolet Deluxe Coupe,Vintage Cars,1:24,Motor City Art Classics,7332,22.57,33.19,Signal Gift Stores,+1 702-555-1838,Las Vegas,USA,71800,lthompson@classicmodelcars.com,Sales Rep,San Francisco,+1 650-219-4782,USA,,Leslie Thompson,Jean King,100 Market Street Suite 300 94080,8489 Strong St.  83030
22,36.29,2018-05-21,2018-05-29,2018-05-25,Shipped,Customer very concerned about the exact color of the models. There is high risk that he may dispute the order because there is a slight color mismatch,1938 Cadillac V-16 Presidential Limousine,Vintage Cars,1:24,Classic Metal Creations,2847,20.61,44.8,Signal Gift Stores,+1 702-555-1838,Las Vegas,USA,71800,lthompson@classicmodelcars.com,Sales Rep,San Francisco,+1 650-219-4782,USA,,Leslie Thompson,Jean King,100 Market Street Suite 300 94080,8489 Strong St.  83030
32,74.51,2018-05-21,2018-05-29,2018-05-25,Shipped,Customer very concerned about the exact color of the models. There is high risk that he may dispute the order because there is a slight color mismatch,1949 Jaguar XK 120,Classic Cars,1:24,Classic Metal Creations,2350,47.25,90.87,Signal Gift Stores,+1 702-555-1838,Las Vegas,USA,71800,lthompson@classicmodelcars.com,Sales Rep,San Francisco,+1 650-219-4782,USA,,Leslie Thompson,Jean King,100 Market Street Suite 300 94080,8489 Strong St.  83030
25,93.95,2018-05-21,2018-05-29,2018-05-25,Shipped,Customer very concerned about the exact color of the models. There is high risk that he may dispute the order because there is a slight color mismatch,1952 Citroen-15CV,Classic Cars,1:24,Exoto Designs,1452,72.82,117.44,Signal Gift Stores,+1 702-555-1838,Las Vegas,USA,71800,lthompson@classicmodelcars.com,Sales Rep,San Francisco,+1 650-219-4782,USA,,Leslie Thompson,Jean King,100 Market Street Suite 300 94080,8489 Strong St.  83030
49,76.19,2018-05-21,2018-05-29,2018-05-25,Shipped,Customer very concerned about the exact color of the models. There is high risk that he may dispute the order because there is a slight color mismatch,1969 Chevrolet Camaro Z28,Classic Cars,1:24,Exoto Designs,4695,50.51,85.61,Signal Gift Stores,+1 702-555-1838,Las Vegas,USA,71800,lthompson@classicmodelcars.com,Sales Rep,San Francisco,+1 650-219-4782,USA,,Leslie Thompson,Jean King,100 Market Street Suite 300 94080,8489 Strong St.  83030
43,101.73,2018-05-21,2018-05-29,2018-05-25,Shipped,Customer very concerned about the exact color of the models. There is high risk that he may dispute the order because there is a slight color mismatch,2002 Chevy Corvette,Classic Cars,1:24,Gearbox Collectibles,9446,62.11,107.08,Signal Gift Stores,+1 702-555-1838,Las Vegas,USA,71800,lthompson@classicmodelcars.com,Sales Rep,San Francisco,+1 650-219-4782,USA,,Leslie Thompson,Jean King,100 Market Street Suite 300 94080,8489 Strong St.  83030
46,36.11,2018-05-21,2018-05-29,2018-05-25,Shipped,Customer very concerned about the exact color of the models. There is high risk that he may dispute the order because there is a slight color mismatch,1936 Mercedes Benz 500k Roadster,Vintage Cars,1:24,Red Start Diecast,2081,21.75,41.03,Signal Gift Stores,+1 702-555-1838,Las Vegas,USA,71800,lthompson@classicmodelcars.com,Sales Rep,San Francisco,+1 650-219-4782,USA,,Leslie Thompson,Jean King,100 Market Street Suite 300 94080,8489 Strong St.  83030
32,89.38,2018-05-21,2018-05-27,2018-05-24,Shipped,,1937 Lincoln Berline,Vintage Cars,1:18,Motor City Art Classics,8693,60.62,102.74,"Australian Collectors, Co.",+61 3 9520 4555,Melbourne,Australia,117300,afixter@classicmodelcars.com,Sales Rep,Sydney,+61 2 9264 2451,Australia,APAC,Andy Fixter,Peter Ferguson,5-11 Wentworth Avenue Floor #2 NSW 2010,636 St Kilda Road Level 3 3004
34,138.38,2018-05-21,2018-05-27,2018-05-24,Shipped,,1928 Mercedes-Benz SSK,Vintage Cars,1:18,Gearbox Collectibles,548,72.56,168.75,"Australian Collectors, Co.",+61 3 9520 4555,Melbourne,Australia,117300,afixter@classicmodelcars.com,Sales Rep,Sydney,+61 2 9264 2451,Australia,APAC,Andy Fixter,Peter Ferguson,5-11 Wentworth Avenue Floor #2 NSW 2010,636 St Kilda Road Level 3 3004
38,205.73,2018-05-28,2018-06-07,2018-06-02,Shipped,,1952 Alpine Renault 1300,Classic Cars,1:10,Classic Metal Creations,7305,98.58,214.3,"Corrida Auto Replicas, Ltd",+34 915 55 22 82,Madrid,Spain,104600,mgerard@classicmodelcars.com,Sales Rep,Paris,+33 1 47 23 44 04,France,EMEA,Martin Gerard,Martín  Sommer,43 Rue Jouffroy Dabbans  75017,"C/ Araquil, 67  28023"
22,122.62,2018-05-28,2018-06-07,2018-06-02,Shipped,,1962 LanciaA Delta 16V,Classic Cars,1:10,Second Gear Diecast,6791,103.42,147.74,"Corrida Auto Replicas, Ltd",+34 915 55 22 82,Madrid,Spain,104600,mgerard@classicmodelcars.com,Sales Rep,Paris,+33 1 47 23 44 04,France,EMEA,Martin Gerard,Martín  Sommer,43 Rue Jouffroy Dabbans  75017,"C/ Araquil, 67  28023"
21,135.3,2018-05-28,2018-06-07,2018-06-02,Shipped,,1958 Setra Bus,Trucks and Buses,1:12,Welly Diecast Productions,1579,77.9,136.67,"Corrida Auto Replicas, Ltd",+34 915 55 22 82,Madrid,Spain,104600,mgerard@classicmodelcars.com,Sales Rep,Paris,+33 1 47 23 44 04,France,EMEA,Martin Gerard,Martín  Sommer,43 Rue Jouffroy Dabbans  75017,"C/ Araquil, 67  28023"
38,116.67,2018-05-28,2018-06-07,2018-06-02,Shipped,,1940 Ford Pickup Truck,Trucks and Buses,1:18,Studio M Art Models,2613,58.33,116.67,"Corrida Auto Replicas, Ltd",+34 915 55 22 82,Madrid,Spain,104600,mgerard@classicmodelcars.com,Sales Rep,Paris,+33 1 47 23 44 04,France,EMEA,Martin Gerard,Martín  Sommer,43 Rue Jouffroy Dabbans  75017,"C/ Araquil, 67  28023"
42,51.21,2018-05-28,2018-06-07,2018-06-02,Shipped,,1936 Mercedes-Benz 500K Special Roadster,Vintage Cars,1:18,Studio M Art Models,8635,24.26,53.91,"Corrida Auto Replicas, Ltd",+34 915 55 22 82,Madrid,Spain,104600,mgerard@classicmodelcars.com,Sales Rep,Paris,+33 1 47 23 44 04,France,EMEA,Martin Gerard,Martín  Sommer,43 Rue Jouffroy Dabbans  75017,"C/ Araquil, 67  28023"
43,51.05,2018-05-28,2018-06-07,2018-06-02,Shipped,,1926 Ford Fire Engine,Trucks and Buses,1:18,Carousel DieCast Legends,2019,24.92,60.77,"Corrida Auto Replicas, Ltd",+34 915 55 22 82,Madrid,Spain,104600,mgerard@classicmodelcars.com,Sales Rep,Paris,+33 1 47 23 44 04,France,EMEA,Martin Gerard,Martín  Sommer,43 Rue Jouffroy Dabbans  75017,"C/ Araquil, 67  28023"
31,93.21,2018-05-28,2018-06-07,2018-06-02,Shipped,,1913 Ford Model T Speedster,Vintage Cars,1:18,Carousel DieCast Legends,4189,60.78,101.31,"Corrida Auto Replicas, Ltd",+34 915 55 22 82,Madrid,Spain,104600,mgerard@classicmodelcars.com,Sales Rep,Paris,+33 1 47 23 44 04,France,EMEA,Martin Gerard,Martín  Sommer,43 Rue Jouffroy Dabbans  75017,"C/ Araquil, 67  28023"
46,61.84,2018-05-28,2018-06-07,2018-06-02,Shipped,,1934 Ford V8 Coupe,Vintage Cars,1:18,Min Lin Diecast,5649,34.35,62.46,"Corrida Auto Replicas, Ltd",+34 915 55 22 82,Madrid,Spain,104600,mgerard@classicmodelcars.com,Sales Rep,Paris,+33 1 47 23 44 04,France,EMEA,Martin Gerard,Martín  Sommer,43 Rue Jouffroy Dabbans  75017,"C/ Araquil, 67  28023"
30,93.2,2018-05-28,2018-06-07,2018-06-02,Shipped,,18th Century Vintage Horse Carriage,Vintage Cars,1:18,Red Start Diecast,5992,60.74,104.72,"Corrida Auto Replicas, Ltd",+34 915 55 22 82,Madrid,Spain,104600,mgerard@classicmodelcars.com,Sales Rep,Paris,+33 1 47 23 44 04,France,EMEA,Martin Gerard,Martín  Sommer,43 Rue Jouffroy Dabbans  75017,"C/ Araquil, 67  28023"
38,94.25,2018-05-28,2018-06-07,2018-06-02,Shipped,,1917 Maxwell Touring Car,Vintage Cars,1:18,Exoto Designs,7913,57.54,99.21,"Corrida Auto Replicas, Ltd",+34 915 55 22 82,Madrid,Spain,104600,mgerard@classicmodelcars.com,Sales Rep,Paris,+33 1 47 23 44 04,France,EMEA,Martin Gerard,Martín  Sommer,43 Rue Jouffroy Dabbans  75017,"C/ Araquil, 67  28023"
50,102.92,2018-05-28,2018-06-07,2018-06-02,Shipped,,1940s Ford truck,Trucks and Buses,1:18,Motor City Art Classics,3128,84.76,121.08,"Corrida Auto Replicas, Ltd",+34 915 55 22 82,Madrid,Spain,104600,mgerard@classicmodelcars.com,Sales Rep,Paris,+33 1 47 23 44 04,France,EMEA,Martin Gerard,Martín  Sommer,43 Rue Jouffroy Dabbans  75017,"C/ Araquil, 67  28023"
43,47.29,2018-05-28,2018-06-07,2018-06-02,Shipped,,1939 Cadillac Limousine,Vintage Cars,1:18,Studio M Art Models,6645,23.14,50.31,"Corrida Auto Replicas, Ltd",+34 915 55 22 82,Madrid,Spain,104600,mgerard@classicmodelcars.com,Sales Rep,Paris,+33 1 47 23 44 04,France,EMEA,Martin Gerard,Martín  Sommer,43 Rue Jouffroy Dabbans  75017,"C/ Araquil, 67  28023"
27,122.68,2018-05-28,2018-06-07,2018-06-02,Shipped,,1962 Volkswagen Microbus,Trucks and Buses,1:24,Autoart Studio Design,2327,61.34,127.79,"Corrida Auto Replicas, Ltd",+34 915 55 22 82,Madrid,Spain,104600,mgerard@classicmodelcars.com,Sales Rep,Paris,+33 1 47 23 44 04,France,EMEA,Martin Gerard,Martín  Sommer,43 Rue Jouffroy Dabbans  75017,"C/ Araquil, 67  28023"
34,83.76,2018-05-28,2018-06-07,2018-06-02,Shipped,,1936 Chrysler Airflow,Vintage Cars,1:24,Second Gear Diecast,4710,57.46,97.39,"Corrida Auto Replicas, Ltd",+34 915 55 22 82,Madrid,Spain,104600,mgerard@classicmodelcars.com,Sales Rep,Paris,+33 1 47 23 44 04,France,EMEA,Martin Gerard,Martín  Sommer,43 Rue Jouffroy Dabbans  75017,"C/ Araquil, 67  28023"
43,82.83,2018-05-28,2018-06-07,2018-06-02,Shipped,,1980’s GM Manhattan Express,Trucks and Buses,1:32,Motor City Art Classics,5099,53.93,96.31,"Corrida Auto Replicas, Ltd",+34 915 55 22 82,Madrid,Spain,104600,mgerard@classicmodelcars.com,Sales Rep,Paris,+33 1 47 23 44 04,France,EMEA,Martin Gerard,Martín  Sommer,43 Rue Jouffroy Dabbans  75017,"C/ Araquil, 67  28023"
26,62.05,2018-05-28,2018-06-07,2018-06-02,Shipped,,1996 Peterbilt 379 Stake Bed with Outrigger,Trucks and Buses,1:32,Red Start Diecast,814,33.61,64.64,"Corrida Auto Replicas, Ltd",+34 915 55 22 82,Madrid,Spain,104600,mgerard@classicmodelcars.com,Sales Rep,Paris,+33 1 47 23 44 04,France,EMEA,Martin Gerard,Martín  Sommer,43 Rue Jouffroy Dabbans  75017,"C/ Araquil, 67  28023"
45,97.1,2018-05-28,2018-06-07,2018-06-02,Shipped,,1982 Camaro Z28,Classic Cars,1:18,Carousel DieCast Legends,6934,46.53,101.15,"Corrida Auto Replicas, Ltd",+34 915 55 22 82,Madrid,Spain,104600,mgerard@classicmodelcars.com,Sales Rep,Paris,+33 1 47 23 44 04,France,EMEA,Martin Gerard,Martín  Sommer,43 Rue Jouffroy Dabbans  75017,"C/ Araquil, 67  28023"
46,193.25,2018-06-03,2018-06-09,2018-06-06,Shipped,Customer requested special shippment. The instructions were passed along to the warehouse,2001 Ferrari Enzo,Classic Cars,1:12,Second Gear Diecast,3619,95.59,207.8,Muscle Machine Inc,+1 212-555-7413,NYC,USA,138500,ftseng@classicmodelcars.com,Sales Rep,NYC,+1 212-555-3000,USA,,Foon Yue Tseng,Jeff Young,523 East 53rd Street apt. 5A 10022,4092 Furth Circle Suite 400 10022
46,140.5,2018-06-03,2018-06-09,2018-06-06,Shipped,Customer requested special shippment. The instructions were passed along to the warehouse,1969 Corvair Monza,Classic Cars,1:18,Welly Diecast Productions,6906,89.14,151.08,Muscle Machine Inc,+1 212-555-7413,NYC,USA,138500,ftseng@classicmodelcars.com,Sales Rep,NYC,+1 212-555-3000,USA,,Foon Yue Tseng,Jeff Young,523 East 53rd Street apt. 5A 10022,4092 Furth Circle Suite 400 10022
42,169.56,2018-06-03,2018-06-09,2018-06-06,Shipped,Customer requested special shippment. The instructions were passed along to the warehouse,1969 Ford Falcon,Classic Cars,1:12,Second Gear Diecast,1049,83.05,173.02,Muscle Machine Inc,+1 212-555-7413,NYC,USA,138500,ftseng@classicmodelcars.com,Sales Rep,NYC,+1 212-555-3000,USA,,Foon Yue Tseng,Jeff Young,523 East 53rd Street apt. 5A 10022,4092 Furth Circle Suite 400 10022
24,100.73,2018-06-03,2018-06-09,2018-06-06,Shipped,Customer requested special shippment. The instructions were passed along to the warehouse,1957 Chevy Pickup,Trucks and Buses,1:12,Exoto Designs,6125,55.7,118.5,Muscle Machine Inc,+1 212-555-7413,NYC,USA,138500,ftseng@classicmodelcars.com,Sales Rep,NYC,+1 212-555-3000,USA,,Foon Yue Tseng,Jeff Young,523 East 53rd Street apt. 5A 10022,4092 Furth Circle Suite 400 10022
45,140.81,2018-06-03,2018-06-09,2018-06-06,Shipped,Customer requested special shippment. The instructions were passed along to the warehouse,1998 Chrysler Plymouth Prowler,Classic Cars,1:18,Gearbox Collectibles,4724,101.51,163.73,Muscle Machine Inc,+1 212-555-7413,NYC,USA,138500,ftseng@classicmodelcars.com,Sales Rep,NYC,+1 212-555-3000,USA,,Foon Yue Tseng,Jeff Young,523 East 53rd Street apt. 5A 10022,4092 Furth Circle Suite 400 10022
45,114.14,2018-06-03,2018-06-09,2018-06-06,Shipped,Customer requested special shippment. The instructions were passed along to the warehouse,1964 Mercedes Tour Bus,Trucks and Buses,1:18,Unimax Art Galleries,8258,74.86,122.73,Muscle Machine Inc,+1 212-555-7413,NYC,USA,138500,ftseng@classicmodelcars.com,Sales Rep,NYC,+1 212-555-3000,USA,,Foon Yue Tseng,Jeff Young,523 East 53rd Street apt. 5A 10022,4092 Furth Circle Suite 400 10022
22,149.02,2018-06-03,2018-06-09,2018-06-06,Shipped,Customer requested special shippment. The instructions were passed along to the warehouse,1992 Ferrari 360 Spider red,Classic Cars,1:18,Unimax Art Galleries,8347,77.9,169.34,Muscle Machine Inc,+1 212-555-7413,NYC,USA,138500,ftseng@classicmodelcars.com,Sales Rep,NYC,+1 212-555-3000,USA,,Foon Yue Tseng,Jeff Young,523 East 53rd Street apt. 5A 10022,4092 Furth Circle Suite 400 10022
25,126.39,2018-06-03,2018-06-09,2018-06-06,Shipped,Customer requested special shippment. The instructions were passed along to the warehouse,1970 Triumph Spitfire,Classic Cars,1:18,Min Lin Diecast,5545,91.92,143.62,Muscle Machine Inc,+1 212-555-7413,NYC,USA,138500,ftseng@classicmodelcars.com,Sales Rep,NYC,+1 212-555-3000,USA,,Foon Yue Tseng,Jeff Young,523 East 53rd Street apt. 5A 10022,4092 Furth Circle Suite 400 10022
20,50.86,2018-06-03,2018-06-09,2018-06-06,Shipped,Customer requested special shippment. The instructions were passed along to the warehouse,1970 Dodge Coronet,Classic Cars,1:24,Highway 66 Mini Classics,4074,32.37,57.8,Muscle Machine Inc,+1 212-555-7413,NYC,USA,138500,ftseng@classicmodelcars.com,Sales Rep,NYC,+1 212-555-3000,USA,,Foon Yue Tseng,Jeff Young,523 East 53rd Street apt. 5A 10022,4092 Furth Circle Suite 400 10022
39,34.3,2018-06-03,2018-06-09,2018-06-06,Shipped,Customer requested special shippment. The instructions were passed along to the warehouse,1958 Chevy Corvette Limited Edition,Classic Cars,1:24,Carousel DieCast Legends,2542,15.91,35.36,Muscle Machine Inc,+1 212-555-7413,NYC,USA,138500,ftseng@classicmodelcars.com,Sales Rep,NYC,+1 212-555-3000,USA,,Foon Yue Tseng,Jeff Young,523 East 53rd Street apt. 5A 10022,4092 Furth Circle Suite 400 10022
20,107.63,2018-06-03,2018-06-09,2018-06-06,Shipped,Customer requested special shippment. The instructions were passed along to the warehouse,1992 Porsche Cayenne Turbo Silver,Classic Cars,1:24,Exoto Designs,6582,69.78,118.28,Muscle Machine Inc,+1 212-555-7413,NYC,USA,138500,ftseng@classicmodelcars.com,Sales Rep,NYC,+1 212-555-3000,USA,,Foon Yue Tseng,Jeff Young,523 East 53rd Street apt. 5A 10022,4092 Furth Circle Suite 400 10022
45,46.53,2018-06-03,2018-06-09,2018-06-06,Shipped,Customer requested special shippment. The instructions were passed along to the warehouse,1954 Greyhound Scenicruiser,Trucks and Buses,1:32,Classic Metal Creations,2874,25.98,54.11,Muscle Machine Inc,+1 212-555-7413,NYC,USA,138500,ftseng@classicmodelcars.com,Sales Rep,NYC,+1 212-555-3000,USA,,Foon Yue Tseng,Jeff Young,523 East 53rd Street apt. 5A 10022,4092 Furth Circle Suite 400 10022
29,60.9,2018-06-03,2018-06-09,2018-06-06,Shipped,Customer requested special shippment. The instructions were passed along to the warehouse,1950s Chicago Surface Lines Streetcar,Trains,1:32,Gearbox Collectibles,8601,26.72,62.14,Muscle Machine Inc,+1 212-555-7413,NYC,USA,138500,ftseng@classicmodelcars.com,Sales Rep,NYC,+1 212-555-3000,USA,,Foon Yue Tseng,Jeff Young,523 East 53rd Street apt. 5A 10022,4092 Furth Circle Suite 400 10022
46,111.12,2018-06-03,2018-06-09,2018-06-06,Shipped,Customer requested special shippment. The instructions were passed along to the warehouse,Diamond T620 Semi-Skirted Tanker,Trucks and Buses,1:50,Highway 66 Mini Classics,1016,68.29,115.75,Muscle Machine Inc,+1 212-555-7413,NYC,USA,138500,ftseng@classicmodelcars.com,Sales Rep,NYC,+1 212-555-3000,USA,,Foon Yue Tseng,Jeff Young,523 East 53rd Street apt. 5A 10022,4092 Furth Circle Suite 400 10022
46,55.65,2018-06-03,2018-06-09,2018-06-06,Shipped,Customer requested special shippment. The instructions were passed along to the warehouse,1962 City of Detroit Streetcar,Trains,1:50,Classic Metal Creations,1645,37.49,58.58,Muscle Machine Inc,+1 212-555-7413,NYC,USA,138500,ftseng@classicmodelcars.com,Sales Rep,NYC,+1 212-555-3000,USA,,Foon Yue Tseng,Jeff Young,523 East 53rd Street apt. 5A 10022,4092 Furth Circle Suite 400 10022
41,120.2,2018-06-06,2018-06-12,2018-06-11,Shipped,,1903 Ford Model A,Vintage Cars,1:18,Unimax Art Galleries,3913,68.3,136.59,Euro+ Shopping Channel,+34 915 55 94 44,Madrid,Spain,227600,ghernande@classicmodelcars.com,Sales Rep,Paris,+33 1 47 23 44 04,France,EMEA,Gerard Hernandez,Diego  Freyre,43 Rue Jouffroy Dabbans  75017,"C/ Moralzarzal, 86  28034"
41,80.67,2018-06-06,2018-06-12,2018-06-11,Shipped,,Collectable Wooden Train,Trains,1:18,Carousel DieCast Legends,6450,67.56,100.84,Euro+ Shopping Channel,+34 915 55 94 44,Madrid,Spain,227600,ghernande@classicmodelcars.com,Sales Rep,Paris,+33 1 47 23 44 04,France,EMEA,Gerard Hernandez,Diego  Freyre,43 Rue Jouffroy Dabbans  75017,"C/ Moralzarzal, 86  28034"
43,77.24,2018-06-06,2018-06-12,2018-06-11,Shipped,,1904 Buick Runabout,Vintage Cars,1:18,Exoto Designs,8290,52.66,87.77,Euro+ Shopping Channel,+34 915 55 94 44,Madrid,Spain,227600,ghernande@classicmodelcars.com,Sales Rep,Paris,+33 1 47 23 44 04,France,EMEA,Gerard Hernandez,Diego  Freyre,43 Rue Jouffroy Dabbans  75017,"C/ Moralzarzal, 86  28034"
32,72.75,2018-06-06,2018-06-12,2018-06-11,Shipped,,The Mayflower,Ships,1:700,Studio M Art Models,737,43.3,86.61,Euro+ Shopping Channel,+34 915 55 94 44,Madrid,Spain,227600,ghernande@classicmodelcars.com,Sales Rep,Paris,+33 1 47 23 44 04,France,EMEA,Gerard Hernandez,Diego  Freyre,43 Rue Jouffroy Dabbans  75017,"C/ Moralzarzal, 86  28034"
33,123.76,2018-06-12,2018-06-18,2018-06-14,Shipped,,1972 Alfa Romeo GTA,Classic Cars,1:10,Motor City Art Classics,3252,85.68,136.0,"Stylish Desk Decors, Co.",,London,UK,77000,lbott@classicmodelcars.com,Sales Rep,London,+44 20 7877 2041,UK,EMEA,Larry Bott,Ann  Brown,25 Old Broad Street Level 7 EC2N 1HN,35 King George  WX3 6FW
45,113.06,2018-06-12,2018-06-18,2018-06-14,Shipped,,18th century schooner,Ships,1:24,Carousel DieCast Legends,1898,82.34,122.89,"Stylish Desk Decors, Co.",,London,UK,77000,lbott@classicmodelcars.com,Sales Rep,London,+44 20 7877 2041,UK,EMEA,Larry Bott,Ann  Brown,25 Old Broad Street Level 7 EC2N 1HN,35 King George  WX3 6FW
41,81.43,2018-06-12,2018-06-18,2018-06-14,Shipped,,1912 Ford Model T Delivery Wagon,Vintage Cars,1:24,Min Lin Diecast,9173,46.91,88.51,"Stylish Desk Decors, Co.",,London,UK,77000,lbott@classicmodelcars.com,Sales Rep,London,+44 20 7877 2041,UK,EMEA,Larry Bott,Ann  Brown,25 Old Broad Street Level 7 EC2N 1HN,35 King George  WX3 6FW
50,76.31,2018-06-12,2018-06-18,2018-06-14,Shipped,,1940 Ford Delivery Sedan,Vintage Cars,1:24,Carousel DieCast Legends,6621,48.64,83.86,"Stylish Desk Decors, Co.",,London,UK,77000,lbott@classicmodelcars.com,Sales Rep,London,+44 20 7877 2041,UK,EMEA,Larry Bott,Ann  Brown,25 Old Broad Street Level 7 EC2N 1HN,35 King George  WX3 6FW
31,58.67,2018-06-12,2018-06-18,2018-06-14,Shipped,,The Schooner Bluenose,Ships,1:700,Autoart Studio Design,1897,34.0,66.67,"Stylish Desk Decors, Co.",,London,UK,77000,lbott@classicmodelcars.com,Sales Rep,London,+44 20 7877 2041,UK,EMEA,Larry Bott,Ann  Brown,25 Old Broad Street Level 7 EC2N 1HN,35 King George  WX3 6FW
45,72.28,2018-06-12,2018-06-18,2018-06-14,Shipped,,The USS Constitution Ship,Ships,1:700,Red Start Diecast,7083,33.97,72.28,"Stylish Desk Decors, Co.",,London,UK,77000,lbott@classicmodelcars.com,Sales Rep,London,+44 20 7877 2041,UK,EMEA,Larry Bott,Ann  Brown,25 Old Broad Street Level 7 EC2N 1HN,35 King George  WX3 6FW
42,90.15,2018-06-12,2018-06-18,2018-06-14,Shipped,,The Titanic,Ships,1:700,Carousel DieCast Legends,1956,51.09,100.17,"Stylish Desk Decors, Co.",,London,UK,77000,lbott@classicmodelcars.com,Sales Rep,London,+44 20 7877 2041,UK,EMEA,Larry Bott,Ann  Brown,25 Old Broad Street Level 7 EC2N 1HN,35 King George  WX3 6FW
30,94.34,2018-06-12,2018-06-18,2018-06-14,Shipped,,The Queen Mary,Ships,1:700,Welly Diecast Productions,5088,53.63,99.31,"Stylish Desk Decors, Co.",,London,UK,77000,lbott@classicmodelcars.com,Sales Rep,London,+44 20 7877 2041,UK,EMEA,Larry Bott,Ann  Brown,25 Old Broad Street Level 7 EC2N 1HN,35 King George  WX3 6FW
32,44.23,2018-06-12,2018-06-18,2018-06-14,Shipped,,Pont Yacht,Ships,1:72,Unimax Art Galleries,414,33.3,54.6,"Stylish Desk Decors, Co.",,London,UK,77000,lbott@classicmodelcars.com,Sales Rep,London,+44 20 7877 2041,UK,EMEA,Larry Bott,Ann  Brown,25 Old Broad Street Level 7 EC2N 1HN,35 King George  WX3 6FW
40,68.82,2018-06-16,2018-06-24,2018-06-21,Shipped,,1999 Yamaha Speed Boat,Ships,1:18,Min Lin Diecast,4259,51.61,86.02,Auto-Moto Classics Inc.,+1 617-555-8428,Brickhaven,USA,23000,spatterson@classicmodelcars.com,Sales Rep,Boston,+1 215-837-0825,USA,,Steve Patterson,Leslie Taylor,1550 Court Place Suite 102 02107,16780 Pompton St.  58339
33,99.52,2018-06-16,2018-06-24,2018-06-21,Shipped,,1941 Chevrolet Special Deluxe Cabriolet,Vintage Cars,1:18,Exoto Designs,2378,64.58,105.87,Auto-Moto Classics Inc.,+1 617-555-8428,Brickhaven,USA,23000,spatterson@classicmodelcars.com,Sales Rep,Boston,+1 215-837-0825,USA,,Steve Patterson,Leslie Taylor,1550 Court Place Suite 102 02107,16780 Pompton St.  58339
21,141.92,2018-06-16,2018-06-25,2018-06-21,Shipped,,1980s Black Hawk Helicopter,Planes,1:18,Red Start Diecast,5330,77.27,157.69,Gift Ideas Corp.,+1 203-555-4407,Glendale,USA,49700,gvanauf@classicmodelcars.com,Sales Rep,NYC,+1 212-555-3000,USA,,George Vanauf,Dan Lewis,523 East 53rd Street apt. 5A 10022,2440 Pompton St.  97561
35,60.97,2018-06-16,2018-06-25,2018-06-21,Shipped,,1900s Vintage Bi-Plane,Planes,1:24,Autoart Studio Design,5942,34.25,68.51,Gift Ideas Corp.,+1 203-555-4407,Glendale,USA,49700,gvanauf@classicmodelcars.com,Sales Rep,NYC,+1 212-555-3000,USA,,George Vanauf,Dan Lewis,523 East 53rd Street apt. 5A 10022,2440 Pompton St.  97561
29,52.6,2018-06-16,2018-06-25,2018-06-21,Shipped,,1937 Horch 930V Limousine,Vintage Cars,1:24,Autoart Studio Design,2902,26.3,65.75,Gift Ideas Corp.,+1 203-555-4407,Glendale,USA,49700,gvanauf@classicmodelcars.com,Sales Rep,NYC,+1 212-555-3000,USA,,George Vanauf,Dan Lewis,523 East 53rd Street apt. 5A 10022,2440 Pompton St.  97561
50,54.59,2018-06-16,2018-06-25,2018-06-21,Shipped,,Corsair F4U ( Bird Cage),Planes,1:24,Second Gear Diecast,6812,29.34,68.24,Gift Ideas Corp.,+1 203-555-4407,Glendale,USA,49700,gvanauf@classicmodelcars.com,Sales Rep,NYC,+1 212-555-3000,USA,,George Vanauf,Dan Lewis,523 East 53rd Street apt. 5A 10022,2440 Pompton St.  97561
22,76.94,2018-06-16,2018-06-25,2018-06-21,Shipped,,HMS Bounty,Ships,1:700,Unimax Art Galleries,3501,39.83,90.52,Gift Ideas Corp.,+1 203-555-4407,Glendale,USA,49700,gvanauf@classicmodelcars.com,Sales Rep,NYC,+1 212-555-3000,USA,,George Vanauf,Dan Lewis,523 East 53rd Street apt. 5A 10022,2440 Pompton St.  97561
40,86.76,2018-06-16,2018-06-25,2018-06-21,Shipped,,America West Airlines B757-200,Planes,1:700,Motor City Art Classics,9653,68.8,99.72,Gift Ideas Corp.,+1 203-555-4407,Glendale,USA,49700,gvanauf@classicmodelcars.com,Sales Rep,NYC,+1 212-555-3000,USA,,George Vanauf,Dan Lewis,523 East 53rd Street apt. 5A 10022,2440 Pompton St.  97561
26,63.67,2018-06-16,2018-06-25,2018-06-21,Shipped,,American Airlines: MD-11S,Planes,1:700,Second Gear Diecast,8820,36.27,74.03,Gift Ideas Corp.,+1 203-555-4407,Glendale,USA,49700,gvanauf@classicmodelcars.com,Sales Rep,NYC,+1 212-555-3000,USA,,George Vanauf,Dan Lewis,523 East 53rd Street apt. 5A 10022,2440 Pompton St.  97561
21,40.22,2018-06-16,2018-06-25,2018-06-21,Shipped,,Boeing X-32A JSF,Planes,1:72,Motor City Art Classics,4857,32.77,49.66,Gift Ideas Corp.,+1 203-555-4407,Glendale,USA,49700,gvanauf@classicmodelcars.com,Sales Rep,NYC,+1 212-555-3000,USA,,George Vanauf,Dan Lewis,523 East 53rd Street apt. 5A 10022,2440 Pompton St.  97561
36,80.0,2018-06-25,2018-07-01,2018-06-28,Shipped,,F/A 18 Hornet 1/72,Planes,1:72,Motor City Art Classics,551,54.4,80.0,"Down Under Souveniers, Inc",+64 9 312 5555,Auckland,New Zealand,88000,pmarsh@classicmodelcars.com,Sales Rep,Sydney,+61 2 9264 2451,Australia,APAC,Peter Marsh,Mike Graham,5-11 Wentworth Avenue Floor #2 NSW 2010,162-164 Grafton Road Level 2
49,80.26,2018-06-27,2018-07-04,2018-07-03,Shipped,,P-51-D Mustang,Planes,1:72,Gearbox Collectibles,992,49.0,84.48,Euro+ Shopping Channel,+34 915 55 94 44,Madrid,Spain,227600,ghernande@classicmodelcars.com,Sales Rep,Paris,+33 1 47 23 44 04,France,EMEA,Gerard Hernandez,Diego  Freyre,43 Rue Jouffroy Dabbans  75017,"C/ Moralzarzal, 86  28034"
41,109.42,2018-06-27,2018-07-04,2018-07-03,Shipped,,1928 British Royal Navy Airplane,Planes,1:24,Classic Metal Creations,3627,66.74,109.42,Euro+ Shopping Channel,+34 915 55 94 44,Madrid,Spain,227600,ghernande@classicmodelcars.com,Sales Rep,Paris,+33 1 47 23 44 04,France,EMEA,Gerard Hernandez,Diego  Freyre,43 Rue Jouffroy Dabbans  75017,"C/ Moralzarzal, 86  28034"
46,61.58,2018-06-27,2018-07-04,2018-07-03,Shipped,,1900s Vintage Tri-Plane,Planes,1:24,Unimax Art Galleries,2756,36.23,72.45,Euro+ Shopping Channel,+34 915 55 94 44,Madrid,Spain,227600,ghernande@classicmodelcars.com,Sales Rep,Paris,+33 1 47 23 44 04,France,EMEA,Gerard Hernandez,Diego  Freyre,43 Rue Jouffroy Dabbans  75017,"C/ Moralzarzal, 86  28034"
23,80.91,2018-06-27,2018-07-04,2018-07-03,Shipped,,1997 BMW F650 ST,Motorcycles,1:32,Exoto Designs,178,66.92,99.89,Euro+ Shopping Channel,+34 915 55 94 44,Madrid,Spain,227600,ghernande@classicmodelcars.com,Sales Rep,Paris,+33 1 47 23 44 04,France,EMEA,Gerard Hernandez,Diego  Freyre,43 Rue Jouffroy Dabbans  75017,"C/ Moralzarzal, 86  28034"
49,67.41,2018-06-27,2018-07-04,2018-07-03,Shipped,,1928 Ford Phaeton Deluxe,Vintage Cars,1:32,Highway 66 Mini Classics,136,33.02,68.79,Euro+ Shopping Channel,+34 915 55 94 44,Madrid,Spain,227600,ghernande@classicmodelcars.com,Sales Rep,Paris,+33 1 47 23 44 04,France,EMEA,Gerard Hernandez,Diego  Freyre,43 Rue Jouffroy Dabbans  75017,"C/ Moralzarzal, 86  28034"
27,37.09,2018-06-27,2018-07-04,2018-07-03,Shipped,,1930 Buick Marquette Phaeton,Vintage Cars,1:50,Studio M Art Models,7062,27.06,43.64,Euro+ Shopping Channel,+34 915 55 94 44,Madrid,Spain,227600,ghernande@classicmodelcars.com,Sales Rep,Paris,+33 1 47 23 44 04,France,EMEA,Gerard Hernandez,Diego  Freyre,43 Rue Jouffroy Dabbans  75017,"C/ Moralzarzal, 86  28034"
24,76.73,2018-06-27,2018-07-04,2018-07-03,Shipped,,American Airlines: B767-300,Planes,1:700,Min Lin Diecast,5841,51.15,91.34,Euro+ Shopping Channel,+34 915 55 94 44,Madrid,Spain,227600,ghernande@classicmodelcars.com,Sales Rep,Paris,+33 1 47 23 44 04,France,EMEA,Gerard Hernandez,Diego  Freyre,43 Rue Jouffroy Dabbans  75017,"C/ Moralzarzal, 86  28034"
27,115.09,2018-06-27,2018-07-04,2018-07-03,Shipped,,ATA: B757-300,Planes,1:700,Highway 66 Mini Classics,7106,59.33,118.65,Euro+ Shopping Channel,+34 915 55 94 44,Madrid,Spain,227600,ghernande@classicmodelcars.com,Sales Rep,Paris,+33 1 47 23 44 04,France,EMEA,Gerard Hernandez,Diego  Freyre,43 Rue Jouffroy Dabbans  75017,"C/ Moralzarzal, 86  28034"
41,90.92,2018-07-01,2018-07-10,2018-07-05,Shipped,,1969 Harley Davidson Ultimate Chopper,Motorcycles,1:10,Min Lin Diecast,7933,48.81,95.7,Lyon Souveniers,+33 1 46 62 75 55,Paris,France,68100,lbondur@classicmodelcars.com,Sales Rep,Paris,+33 1 47 23 44 04,France,EMEA,Loui Bondur,Daniel Da Silva,43 Rue Jouffroy Dabbans  75017,27 rue du Colonel Pierre Avia  75508
27,116.56,2018-07-01,2018-07-10,2018-07-05,Shipped,,1996 Moto Guzzi 1100i,Motorcycles,1:10,Highway 66 Mini Classics,6625,68.99,118.94,Lyon Souveniers,+33 1 46 62 75 55,Paris,France,68100,lbondur@classicmodelcars.com,Sales Rep,Paris,+33 1 47 23 44 04,France,EMEA,Loui Bondur,Daniel Da Silva,43 Rue Jouffroy Dabbans  75017,27 rue du Colonel Pierre Avia  75508
31,187.85,2018-07-01,2018-07-10,2018-07-05,Shipped,,2003 Harley-Davidson Eagle Drag Bike,Motorcycles,1:10,Red Start Diecast,5582,91.02,193.66,Lyon Souveniers,+33 1 46 62 75 55,Paris,France,68100,lbondur@classicmodelcars.com,Sales Rep,Paris,+33 1 47 23 44 04,France,EMEA,Loui Bondur,Daniel Da Silva,43 Rue Jouffroy Dabbans  75017,27 rue du Colonel Pierre Avia  75508
20,131.04,2018-07-01,2018-07-10,2018-07-05,Shipped,,2002 Suzuki XREO,Motorcycles,1:12,Unimax Art Galleries,9997,66.27,150.62,Lyon Souveniers,+33 1 46 62 75 55,Paris,France,68100,lbondur@classicmodelcars.com,Sales Rep,Paris,+33 1 47 23 44 04,France,EMEA,Loui Bondur,Daniel Da Silva,43 Rue Jouffroy Dabbans  75017,27 rue du Colonel Pierre Avia  75508
30,51.48,2018-07-01,2018-07-10,2018-07-05,Shipped,,1936 Harley Davidson El Knucklehead,Motorcycles,1:18,Welly Diecast Productions,4357,24.23,60.57,Lyon Souveniers,+33 1 46 62 75 55,Paris,France,68100,lbondur@classicmodelcars.com,Sales Rep,Paris,+33 1 47 23 44 04,France,EMEA,Loui Bondur,Daniel Da Silva,43 Rue Jouffroy Dabbans  75017,27 rue du Colonel Pierre Avia  75508
35,94.67,2018-07-01,2018-07-10,2018-07-05,Shipped,,1997 BMW R 1100 S,Motorcycles,1:24,Autoart Studio Design,7003,60.86,112.7,Lyon Souveniers,+33 1 46 62 75 55,Paris,France,68100,lbondur@classicmodelcars.com,Sales Rep,Paris,+33 1 47 23 44 04,France,EMEA,Loui Bondur,Daniel Da Silva,43 Rue Jouffroy Dabbans  75017,27 rue du Colonel Pierre Avia  75508
43,75.41,2018-07-01,2018-07-10,2018-07-05,Shipped,,1960 BSA Gold Star DBD34,Motorcycles,1:24,Highway 66 Mini Classics,15,37.32,76.17,Lyon Souveniers,+33 1 46 62 75 55,Paris,France,68100,lbondur@classicmodelcars.com,Sales Rep,Paris,+33 1 47 23 44 04,France,EMEA,Loui Bondur,Daniel Da Silva,43 Rue Jouffroy Dabbans  75017,27 rue du Colonel Pierre Avia  75508
42,173.17,2018-07-02,2018-07-12,2018-07-03,Shipped,,1968 Ford Mustang,Classic Cars,1:12,Autoart Studio Design,68,95.34,194.57,Mini Gifts Distributors Ltd.,+1 415-555-1450,San Rafael,USA,210500,ljennings@classicmodelcars.com,Sales Rep,San Francisco,+1 650-219-4782,USA,,Leslie Jennings,Susan Nelson,100 Market Street Suite 300 94080,5677 Strong St.  97562
48,110.39,2018-07-02,2018-07-12,2018-07-03,Shipped,,1968 Dodge Charger,Classic Cars,1:12,Welly Diecast Productions,9123,75.16,117.44,Mini Gifts Distributors Ltd.,+1 415-555-1450,San Rafael,USA,210500,ljennings@classicmodelcars.com,Sales Rep,San Francisco,+1 650-219-4782,USA,,Leslie Jennings,Susan Nelson,100 Market Street Suite 300 94080,5677 Strong St.  97562
24,72.62,2018-07-02,2018-07-12,2018-07-03,Shipped,,1970 Plymouth Hemi Cuda,Classic Cars,1:12,Studio M Art Models,5663,31.92,79.8,Mini Gifts Distributors Ltd.,+1 415-555-1450,San Rafael,USA,210500,ljennings@classicmodelcars.com,Sales Rep,San Francisco,+1 650-219-4782,USA,,Leslie Jennings,Susan Nelson,100 Market Street Suite 300 94080,5677 Strong St.  97562
29,103.64,2018-07-02,2018-07-12,2018-07-03,Shipped,,1969 Dodge Charger,Classic Cars,1:12,Welly Diecast Productions,7323,58.73,115.16,Mini Gifts Distributors Ltd.,+1 415-555-1450,San Rafael,USA,210500,ljennings@classicmodelcars.com,Sales Rep,San Francisco,+1 650-219-4782,USA,,Leslie Jennings,Susan Nelson,100 Market Street Suite 300 94080,5677 Strong St.  97562
48,66.99,2018-07-02,2018-07-12,2018-07-03,Shipped,,1948 Porsche 356-A Roadster,Classic Cars,1:18,Gearbox Collectibles,8826,53.9,77.0,Mini Gifts Distributors Ltd.,+1 415-555-1450,San Rafael,USA,210500,ljennings@classicmodelcars.com,Sales Rep,San Francisco,+1 650-219-4782,USA,,Leslie Jennings,Susan Nelson,100 Market Street Suite 300 94080,5677 Strong St.  97562
45,65.94,2018-07-02,2018-07-12,2018-07-03,Shipped,,1969 Dodge Super Bee,Classic Cars,1:18,Min Lin Diecast,1917,49.05,80.41,Mini Gifts Distributors Ltd.,+1 415-555-1450,San Rafael,USA,210500,ljennings@classicmodelcars.com,Sales Rep,San Francisco,+1 650-219-4782,USA,,Leslie Jennings,Susan Nelson,100 Market Street Suite 300 94080,5677 Strong St.  97562
42,139.64,2018-07-02,2018-07-12,2018-07-03,Shipped,,1976 Ford Gran Torino,Classic Cars,1:18,Gearbox Collectibles,9127,73.49,146.99,Mini Gifts Distributors Ltd.,+1 415-555-1450,San Rafael,USA,210500,ljennings@classicmodelcars.com,Sales Rep,San Francisco,+1 650-219-4782,USA,,Leslie Jennings,Susan Nelson,100 Market Street Suite 300 94080,5677 Strong St.  97562
45,49.74,2018-07-02,2018-07-12,2018-07-03,Shipped,,1957 Vespa GS150,Motorcycles,1:18,Studio M Art Models,7689,32.95,62.17,Mini Gifts Distributors Ltd.,+1 415-555-1450,San Rafael,USA,210500,ljennings@classicmodelcars.com,Sales Rep,San Francisco,+1 650-219-4782,USA,,Leslie Jennings,Susan Nelson,100 Market Street Suite 300 94080,5677 Strong St.  97562
31,133.92,2018-07-02,2018-07-12,2018-07-03,Shipped,,1957 Corvette Convertible,Classic Cars,1:18,Classic Metal Creations,1249,69.93,148.8,Mini Gifts Distributors Ltd.,+1 415-555-1450,San Rafael,USA,210500,ljennings@classicmodelcars.com,Sales Rep,San Francisco,+1 650-219-4782,USA,,Leslie Jennings,Susan Nelson,100 Market Street Suite 300 94080,5677 Strong St.  97562
29,67.18,2018-07-02,2018-07-12,2018-07-03,Shipped,,1982 Ducati 900 Monster,Motorcycles,1:24,Highway 66 Mini Classics,6840,47.1,69.26,Mini Gifts Distributors Ltd.,+1 415-555-1450,San Rafael,USA,210500,ljennings@classicmodelcars.com,Sales Rep,San Francisco,+1 650-219-4782,USA,,Leslie Jennings,Susan Nelson,100 Market Street Suite 300 94080,5677 Strong St.  97562
20,34.36,2018-07-02,2018-07-12,2018-07-03,Shipped,,1982 Lamborghini Diablo,Classic Cars,1:24,Second Gear Diecast,7723,16.24,37.76,Mini Gifts Distributors Ltd.,+1 415-555-1450,San Rafael,USA,210500,ljennings@classicmodelcars.com,Sales Rep,San Francisco,+1 650-219-4782,USA,,Leslie Jennings,Susan Nelson,100 Market Street Suite 300 94080,5677 Strong St.  97562
27,52.05,2018-07-02,2018-07-12,2018-07-03,Shipped,,1971 Alpine Renault 1600s,Classic Cars,1:24,Welly Diecast Productions,7995,38.58,61.23,Mini Gifts Distributors Ltd.,+1 415-555-1450,San Rafael,USA,210500,ljennings@classicmodelcars.com,Sales Rep,San Francisco,+1 650-219-4782,USA,,Leslie Jennings,Susan Nelson,100 Market Street Suite 300 94080,5677 Strong St.  97562
47,139.03,2018-07-02,2018-07-12,2018-07-03,Shipped,,1956 Porsche 356A Coupe,Classic Cars,1:18,Classic Metal Creations,6600,98.3,140.43,Mini Gifts Distributors Ltd.,+1 415-555-1450,San Rafael,USA,210500,ljennings@classicmodelcars.com,Sales Rep,San Francisco,+1 650-219-4782,USA,,Leslie Jennings,Susan Nelson,100 Market Street Suite 300 94080,5677 Strong St.  97562
23,76.8,2018-07-02,2018-07-12,2018-07-03,Shipped,,1961 Chevrolet Impala,Classic Cars,1:18,Classic Metal Creations,7869,32.33,80.84,Mini Gifts Distributors Ltd.,+1 415-555-1450,San Rafael,USA,210500,ljennings@classicmodelcars.com,Sales Rep,San Francisco,+1 650-219-4782,USA,,Leslie Jennings,Susan Nelson,100 Market Street Suite 300 94080,5677 Strong St.  97562
33,38.62,2018-07-02,2018-07-12,2018-07-03,Shipped,,1982 Ducati 996 R,Motorcycles,1:32,Gearbox Collectibles,9241,24.14,40.23,Mini Gifts Distributors Ltd.,+1 415-555-1450,San Rafael,USA,210500,ljennings@classicmodelcars.com,Sales Rep,San Francisco,+1 650-219-4782,USA,,Leslie Jennings,Susan Nelson,100 Market Street Suite 300 94080,5677 Strong St.  97562
30,91.85,2018-07-02,2018-07-12,2018-07-03,Shipped,,1974 Ducati 350 Mk3 Desmo,Motorcycles,1:32,Second Gear Diecast,3341,56.13,102.05,Mini Gifts Distributors Ltd.,+1 415-555-1450,San Rafael,USA,210500,ljennings@classicmodelcars.com,Sales Rep,San Francisco,+1 650-219-4782,USA,,Leslie Jennings,Susan Nelson,100 Market Street Suite 300 94080,5677 Strong St.  97562
44,78.92,2018-07-02,2018-07-12,2018-07-03,Shipped,,2002 Yamaha YZR M1,Motorcycles,1:50,Autoart Studio Design,600,34.17,81.36,Mini Gifts Distributors Ltd.,+1 415-555-1450,San Rafael,USA,210500,ljennings@classicmodelcars.com,Sales Rep,San Francisco,+1 650-219-4782,USA,,Leslie Jennings,Susan Nelson,100 Market Street Suite 300 94080,5677 Strong St.  97562
25,117.48,2018-07-04,2018-07-14,2018-07-06,Shipped,Customer is interested in buying more Ferrari models,1993 Mazda RX-7,Classic Cars,1:18,Highway 66 Mini Classics,3975,83.51,141.54,Alpha Cognac,,Toulouse,France,61100,ghernande@classicmodelcars.com,Sales Rep,Paris,+33 1 47 23 44 04,France,EMEA,Gerard Hernandez,Annette  Roulet,43 Rue Jouffroy Dabbans  75017,1 rue Alsace-Lorraine  31000
36,120.91,2018-07-04,2018-07-14,2018-07-06,Shipped,Customer is interested in buying more Ferrari models,1995 Honda Civic,Classic Cars,1:18,Min Lin Diecast,9772,93.89,142.25,Alpha Cognac,,Toulouse,France,61100,ghernande@classicmodelcars.com,Sales Rep,Paris,+33 1 47 23 44 04,France,EMEA,Gerard Hernandez,Annette  Roulet,43 Rue Jouffroy Dabbans  75017,1 rue Alsace-Lorraine  31000
41,169.34,2018-07-04,2018-07-14,2018-07-06,Shipped,Customer is interested in buying more Ferrari models,1992 Ferrari 360 Spider red,Classic Cars,1:18,Unimax Art Galleries,8347,77.9,169.34,Alpha Cognac,,Toulouse,France,61100,ghernande@classicmodelcars.com,Sales Rep,Paris,+33 1 47 23 44 04,France,EMEA,Gerard Hernandez,Annette  Roulet,43 Rue Jouffroy Dabbans  75017,1 rue Alsace-Lorraine  31000
44,115.73,2018-07-10,2018-07-20,2018-07-14,Shipped,,1965 Aston Martin DB5,Classic Cars,1:18,Classic Metal Creations,9042,65.96,124.44,Reims Collectables,,Reims,France,81100,lbondur@classicmodelcars.com,Sales Rep,Paris,+33 1 47 23 44 04,France,EMEA,Loui Bondur,Paul  Henriot,43 Rue Jouffroy Dabbans  75017,59 rue de lAbbaye  51100
37,110.88,2018-07-10,2018-07-20,2018-07-14,Shipped,,1999 Indy 500 Monte Carlo SS,Classic Cars,1:18,Red Start Diecast,8164,56.76,132.0,Reims Collectables,,Reims,France,81100,lbondur@classicmodelcars.com,Sales Rep,Paris,+33 1 47 23 44 04,France,EMEA,Loui Bondur,Paul  Henriot,43 Rue Jouffroy Dabbans  75017,59 rue de lAbbaye  51100
31,118.68,2018-07-10,2018-07-20,2018-07-14,Shipped,,1948 Porsche Type 356 Roadster,Classic Cars,1:18,Gearbox Collectibles,8990,62.16,141.28,Reims Collectables,,Reims,France,81100,lbondur@classicmodelcars.com,Sales Rep,Paris,+33 1 47 23 44 04,France,EMEA,Loui Bondur,Paul  Henriot,43 Rue Jouffroy Dabbans  75017,59 rue de lAbbaye  51100
26,40.25,2018-07-10,2018-07-20,2018-07-14,Shipped,,1966 Shelby Cobra 427 S/C,Classic Cars,1:24,Carousel DieCast Legends,8197,29.18,50.31,Reims Collectables,,Reims,France,81100,lbondur@classicmodelcars.com,Sales Rep,Paris,+33 1 47 23 44 04,France,EMEA,Loui Bondur,Paul  Henriot,43 Rue Jouffroy Dabbans  75017,59 rue de lAbbaye  51100
33,149.6,2018-07-07,2018-07-16,2018-07-13,Shipped,,1917 Grand Touring Sedan,Vintage Cars,1:18,Welly Diecast Productions,2724,86.7,170.0,Kellys Gift Shop,+64 9 555 5500,Auckland,New Zealand,110000,pmarsh@classicmodelcars.com,Sales Rep,Sydney,+61 2 9264 2451,Australia,APAC,Peter Marsh,Tony Snowden,5-11 Wentworth Avenue Floor #2 NSW 2010,Arenales 1938 3A
22,51.46,2018-07-07,2018-07-16,2018-07-13,Shipped,,1911 Ford Town Car,Vintage Cars,1:18,Motor City Art Classics,540,33.3,60.54,Kellys Gift Shop,+64 9 555 5500,Auckland,New Zealand,110000,pmarsh@classicmodelcars.com,Sales Rep,Sydney,+61 2 9264 2451,Australia,APAC,Peter Marsh,Tony Snowden,5-11 Wentworth Avenue Floor #2 NSW 2010,Arenales 1938 3A
38,114.42,2018-07-07,2018-07-16,2018-07-13,Shipped,,1932 Model A Ford J-Coupe,Vintage Cars,1:18,Autoart Studio Design,9354,58.48,127.13,Kellys Gift Shop,+64 9 555 5500,Auckland,New Zealand,110000,pmarsh@classicmodelcars.com,Sales Rep,Sydney,+61 2 9264 2451,Australia,APAC,Peter Marsh,Tony Snowden,5-11 Wentworth Avenue Floor #2 NSW 2010,Arenales 1938 3A
47,79.15,2018-07-07,2018-07-16,2018-07-13,Shipped,,1932 Alfa Romeo 8C2300 Spider Sport,Vintage Cars,1:18,Exoto Designs,6553,43.26,92.03,Kellys Gift Shop,+64 9 555 5500,Auckland,New Zealand,110000,pmarsh@classicmodelcars.com,Sales Rep,Sydney,+61 2 9264 2451,Australia,APAC,Peter Marsh,Tony Snowden,5-11 Wentworth Avenue Floor #2 NSW 2010,Arenales 1938 3A
23,64.86,2018-07-07,2018-07-16,2018-07-13,Shipped,,1957 Ford Thunderbird,Classic Cars,1:18,Studio M Art Models,3209,34.21,71.27,Kellys Gift Shop,+64 9 555 5500,Auckland,New Zealand,110000,pmarsh@classicmodelcars.com,Sales Rep,Sydney,+61 2 9264 2451,Australia,APAC,Peter Marsh,Tony Snowden,5-11 Wentworth Avenue Floor #2 NSW 2010,Arenales 1938 3A
45,59.53,2018-07-07,2018-07-16,2018-07-13,Shipped,,1970 Chevy Chevelle SS 454,Classic Cars,1:24,Unimax Art Galleries,1005,49.24,73.49,Kellys Gift Shop,+64 9 555 5500,Auckland,New Zealand,110000,pmarsh@classicmodelcars.com,Sales Rep,Sydney,+61 2 9264 2451,Australia,APAC,Peter Marsh,Tony Snowden,5-11 Wentworth Avenue Floor #2 NSW 2010,Arenales 1938 3A
22,33.19,2018-07-07,2018-07-16,2018-07-13,Shipped,,1939 Chevrolet Deluxe Coupe,Vintage Cars,1:24,Motor City Art Classics,7332,22.57,33.19,Kellys Gift Shop,+64 9 555 5500,Auckland,New Zealand,110000,pmarsh@classicmodelcars.com,Sales Rep,Sydney,+61 2 9264 2451,Australia,APAC,Peter Marsh,Tony Snowden,5-11 Wentworth Avenue Floor #2 NSW 2010,Arenales 1938 3A
33,38.53,2018-07-07,2018-07-16,2018-07-13,Shipped,,1938 Cadillac V-16 Presidential Limousine,Vintage Cars,1:24,Classic Metal Creations,2847,20.61,44.8,Kellys Gift Shop,+64 9 555 5500,Auckland,New Zealand,110000,pmarsh@classicmodelcars.com,Sales Rep,Sydney,+61 2 9264 2451,Australia,APAC,Peter Marsh,Tony Snowden,5-11 Wentworth Avenue Floor #2 NSW 2010,Arenales 1938 3A
28,73.6,2018-07-07,2018-07-16,2018-07-13,Shipped,,1949 Jaguar XK 120,Classic Cars,1:24,Classic Metal Creations,2350,47.25,90.87,Kellys Gift Shop,+64 9 555 5500,Auckland,New Zealand,110000,pmarsh@classicmodelcars.com,Sales Rep,Sydney,+61 2 9264 2451,Australia,APAC,Peter Marsh,Tony Snowden,5-11 Wentworth Avenue Floor #2 NSW 2010,Arenales 1938 3A
30,96.3,2018-07-07,2018-07-16,2018-07-13,Shipped,,1952 Citroen-15CV,Classic Cars,1:24,Exoto Designs,1452,72.82,117.44,Kellys Gift Shop,+64 9 555 5500,Auckland,New Zealand,110000,pmarsh@classicmodelcars.com,Sales Rep,Sydney,+61 2 9264 2451,Australia,APAC,Peter Marsh,Tony Snowden,5-11 Wentworth Avenue Floor #2 NSW 2010,Arenales 1938 3A
49,77.05,2018-07-07,2018-07-16,2018-07-13,Shipped,,1969 Chevrolet Camaro Z28,Classic Cars,1:24,Exoto Designs,4695,50.51,85.61,Kellys Gift Shop,+64 9 555 5500,Auckland,New Zealand,110000,pmarsh@classicmodelcars.com,Sales Rep,Sydney,+61 2 9264 2451,Australia,APAC,Peter Marsh,Tony Snowden,5-11 Wentworth Avenue Floor #2 NSW 2010,Arenales 1938 3A
21,99.58,2018-07-07,2018-07-16,2018-07-13,Shipped,,2002 Chevy Corvette,Classic Cars,1:24,Gearbox Collectibles,9446,62.11,107.08,Kellys Gift Shop,+64 9 555 5500,Auckland,New Zealand,110000,pmarsh@classicmodelcars.com,Sales Rep,Sydney,+61 2 9264 2451,Australia,APAC,Peter Marsh,Tony Snowden,5-11 Wentworth Avenue Floor #2 NSW 2010,Arenales 1938 3A
29,32.82,2018-07-07,2018-07-16,2018-07-13,Shipped,,1936 Mercedes Benz 500k Roadster,Vintage Cars,1:24,Red Start Diecast,2081,21.75,41.03,Kellys Gift Shop,+64 9 555 5500,Auckland,New Zealand,110000,pmarsh@classicmodelcars.com,Sales Rep,Sydney,+61 2 9264 2451,Australia,APAC,Peter Marsh,Tony Snowden,5-11 Wentworth Avenue Floor #2 NSW 2010,Arenales 1938 3A
31,89.38,2018-07-16,2018-07-23,2018-07-21,Shipped,,1937 Lincoln Berline,Vintage Cars,1:18,Motor City Art Classics,8693,60.62,102.74,Souveniers And Things Co.,+61 2 9495 8555,Chatswood,Australia,93300,afixter@classicmodelcars.com,Sales Rep,Sydney,+61 2 9264 2451,Australia,APAC,Andy Fixter,Adrian Huxley,5-11 Wentworth Avenue Floor #2 NSW 2010,Monitor Money Building 815 Pacific Hwy 2067
49,52.83,2018-07-16,2018-07-23,2018-07-21,Shipped,,1936 Mercedes-Benz 500K Special Roadster,Vintage Cars,1:18,Studio M Art Models,8635,24.26,53.91,Souveniers And Things Co.,+61 2 9495 8555,Chatswood,Australia,93300,afixter@classicmodelcars.com,Sales Rep,Sydney,+61 2 9264 2451,Australia,APAC,Andy Fixter,Adrian Huxley,5-11 Wentworth Avenue Floor #2 NSW 2010,Monitor Money Building 815 Pacific Hwy 2067
41,151.88,2018-07-16,2018-07-23,2018-07-21,Shipped,,1928 Mercedes-Benz SSK,Vintage Cars,1:18,Gearbox Collectibles,548,72.56,168.75,Souveniers And Things Co.,+61 2 9495 8555,Chatswood,Australia,93300,afixter@classicmodelcars.com,Sales Rep,Sydney,+61 2 9264 2451,Australia,APAC,Andy Fixter,Adrian Huxley,5-11 Wentworth Avenue Floor #2 NSW 2010,Monitor Money Building 815 Pacific Hwy 2067
46,91.18,2018-07-16,2018-07-23,2018-07-21,Shipped,,1913 Ford Model T Speedster,Vintage Cars,1:18,Carousel DieCast Legends,4189,60.78,101.31,Souveniers And Things Co.,+61 2 9495 8555,Chatswood,Australia,93300,afixter@classicmodelcars.com,Sales Rep,Sydney,+61 2 9264 2451,Australia,APAC,Andy Fixter,Adrian Huxley,5-11 Wentworth Avenue Floor #2 NSW 2010,Monitor Money Building 815 Pacific Hwy 2067
20,52.47,2018-07-16,2018-07-23,2018-07-21,Shipped,,1934 Ford V8 Coupe,Vintage Cars,1:18,Min Lin Diecast,5649,34.35,62.46,Souveniers And Things Co.,+61 2 9495 8555,Chatswood,Australia,93300,afixter@classicmodelcars.com,Sales Rep,Sydney,+61 2 9264 2451,Australia,APAC,Andy Fixter,Adrian Huxley,5-11 Wentworth Avenue Floor #2 NSW 2010,Monitor Money Building 815 Pacific Hwy 2067
20,101.58,2018-07-16,2018-07-23,2018-07-21,Shipped,,18th Century Vintage Horse Carriage,Vintage Cars,1:18,Red Start Diecast,5992,60.74,104.72,Souveniers And Things Co.,+61 2 9495 8555,Chatswood,Australia,93300,afixter@classicmodelcars.com,Sales Rep,Sydney,+61 2 9264 2451,Australia,APAC,Andy Fixter,Adrian Huxley,5-11 Wentworth Avenue Floor #2 NSW 2010,Monitor Money Building 815 Pacific Hwy 2067
30,81.35,2018-07-16,2018-07-23,2018-07-21,Shipped,,1917 Maxwell Touring Car,Vintage Cars,1:18,Exoto Designs,7913,57.54,99.21,Souveniers And Things Co.,+61 2 9495 8555,Chatswood,Australia,93300,afixter@classicmodelcars.com,Sales Rep,Sydney,+61 2 9264 2451,Australia,APAC,Andy Fixter,Adrian Huxley,5-11 Wentworth Avenue Floor #2 NSW 2010,Monitor Money Building 815 Pacific Hwy 2067
29,93.49,2018-07-16,2018-07-23,2018-07-21,Shipped,,1936 Chrysler Airflow,Vintage Cars,1:24,Second Gear Diecast,4710,57.46,97.39,Souveniers And Things Co.,+61 2 9495 8555,Chatswood,Australia,93300,afixter@classicmodelcars.com,Sales Rep,Sydney,+61 2 9264 2451,Australia,APAC,Andy Fixter,Adrian Huxley,5-11 Wentworth Avenue Floor #2 NSW 2010,Monitor Money Building 815 Pacific Hwy 2067
37,186.44,2018-07-24,2018-08-02,2018-07-30,Shipped,,1952 Alpine Renault 1300,Classic Cars,1:10,Classic Metal Creations,7305,98.58,214.3,Technics Stores Inc.,+1 650-555-6809,Burlingame,USA,84600,ljennings@classicmodelcars.com,Sales Rep,San Francisco,+1 650-219-4782,USA,,Leslie Jennings,Juri Hashimoto,100 Market Street Suite 300 94080,9408 Furth Circle  94217
26,131.49,2018-07-24,2018-08-02,2018-07-30,Shipped,,1962 LanciaA Delta 16V,Classic Cars,1:10,Second Gear Diecast,6791,103.42,147.74,Technics Stores Inc.,+1 650-555-6809,Burlingame,USA,84600,ljennings@classicmodelcars.com,Sales Rep,San Francisco,+1 650-219-4782,USA,,Leslie Jennings,Juri Hashimoto,100 Market Street Suite 300 94080,9408 Furth Circle  94217
38,118.9,2018-07-24,2018-08-02,2018-07-30,Shipped,,1958 Setra Bus,Trucks and Buses,1:12,Welly Diecast Productions,1579,77.9,136.67,Technics Stores Inc.,+1 650-555-6809,Burlingame,USA,84600,ljennings@classicmodelcars.com,Sales Rep,San Francisco,+1 650-219-4782,USA,,Leslie Jennings,Juri Hashimoto,100 Market Street Suite 300 94080,9408 Furth Circle  94217
32,95.67,2018-07-24,2018-08-02,2018-07-30,Shipped,,1940 Ford Pickup Truck,Trucks and Buses,1:18,Studio M Art Models,2613,58.33,116.67,Technics Stores Inc.,+1 650-555-6809,Burlingame,USA,84600,ljennings@classicmodelcars.com,Sales Rep,San Francisco,+1 650-219-4782,USA,,Leslie Jennings,Juri Hashimoto,100 Market Street Suite 300 94080,9408 Furth Circle  94217
46,51.05,2018-07-24,2018-08-02,2018-07-30,Shipped,,1926 Ford Fire Engine,Trucks and Buses,1:18,Carousel DieCast Legends,2019,24.92,60.77,Technics Stores Inc.,+1 650-555-6809,Burlingame,USA,84600,ljennings@classicmodelcars.com,Sales Rep,San Francisco,+1 650-219-4782,USA,,Leslie Jennings,Juri Hashimoto,100 Market Street Suite 300 94080,9408 Furth Circle  94217
40,100.5,2018-07-24,2018-08-02,2018-07-30,Shipped,,1940s Ford truck,Trucks and Buses,1:18,Motor City Art Classics,3128,84.76,121.08,Technics Stores Inc.,+1 650-555-6809,Burlingame,USA,84600,ljennings@classicmodelcars.com,Sales Rep,San Francisco,+1 650-219-4782,USA,,Leslie Jennings,Juri Hashimoto,100 Market Street Suite 300 94080,9408 Furth Circle  94217
29,40.25,2018-07-24,2018-08-02,2018-07-30,Shipped,,1939 Cadillac Limousine,Vintage Cars,1:18,Studio M Art Models,6645,23.14,50.31,Technics Stores Inc.,+1 650-555-6809,Burlingame,USA,84600,ljennings@classicmodelcars.com,Sales Rep,San Francisco,+1 650-219-4782,USA,,Leslie Jennings,Juri Hashimoto,100 Market Street Suite 300 94080,9408 Furth Circle  94217
47,118.84,2018-07-24,2018-08-02,2018-07-30,Shipped,,1962 Volkswagen Microbus,Trucks and Buses,1:24,Autoart Studio Design,2327,61.34,127.79,Technics Stores Inc.,+1 650-555-6809,Burlingame,USA,84600,ljennings@classicmodelcars.com,Sales Rep,San Francisco,+1 650-219-4782,USA,,Leslie Jennings,Juri Hashimoto,100 Market Street Suite 300 94080,9408 Furth Circle  94217
26,87.64,2018-07-24,2018-08-02,2018-07-30,Shipped,,1980’s GM Manhattan Express,Trucks and Buses,1:32,Motor City Art Classics,5099,53.93,96.31,Technics Stores Inc.,+1 650-555-6809,Burlingame,USA,84600,ljennings@classicmodelcars.com,Sales Rep,San Francisco,+1 650-219-4782,USA,,Leslie Jennings,Juri Hashimoto,100 Market Street Suite 300 94080,9408 Furth Circle  94217
28,62.05,2018-07-24,2018-08-02,2018-07-30,Shipped,,1996 Peterbilt 379 Stake Bed with Outrigger,Trucks and Buses,1:32,Red Start Diecast,814,33.61,64.64,Technics Stores Inc.,+1 650-555-6809,Burlingame,USA,84600,ljennings@classicmodelcars.com,Sales Rep,San Francisco,+1 650-219-4782,USA,,Leslie Jennings,Juri Hashimoto,100 Market Street Suite 300 94080,9408 Furth Circle  94217
36,101.15,2018-07-24,2018-08-02,2018-07-30,Shipped,,1982 Camaro Z28,Classic Cars,1:18,Carousel DieCast Legends,6934,46.53,101.15,Technics Stores Inc.,+1 650-555-6809,Burlingame,USA,84600,ljennings@classicmodelcars.com,Sales Rep,San Francisco,+1 650-219-4782,USA,,Leslie Jennings,Juri Hashimoto,100 Market Street Suite 300 94080,9408 Furth Circle  94217
21,114.95,2018-08-01,2018-08-09,2018-08-04,Shipped,,1957 Chevy Pickup,Trucks and Buses,1:12,Exoto Designs,6125,55.7,118.5,Suominen Souveniers,+358 9 8045555,Espoo,Finland,98800,lbott@classicmodelcars.com,Sales Rep,London,+44 20 7877 2041,UK,EMEA,Larry Bott,Kalle Suominen,25 Old Broad Street Level 7 EC2N 1HN,Software Engineering Center SEC Oy FIN-02271
39,160.46,2018-08-01,2018-08-09,2018-08-04,Shipped,,1998 Chrysler Plymouth Prowler,Classic Cars,1:18,Gearbox Collectibles,4724,101.51,163.73,Suominen Souveniers,+358 9 8045555,Espoo,Finland,98800,lbott@classicmodelcars.com,Sales Rep,London,+44 20 7877 2041,UK,EMEA,Larry Bott,Kalle Suominen,25 Old Broad Street Level 7 EC2N 1HN,Software Engineering Center SEC Oy FIN-02271
47,103.09,2018-08-01,2018-08-09,2018-08-04,Shipped,,1964 Mercedes Tour Bus,Trucks and Buses,1:18,Unimax Art Galleries,8258,74.86,122.73,Suominen Souveniers,+358 9 8045555,Espoo,Finland,98800,lbott@classicmodelcars.com,Sales Rep,London,+44 20 7877 2041,UK,EMEA,Larry Bott,Kalle Suominen,25 Old Broad Street Level 7 EC2N 1HN,Software Engineering Center SEC Oy FIN-02271
34,143.94,2018-08-01,2018-08-09,2018-08-04,Shipped,,1992 Ferrari 360 Spider red,Classic Cars,1:18,Unimax Art Galleries,8347,77.9,169.34,Suominen Souveniers,+358 9 8045555,Espoo,Finland,98800,lbott@classicmodelcars.com,Sales Rep,London,+44 20 7877 2041,UK,EMEA,Larry Bott,Kalle Suominen,25 Old Broad Street Level 7 EC2N 1HN,Software Engineering Center SEC Oy FIN-02271
20,50.86,2018-08-01,2018-08-09,2018-08-04,Shipped,,1970 Dodge Coronet,Classic Cars,1:24,Highway 66 Mini Classics,4074,32.37,57.8,Suominen Souveniers,+358 9 8045555,Espoo,Finland,98800,lbott@classicmodelcars.com,Sales Rep,London,+44 20 7877 2041,UK,EMEA,Larry Bott,Kalle Suominen,25 Old Broad Street Level 7 EC2N 1HN,Software Engineering Center SEC Oy FIN-02271
21,32.18,2018-08-01,2018-08-09,2018-08-04,Shipped,,1958 Chevy Corvette Limited Edition,Classic Cars,1:24,Carousel DieCast Legends,2542,15.91,35.36,Suominen Souveniers,+358 9 8045555,Espoo,Finland,98800,lbott@classicmodelcars.com,Sales Rep,London,+44 20 7877 2041,UK,EMEA,Larry Bott,Kalle Suominen,25 Old Broad Street Level 7 EC2N 1HN,Software Engineering Center SEC Oy FIN-02271
40,104.09,2018-08-01,2018-08-09,2018-08-04,Shipped,,1992 Porsche Cayenne Turbo Silver,Classic Cars,1:24,Exoto Designs,6582,69.78,118.28,Suominen Souveniers,+358 9 8045555,Espoo,Finland,98800,lbott@classicmodelcars.com,Sales Rep,London,+44 20 7877 2041,UK,EMEA,Larry Bott,Kalle Suominen,25 Old Broad Street Level 7 EC2N 1HN,Software Engineering Center SEC Oy FIN-02271
24,53.03,2018-08-01,2018-08-09,2018-08-04,Shipped,,1954 Greyhound Scenicruiser,Trucks and Buses,1:32,Classic Metal Creations,2874,25.98,54.11,Suominen Souveniers,+358 9 8045555,Espoo,Finland,98800,lbott@classicmodelcars.com,Sales Rep,London,+44 20 7877 2041,UK,EMEA,Larry Bott,Kalle Suominen,25 Old Broad Street Level 7 EC2N 1HN,Software Engineering Center SEC Oy FIN-02271
44,94.92,2018-08-01,2018-08-09,2018-08-04,Shipped,,Diamond T620 Semi-Skirted Tanker,Trucks and Buses,1:50,Highway 66 Mini Classics,1016,68.29,115.75,Suominen Souveniers,+358 9 8045555,Espoo,Finland,98800,lbott@classicmodelcars.com,Sales Rep,London,+44 20 7877 2041,UK,EMEA,Larry Bott,Kalle Suominen,25 Old Broad Street Level 7 EC2N 1HN,Software Engineering Center SEC Oy FIN-02271
33,166.24,2018-08-08,2018-08-16,2018-08-13,Shipped,,2001 Ferrari Enzo,Classic Cars,1:12,Second Gear Diecast,3619,95.59,207.8,Mini Gifts Distributors Ltd.,+1 415-555-1450,San Rafael,USA,210500,ljennings@classicmodelcars.com,Sales Rep,San Francisco,+1 650-219-4782,USA,,Leslie Jennings,Susan Nelson,100 Market Street Suite 300 94080,5677 Strong St.  97562
33,140.5,2018-08-08,2018-08-16,2018-08-13,Shipped,,1969 Corvair Monza,Classic Cars,1:18,Welly Diecast Productions,6906,89.14,151.08,Mini Gifts Distributors Ltd.,+1 415-555-1450,San Rafael,USA,210500,ljennings@classicmodelcars.com,Sales Rep,San Francisco,+1 650-219-4782,USA,,Leslie Jennings,Susan Nelson,100 Market Street Suite 300 94080,5677 Strong St.  97562
46,167.83,2018-08-08,2018-08-16,2018-08-13,Shipped,,1969 Ford Falcon,Classic Cars,1:12,Second Gear Diecast,1049,83.05,173.02,Mini Gifts Distributors Ltd.,+1 415-555-1450,San Rafael,USA,210500,ljennings@classicmodelcars.com,Sales Rep,San Francisco,+1 650-219-4782,USA,,Leslie Jennings,Susan Nelson,100 Market Street Suite 300 94080,5677 Strong St.  97562
47,129.76,2018-08-08,2018-08-16,2018-08-13,Shipped,,1903 Ford Model A,Vintage Cars,1:18,Unimax Art Galleries,3913,68.3,136.59,Mini Gifts Distributors Ltd.,+1 415-555-1450,San Rafael,USA,210500,ljennings@classicmodelcars.com,Sales Rep,San Francisco,+1 650-219-4782,USA,,Leslie Jennings,Susan Nelson,100 Market Street Suite 300 94080,5677 Strong St.  97562
22,95.8,2018-08-08,2018-08-16,2018-08-13,Shipped,,Collectable Wooden Train,Trains,1:18,Carousel DieCast Legends,6450,67.56,100.84,Mini Gifts Distributors Ltd.,+1 415-555-1450,San Rafael,USA,210500,ljennings@classicmodelcars.com,Sales Rep,San Francisco,+1 650-219-4782,USA,,Leslie Jennings,Susan Nelson,100 Market Street Suite 300 94080,5677 Strong St.  97562
24,122.08,2018-08-08,2018-08-16,2018-08-13,Shipped,,1970 Triumph Spitfire,Classic Cars,1:18,Min Lin Diecast,5545,91.92,143.62,Mini Gifts Distributors Ltd.,+1 415-555-1450,San Rafael,USA,210500,ljennings@classicmodelcars.com,Sales Rep,San Francisco,+1 650-219-4782,USA,,Leslie Jennings,Susan Nelson,100 Market Street Suite 300 94080,5677 Strong St.  97562
24,79.87,2018-08-08,2018-08-16,2018-08-13,Shipped,,1904 Buick Runabout,Vintage Cars,1:18,Exoto Designs,8290,52.66,87.77,Mini Gifts Distributors Ltd.,+1 415-555-1450,San Rafael,USA,210500,ljennings@classicmodelcars.com,Sales Rep,San Francisco,+1 650-219-4782,USA,,Leslie Jennings,Susan Nelson,100 Market Street Suite 300 94080,5677 Strong St.  97562
33,114.29,2018-08-08,2018-08-16,2018-08-13,Shipped,,18th century schooner,Ships,1:24,Carousel DieCast Legends,1898,82.34,122.89,Mini Gifts Distributors Ltd.,+1 415-555-1450,San Rafael,USA,210500,ljennings@classicmodelcars.com,Sales Rep,San Francisco,+1 650-219-4782,USA,,Leslie Jennings,Susan Nelson,100 Market Street Suite 300 94080,5677 Strong St.  97562
49,74.35,2018-08-08,2018-08-16,2018-08-13,Shipped,,1912 Ford Model T Delivery Wagon,Vintage Cars,1:24,Min Lin Diecast,9173,46.91,88.51,Mini Gifts Distributors Ltd.,+1 415-555-1450,San Rafael,USA,210500,ljennings@classicmodelcars.com,Sales Rep,San Francisco,+1 650-219-4782,USA,,Leslie Jennings,Susan Nelson,100 Market Street Suite 300 94080,5677 Strong St.  97562
42,60.9,2018-08-08,2018-08-16,2018-08-13,Shipped,,1950s Chicago Surface Lines Streetcar,Trains,1:32,Gearbox Collectibles,8601,26.72,62.14,Mini Gifts Distributors Ltd.,+1 415-555-1450,San Rafael,USA,210500,ljennings@classicmodelcars.com,Sales Rep,San Francisco,+1 650-219-4782,USA,,Leslie Jennings,Susan Nelson,100 Market Street Suite 300 94080,5677 Strong St.  97562
42,56.24,2018-08-08,2018-08-16,2018-08-13,Shipped,,1962 City of Detroit Streetcar,Trains,1:50,Classic Metal Creations,1645,37.49,58.58,Mini Gifts Distributors Ltd.,+1 415-555-1450,San Rafael,USA,210500,ljennings@classicmodelcars.com,Sales Rep,San Francisco,+1 650-219-4782,USA,,Leslie Jennings,Susan Nelson,100 Market Street Suite 300 94080,5677 Strong St.  97562
41,55.34,2018-08-08,2018-08-16,2018-08-13,Shipped,,The Schooner Bluenose,Ships,1:700,Autoart Studio Design,1897,34.0,66.67,Mini Gifts Distributors Ltd.,+1 415-555-1450,San Rafael,USA,210500,ljennings@classicmodelcars.com,Sales Rep,San Francisco,+1 650-219-4782,USA,,Leslie Jennings,Susan Nelson,100 Market Street Suite 300 94080,5677 Strong St.  97562
43,77.08,2018-08-08,2018-08-16,2018-08-13,Shipped,,The Mayflower,Ships,1:700,Studio M Art Models,737,43.3,86.61,Mini Gifts Distributors Ltd.,+1 415-555-1450,San Rafael,USA,210500,ljennings@classicmodelcars.com,Sales Rep,San Francisco,+1 650-219-4782,USA,,Leslie Jennings,Susan Nelson,100 Market Street Suite 300 94080,5677 Strong St.  97562
21,92.16,2018-08-08,2018-08-16,2018-08-13,Shipped,,The Titanic,Ships,1:700,Carousel DieCast Legends,1956,51.09,100.17,Mini Gifts Distributors Ltd.,+1 415-555-1450,San Rafael,USA,210500,ljennings@classicmodelcars.com,Sales Rep,San Francisco,+1 650-219-4782,USA,,Leslie Jennings,Susan Nelson,100 Market Street Suite 300 94080,5677 Strong St.  97562
38,91.37,2018-08-08,2018-08-16,2018-08-13,Shipped,,The Queen Mary,Ships,1:700,Welly Diecast Productions,5088,53.63,99.31,Mini Gifts Distributors Ltd.,+1 415-555-1450,San Rafael,USA,210500,ljennings@classicmodelcars.com,Sales Rep,San Francisco,+1 650-219-4782,USA,,Leslie Jennings,Susan Nelson,100 Market Street Suite 300 94080,5677 Strong St.  97562
39,46.96,2018-08-08,2018-08-16,2018-08-13,Shipped,,Pont Yacht,Ships,1:72,Unimax Art Galleries,414,33.3,54.6,Mini Gifts Distributors Ltd.,+1 415-555-1450,San Rafael,USA,210500,ljennings@classicmodelcars.com,Sales Rep,San Francisco,+1 650-219-4782,USA,,Leslie Jennings,Susan Nelson,100 Market Street Suite 300 94080,5677 Strong St.  97562
49,133.28,2018-08-10,2018-08-18,2018-08-12,Shipped,Can we deliver the new Ford Mustang models by end-of-quarter?,1972 Alfa Romeo GTA,Classic Cars,1:10,Motor City Art Classics,3252,85.68,136.0,Mini Creations Ltd.,+1 508-555-9555,New Bedford,USA,94500,jfirrelli@classicmodelcars.com,Sales Rep,Boston,+1 215-837-0825,USA,,Julie Firrelli,Wing Huang,1550 Court Place Suite 102 02107,4575 Hillside Dr.  50553
32,126.15,2018-08-10,2018-08-18,2018-08-12,Shipped,Can we deliver the new Ford Mustang models by end-of-quarter?,1980s Black Hawk Helicopter,Planes,1:18,Red Start Diecast,5330,77.27,157.69,Mini Creations Ltd.,+1 508-555-9555,New Bedford,USA,94500,jfirrelli@classicmodelcars.com,Sales Rep,Boston,+1 215-837-0825,USA,,Julie Firrelli,Wing Huang,1550 Court Place Suite 102 02107,4575 Hillside Dr.  50553
46,70.54,2018-08-10,2018-08-18,2018-08-12,Shipped,Can we deliver the new Ford Mustang models by end-of-quarter?,1999 Yamaha Speed Boat,Ships,1:18,Min Lin Diecast,4259,51.61,86.02,Mini Creations Ltd.,+1 508-555-9555,New Bedford,USA,94500,jfirrelli@classicmodelcars.com,Sales Rep,Boston,+1 215-837-0825,USA,,Julie Firrelli,Wing Huang,1550 Court Place Suite 102 02107,4575 Hillside Dr.  50553
34,99.52,2018-08-10,2018-08-18,2018-08-12,Shipped,Can we deliver the new Ford Mustang models by end-of-quarter?,1941 Chevrolet Special Deluxe Cabriolet,Vintage Cars,1:18,Exoto Designs,2378,64.58,105.87,Mini Creations Ltd.,+1 508-555-9555,New Bedford,USA,94500,jfirrelli@classicmodelcars.com,Sales Rep,Boston,+1 215-837-0825,USA,,Julie Firrelli,Wing Huang,1550 Court Place Suite 102 02107,4575 Hillside Dr.  50553
27,63.71,2018-08-10,2018-08-18,2018-08-12,Shipped,Can we deliver the new Ford Mustang models by end-of-quarter?,1900s Vintage Bi-Plane,Planes,1:24,Autoart Studio Design,5942,34.25,68.51,Mini Creations Ltd.,+1 508-555-9555,New Bedford,USA,94500,jfirrelli@classicmodelcars.com,Sales Rep,Boston,+1 215-837-0825,USA,,Julie Firrelli,Wing Huang,1550 Court Place Suite 102 02107,4575 Hillside Dr.  50553
33,59.83,2018-08-10,2018-08-18,2018-08-12,Shipped,Can we deliver the new Ford Mustang models by end-of-quarter?,1937 Horch 930V Limousine,Vintage Cars,1:24,Autoart Studio Design,2902,26.3,65.75,Mini Creations Ltd.,+1 508-555-9555,New Bedford,USA,94500,jfirrelli@classicmodelcars.com,Sales Rep,Boston,+1 215-837-0825,USA,,Julie Firrelli,Wing Huang,1550 Court Place Suite 102 02107,4575 Hillside Dr.  50553
23,74.64,2018-08-10,2018-08-18,2018-08-12,Shipped,Can we deliver the new Ford Mustang models by end-of-quarter?,1940 Ford Delivery Sedan,Vintage Cars,1:24,Carousel DieCast Legends,6621,48.64,83.86,Mini Creations Ltd.,+1 508-555-9555,New Bedford,USA,94500,jfirrelli@classicmodelcars.com,Sales Rep,Boston,+1 215-837-0825,USA,,Julie Firrelli,Wing Huang,1550 Court Place Suite 102 02107,4575 Hillside Dr.  50553
28,55.96,2018-08-10,2018-08-18,2018-08-12,Shipped,Can we deliver the new Ford Mustang models by end-of-quarter?,Corsair F4U ( Bird Cage),Planes,1:24,Second Gear Diecast,6812,29.34,68.24,Mini Creations Ltd.,+1 508-555-9555,New Bedford,USA,94500,jfirrelli@classicmodelcars.com,Sales Rep,Boston,+1 215-837-0825,USA,,Julie Firrelli,Wing Huang,1550 Court Place Suite 102 02107,4575 Hillside Dr.  50553
34,34.91,2018-08-10,2018-08-18,2018-08-12,Shipped,Can we deliver the new Ford Mustang models by end-of-quarter?,1930 Buick Marquette Phaeton,Vintage Cars,1:50,Studio M Art Models,7062,27.06,43.64,Mini Creations Ltd.,+1 508-555-9555,New Bedford,USA,94500,jfirrelli@classicmodelcars.com,Sales Rep,Boston,+1 215-837-0825,USA,,Julie Firrelli,Wing Huang,1550 Court Place Suite 102 02107,4575 Hillside Dr.  50553
36,86.77,2018-08-10,2018-08-18,2018-08-12,Shipped,Can we deliver the new Ford Mustang models by end-of-quarter?,American Airlines: B767-300,Planes,1:700,Min Lin Diecast,5841,51.15,91.34,Mini Creations Ltd.,+1 508-555-9555,New Bedford,USA,94500,jfirrelli@classicmodelcars.com,Sales Rep,Boston,+1 215-837-0825,USA,,Julie Firrelli,Wing Huang,1550 Court Place Suite 102 02107,4575 Hillside Dr.  50553
26,87.8,2018-08-10,2018-08-18,2018-08-12,Shipped,Can we deliver the new Ford Mustang models by end-of-quarter?,HMS Bounty,Ships,1:700,Unimax Art Galleries,3501,39.83,90.52,Mini Creations Ltd.,+1 508-555-9555,New Bedford,USA,94500,jfirrelli@classicmodelcars.com,Sales Rep,Boston,+1 215-837-0825,USA,,Julie Firrelli,Wing Huang,1550 Court Place Suite 102 02107,4575 Hillside Dr.  50553
26,79.78,2018-08-10,2018-08-18,2018-08-12,Shipped,Can we deliver the new Ford Mustang models by end-of-quarter?,America West Airlines B757-200,Planes,1:700,Motor City Art Classics,9653,68.8,99.72,Mini Creations Ltd.,+1 508-555-9555,New Bedford,USA,94500,jfirrelli@classicmodelcars.com,Sales Rep,Boston,+1 215-837-0825,USA,,Julie Firrelli,Wing Huang,1550 Court Place Suite 102 02107,4575 Hillside Dr.  50553
31,69.39,2018-08-10,2018-08-18,2018-08-12,Shipped,Can we deliver the new Ford Mustang models by end-of-quarter?,The USS Constitution Ship,Ships,1:700,Red Start Diecast,7083,33.97,72.28,Mini Creations Ltd.,+1 508-555-9555,New Bedford,USA,94500,jfirrelli@classicmodelcars.com,Sales Rep,Boston,+1 215-837-0825,USA,,Julie Firrelli,Wing Huang,1550 Court Place Suite 102 02107,4575 Hillside Dr.  50553
28,70.4,2018-08-10,2018-08-18,2018-08-12,Shipped,Can we deliver the new Ford Mustang models by end-of-quarter?,F/A 18 Hornet 1/72,Planes,1:72,Motor City Art Classics,551,54.4,80.0,Mini Creations Ltd.,+1 508-555-9555,New Bedford,USA,94500,jfirrelli@classicmodelcars.com,Sales Rep,Boston,+1 215-837-0825,USA,,Julie Firrelli,Wing Huang,1550 Court Place Suite 102 02107,4575 Hillside Dr.  50553
34,65.15,2018-08-10,2018-08-18,2018-08-12,Shipped,Can we deliver the new Ford Mustang models by end-of-quarter?,American Airlines: MD-11S,Planes,1:700,Second Gear Diecast,8820,36.27,74.03,Mini Creations Ltd.,+1 508-555-9555,New Bedford,USA,94500,jfirrelli@classicmodelcars.com,Sales Rep,Boston,+1 215-837-0825,USA,,Julie Firrelli,Wing Huang,1550 Court Place Suite 102 02107,4575 Hillside Dr.  50553
37,49.66,2018-08-10,2018-08-18,2018-08-12,Shipped,Can we deliver the new Ford Mustang models by end-of-quarter?,Boeing X-32A JSF,Planes,1:72,Motor City Art Classics,4857,32.77,49.66,Mini Creations Ltd.,+1 508-555-9555,New Bedford,USA,94500,jfirrelli@classicmodelcars.com,Sales Rep,Boston,+1 215-837-0825,USA,,Julie Firrelli,Wing Huang,1550 Court Place Suite 102 02107,4575 Hillside Dr.  50553
20,56.41,2018-08-13,2018-08-21,2018-08-14,Shipped,,1928 Ford Phaeton Deluxe,Vintage Cars,1:32,Highway 66 Mini Classics,136,33.02,68.79,Royale Belge,,Charleroi,Belgium,23500,pcastillo@classicmodelcars.com,Sales Rep,Paris,+33 1 47 23 44 04,France,EMEA,Pamela Castillo,Pascale  Cartrain,43 Rue Jouffroy Dabbans  75017,"Boulevard Tirou, 255  B-6000"
45,76.56,2018-08-25,2018-09-02,2018-08-31,Shipped,,1969 Harley Davidson Ultimate Chopper,Motorcycles,1:10,Min Lin Diecast,7933,48.81,95.7,Toys4GrownUps.com,+1 626-555-7265,Pasadena,USA,90700,lthompson@classicmodelcars.com,Sales Rep,San Francisco,+1 650-219-4782,USA,,Leslie Thompson,Julie Young,100 Market Street Suite 300 94080,78934 Hillside Dr.  90003
37,104.67,2018-08-25,2018-09-02,2018-08-31,Shipped,,1996 Moto Guzzi 1100i,Motorcycles,1:10,Highway 66 Mini Classics,6625,68.99,118.94,Toys4GrownUps.com,+1 626-555-7265,Pasadena,USA,90700,lthompson@classicmodelcars.com,Sales Rep,San Francisco,+1 650-219-4782,USA,,Leslie Thompson,Julie Young,100 Market Street Suite 300 94080,78934 Hillside Dr.  90003
33,154.93,2018-08-25,2018-09-02,2018-08-31,Shipped,,2003 Harley-Davidson Eagle Drag Bike,Motorcycles,1:10,Red Start Diecast,5582,91.02,193.66,Toys4GrownUps.com,+1 626-555-7265,Pasadena,USA,90700,lthompson@classicmodelcars.com,Sales Rep,San Francisco,+1 650-219-4782,USA,,Leslie Thompson,Julie Young,100 Market Street Suite 300 94080,78934 Hillside Dr.  90003
49,146.1,2018-08-25,2018-09-02,2018-08-31,Shipped,,2002 Suzuki XREO,Motorcycles,1:12,Unimax Art Galleries,9997,66.27,150.62,Toys4GrownUps.com,+1 626-555-7265,Pasadena,USA,90700,lthompson@classicmodelcars.com,Sales Rep,San Francisco,+1 650-219-4782,USA,,Leslie Thompson,Julie Young,100 Market Street Suite 300 94080,78934 Hillside Dr.  90003
30,71.81,2018-08-25,2018-09-02,2018-08-31,Shipped,,P-51-D Mustang,Planes,1:72,Gearbox Collectibles,992,49.0,84.48,Toys4GrownUps.com,+1 626-555-7265,Pasadena,USA,90700,lthompson@classicmodelcars.com,Sales Rep,San Francisco,+1 650-219-4782,USA,,Leslie Thompson,Julie Young,100 Market Street Suite 300 94080,78934 Hillside Dr.  90003
30,52.7,2018-08-25,2018-09-02,2018-08-31,Shipped,,1936 Harley Davidson El Knucklehead,Motorcycles,1:18,Welly Diecast Productions,4357,24.23,60.57,Toys4GrownUps.com,+1 626-555-7265,Pasadena,USA,90700,lthompson@classicmodelcars.com,Sales Rep,San Francisco,+1 650-219-4782,USA,,Leslie Thompson,Julie Young,100 Market Street Suite 300 94080,78934 Hillside Dr.  90003
43,103.68,2018-08-25,2018-09-02,2018-08-31,Shipped,,1997 BMW R 1100 S,Motorcycles,1:24,Autoart Studio Design,7003,60.86,112.7,Toys4GrownUps.com,+1 626-555-7265,Pasadena,USA,90700,lthompson@classicmodelcars.com,Sales Rep,San Francisco,+1 650-219-4782,USA,,Leslie Thompson,Julie Young,100 Market Street Suite 300 94080,78934 Hillside Dr.  90003
40,87.54,2018-08-25,2018-09-02,2018-08-31,Shipped,,1928 British Royal Navy Airplane,Planes,1:24,Classic Metal Creations,3627,66.74,109.42,Toys4GrownUps.com,+1 626-555-7265,Pasadena,USA,90700,lthompson@classicmodelcars.com,Sales Rep,San Francisco,+1 650-219-4782,USA,,Leslie Thompson,Julie Young,100 Market Street Suite 300 94080,78934 Hillside Dr.  90003
47,63.98,2018-08-25,2018-09-02,2018-08-31,Shipped,,1960 BSA Gold Star DBD34,Motorcycles,1:24,Highway 66 Mini Classics,15,37.32,76.17,Toys4GrownUps.com,+1 626-555-7265,Pasadena,USA,90700,lthompson@classicmodelcars.com,Sales Rep,San Francisco,+1 650-219-4782,USA,,Leslie Thompson,Julie Young,100 Market Street Suite 300 94080,78934 Hillside Dr.  90003
27,56.1,2018-08-25,2018-09-02,2018-08-31,Shipped,,1982 Ducati 900 Monster,Motorcycles,1:24,Highway 66 Mini Classics,6840,47.1,69.26,Toys4GrownUps.com,+1 626-555-7265,Pasadena,USA,90700,lthompson@classicmodelcars.com,Sales Rep,San Francisco,+1 650-219-4782,USA,,Leslie Thompson,Julie Young,100 Market Street Suite 300 94080,78934 Hillside Dr.  90003
33,71.73,2018-08-25,2018-09-02,2018-08-31,Shipped,,1900s Vintage Tri-Plane,Planes,1:24,Unimax Art Galleries,2756,36.23,72.45,Toys4GrownUps.com,+1 626-555-7265,Pasadena,USA,90700,lthompson@classicmodelcars.com,Sales Rep,San Francisco,+1 650-219-4782,USA,,Leslie Thompson,Julie Young,100 Market Street Suite 300 94080,78934 Hillside Dr.  90003
33,99.89,2018-08-25,2018-09-02,2018-08-31,Shipped,,1997 BMW F650 ST,Motorcycles,1:32,Exoto Designs,178,66.92,99.89,Toys4GrownUps.com,+1 626-555-7265,Pasadena,USA,90700,lthompson@classicmodelcars.com,Sales Rep,San Francisco,+1 650-219-4782,USA,,Leslie Thompson,Julie Young,100 Market Street Suite 300 94080,78934 Hillside Dr.  90003
31,39.43,2018-08-25,2018-09-02,2018-08-31,Shipped,,1982 Ducati 996 R,Motorcycles,1:32,Gearbox Collectibles,9241,24.14,40.23,Toys4GrownUps.com,+1 626-555-7265,Pasadena,USA,90700,lthompson@classicmodelcars.com,Sales Rep,San Francisco,+1 650-219-4782,USA,,Leslie Thompson,Julie Young,100 Market Street Suite 300 94080,78934 Hillside Dr.  90003
27,95.93,2018-08-25,2018-09-02,2018-08-31,Shipped,,1974 Ducati 350 Mk3 Desmo,Motorcycles,1:32,Second Gear Diecast,3341,56.13,102.05,Toys4GrownUps.com,+1 626-555-7265,Pasadena,USA,90700,lthompson@classicmodelcars.com,Sales Rep,San Francisco,+1 650-219-4782,USA,,Leslie Thompson,Julie Young,100 Market Street Suite 300 94080,78934 Hillside Dr.  90003
38,73.22,2018-08-25,2018-09-02,2018-08-31,Shipped,,2002 Yamaha YZR M1,Motorcycles,1:50,Autoart Studio Design,600,34.17,81.36,Toys4GrownUps.com,+1 626-555-7265,Pasadena,USA,90700,lthompson@classicmodelcars.com,Sales Rep,San Francisco,+1 650-219-4782,USA,,Leslie Thompson,Julie Young,100 Market Street Suite 300 94080,78934 Hillside Dr.  90003
20,113.9,2018-08-25,2018-09-02,2018-08-31,Shipped,,ATA: B757-300,Planes,1:700,Highway 66 Mini Classics,7106,59.33,118.65,Toys4GrownUps.com,+1 626-555-7265,Pasadena,USA,90700,lthompson@classicmodelcars.com,Sales Rep,San Francisco,+1 650-219-4782,USA,,Leslie Thompson,Julie Young,100 Market Street Suite 300 94080,78934 Hillside Dr.  90003
47,60.3,2018-09-03,2018-09-13,2018-09-06,Shipped,,1957 Vespa GS150,Motorcycles,1:18,Studio M Art Models,7689,32.95,62.17,Gift Ideas Corp.,+1 203-555-4407,Glendale,USA,49700,gvanauf@classicmodelcars.com,Sales Rep,NYC,+1 212-555-3000,USA,,George Vanauf,Dan Lewis,523 East 53rd Street apt. 5A 10022,2440 Pompton St.  97561
29,130.94,2018-09-03,2018-09-13,2018-09-06,Shipped,,1957 Corvette Convertible,Classic Cars,1:18,Classic Metal Creations,1249,69.93,148.8,Gift Ideas Corp.,+1 203-555-4407,Glendale,USA,49700,gvanauf@classicmodelcars.com,Sales Rep,NYC,+1 212-555-3000,USA,,George Vanauf,Dan Lewis,523 East 53rd Street apt. 5A 10022,2440 Pompton St.  97561
48,161.49,2018-09-05,2018-09-12,2018-09-09,Shipped,,1968 Ford Mustang,Classic Cars,1:12,Autoart Studio Design,68,95.34,194.57,Collectables For Less Inc.,+1 617-555-8555,Brickhaven,USA,70700,jfirrelli@classicmodelcars.com,Sales Rep,Boston,+1 215-837-0825,USA,,Julie Firrelli,Allen Nelson,1550 Court Place Suite 102 02107,7825 Douglas Av.  58339
31,110.39,2018-09-05,2018-09-12,2018-09-09,Shipped,,1968 Dodge Charger,Classic Cars,1:12,Welly Diecast Productions,9123,75.16,117.44,Collectables For Less Inc.,+1 617-555-8555,Brickhaven,USA,70700,jfirrelli@classicmodelcars.com,Sales Rep,Boston,+1 215-837-0825,USA,,Julie Firrelli,Allen Nelson,1550 Court Place Suite 102 02107,7825 Douglas Av.  58339
21,74.21,2018-09-05,2018-09-12,2018-09-09,Shipped,,1970 Plymouth Hemi Cuda,Classic Cars,1:12,Studio M Art Models,5663,31.92,79.8,Collectables For Less Inc.,+1 617-555-8555,Brickhaven,USA,70700,jfirrelli@classicmodelcars.com,Sales Rep,Boston,+1 215-837-0825,USA,,Julie Firrelli,Allen Nelson,1550 Court Place Suite 102 02107,7825 Douglas Av.  58339
33,97.89,2018-09-05,2018-09-12,2018-09-09,Shipped,,1969 Dodge Charger,Classic Cars,1:12,Welly Diecast Productions,7323,58.73,115.16,Collectables For Less Inc.,+1 617-555-8555,Brickhaven,USA,70700,jfirrelli@classicmodelcars.com,Sales Rep,Boston,+1 215-837-0825,USA,,Julie Firrelli,Allen Nelson,1550 Court Place Suite 102 02107,7825 Douglas Av.  58339
26,70.84,2018-09-05,2018-09-12,2018-09-09,Shipped,,1948 Porsche 356-A Roadster,Classic Cars,1:18,Gearbox Collectibles,8826,53.9,77.0,Collectables For Less Inc.,+1 617-555-8555,Brickhaven,USA,70700,jfirrelli@classicmodelcars.com,Sales Rep,Boston,+1 215-837-0825,USA,,Julie Firrelli,Allen Nelson,1550 Court Place Suite 102 02107,7825 Douglas Av.  58339
36,74.78,2018-09-05,2018-09-12,2018-09-09,Shipped,,1969 Dodge Super Bee,Classic Cars,1:18,Min Lin Diecast,1917,49.05,80.41,Collectables For Less Inc.,+1 617-555-8555,Brickhaven,USA,70700,jfirrelli@classicmodelcars.com,Sales Rep,Boston,+1 215-837-0825,USA,,Julie Firrelli,Allen Nelson,1550 Court Place Suite 102 02107,7825 Douglas Av.  58339
37,129.35,2018-09-05,2018-09-12,2018-09-09,Shipped,,1976 Ford Gran Torino,Classic Cars,1:18,Gearbox Collectibles,9127,73.49,146.99,Collectables For Less Inc.,+1 617-555-8555,Brickhaven,USA,70700,jfirrelli@classicmodelcars.com,Sales Rep,Boston,+1 215-837-0825,USA,,Julie Firrelli,Allen Nelson,1550 Court Place Suite 102 02107,7825 Douglas Av.  58339
25,33.23,2018-09-05,2018-09-12,2018-09-09,Shipped,,1982 Lamborghini Diablo,Classic Cars,1:24,Second Gear Diecast,7723,16.24,37.76,Collectables For Less Inc.,+1 617-555-8555,Brickhaven,USA,70700,jfirrelli@classicmodelcars.com,Sales Rep,Boston,+1 215-837-0825,USA,,Julie Firrelli,Allen Nelson,1550 Court Place Suite 102 02107,7825 Douglas Av.  58339
30,48.98,2018-09-05,2018-09-12,2018-09-09,Shipped,,1971 Alpine Renault 1600s,Classic Cars,1:24,Welly Diecast Productions,7995,38.58,61.23,Collectables For Less Inc.,+1 617-555-8555,Brickhaven,USA,70700,jfirrelli@classicmodelcars.com,Sales Rep,Boston,+1 215-837-0825,USA,,Julie Firrelli,Allen Nelson,1550 Court Place Suite 102 02107,7825 Douglas Av.  58339
23,123.58,2018-09-05,2018-09-12,2018-09-09,Shipped,,1956 Porsche 356A Coupe,Classic Cars,1:18,Classic Metal Creations,6600,98.3,140.43,Collectables For Less Inc.,+1 617-555-8555,Brickhaven,USA,70700,jfirrelli@classicmodelcars.com,Sales Rep,Boston,+1 215-837-0825,USA,,Julie Firrelli,Allen Nelson,1550 Court Place Suite 102 02107,7825 Douglas Av.  58339
31,72.76,2018-09-05,2018-09-12,2018-09-09,Shipped,,1961 Chevrolet Impala,Classic Cars,1:18,Classic Metal Creations,7869,32.33,80.84,Collectables For Less Inc.,+1 617-555-8555,Brickhaven,USA,70700,jfirrelli@classicmodelcars.com,Sales Rep,Boston,+1 215-837-0825,USA,,Julie Firrelli,Allen Nelson,1550 Court Place Suite 102 02107,7825 Douglas Av.  58339
23,114.65,2018-09-11,2018-09-21,2018-09-15,Shipped,They want to reevaluate their terms agreement with Finance.,1993 Mazda RX-7,Classic Cars,1:18,Highway 66 Mini Classics,3975,83.51,141.54,"Annas Decorations, Ltd",+61 2 9936 8555,North Sydney,Australia,107800,afixter@classicmodelcars.com,Sales Rep,Sydney,+61 2 9264 2451,Australia,APAC,Andy Fixter,Anna OHara,5-11 Wentworth Avenue Floor #2 NSW 2010,201 Miller Street Level 15 2060
47,108.26,2018-09-11,2018-09-21,2018-09-15,Shipped,They want to reevaluate their terms agreement with Finance.,1965 Aston Martin DB5,Classic Cars,1:18,Classic Metal Creations,9042,65.96,124.44,"Annas Decorations, Ltd",+61 2 9936 8555,North Sydney,Australia,107800,afixter@classicmodelcars.com,Sales Rep,Sydney,+61 2 9264 2451,Australia,APAC,Andy Fixter,Anna OHara,5-11 Wentworth Avenue Floor #2 NSW 2010,201 Miller Street Level 15 2060
25,136.56,2018-09-11,2018-09-21,2018-09-15,Shipped,They want to reevaluate their terms agreement with Finance.,1995 Honda Civic,Classic Cars,1:18,Min Lin Diecast,9772,93.89,142.25,"Annas Decorations, Ltd",+61 2 9936 8555,North Sydney,Australia,107800,afixter@classicmodelcars.com,Sales Rep,Sydney,+61 2 9264 2451,Australia,APAC,Andy Fixter,Anna OHara,5-11 Wentworth Avenue Floor #2 NSW 2010,201 Miller Street Level 15 2060
27,113.52,2018-09-11,2018-09-21,2018-09-15,Shipped,They want to reevaluate their terms agreement with Finance.,1999 Indy 500 Monte Carlo SS,Classic Cars,1:18,Red Start Diecast,8164,56.76,132.0,"Annas Decorations, Ltd",+61 2 9936 8555,North Sydney,Australia,107800,afixter@classicmodelcars.com,Sales Rep,Sydney,+61 2 9264 2451,Australia,APAC,Andy Fixter,Anna OHara,5-11 Wentworth Avenue Floor #2 NSW 2010,201 Miller Street Level 15 2060
32,143.94,2018-09-11,2018-09-21,2018-09-15,Shipped,They want to reevaluate their terms agreement with Finance.,1992 Ferrari 360 Spider red,Classic Cars,1:18,Unimax Art Galleries,8347,77.9,169.34,"Annas Decorations, Ltd",+61 2 9936 8555,North Sydney,Australia,107800,afixter@classicmodelcars.com,Sales Rep,Sydney,+61 2 9264 2451,Australia,APAC,Andy Fixter,Anna OHara,5-11 Wentworth Avenue Floor #2 NSW 2010,201 Miller Street Level 15 2060
28,135.63,2018-09-11,2018-09-21,2018-09-15,Shipped,They want to reevaluate their terms agreement with Finance.,1948 Porsche Type 356 Roadster,Classic Cars,1:18,Gearbox Collectibles,8990,62.16,141.28,"Annas Decorations, Ltd",+61 2 9936 8555,North Sydney,Australia,107800,afixter@classicmodelcars.com,Sales Rep,Sydney,+61 2 9264 2451,Australia,APAC,Andy Fixter,Anna OHara,5-11 Wentworth Avenue Floor #2 NSW 2010,201 Miller Street Level 15 2060
34,83.75,2018-09-11,2018-09-21,2018-09-15,Shipped,They want to reevaluate their terms agreement with Finance.,1932 Alfa Romeo 8C2300 Spider Sport,Vintage Cars,1:18,Exoto Designs,6553,43.26,92.03,"Annas Decorations, Ltd",+61 2 9936 8555,North Sydney,Australia,107800,afixter@classicmodelcars.com,Sales Rep,Sydney,+61 2 9264 2451,Australia,APAC,Andy Fixter,Anna OHara,5-11 Wentworth Avenue Floor #2 NSW 2010,201 Miller Street Level 15 2060
29,66.28,2018-09-11,2018-09-21,2018-09-15,Shipped,They want to reevaluate their terms agreement with Finance.,1957 Ford Thunderbird,Classic Cars,1:18,Studio M Art Models,3209,34.21,71.27,"Annas Decorations, Ltd",+61 2 9936 8555,North Sydney,Australia,107800,afixter@classicmodelcars.com,Sales Rep,Sydney,+61 2 9264 2451,Australia,APAC,Andy Fixter,Anna OHara,5-11 Wentworth Avenue Floor #2 NSW 2010,201 Miller Street Level 15 2060
25,65.41,2018-09-11,2018-09-21,2018-09-15,Shipped,They want to reevaluate their terms agreement with Finance.,1970 Chevy Chevelle SS 454,Classic Cars,1:24,Unimax Art Galleries,1005,49.24,73.49,"Annas Decorations, Ltd",+61 2 9936 8555,North Sydney,Australia,107800,afixter@classicmodelcars.com,Sales Rep,Sydney,+61 2 9264 2451,Australia,APAC,Andy Fixter,Anna OHara,5-11 Wentworth Avenue Floor #2 NSW 2010,201 Miller Street Level 15 2060
47,46.29,2018-09-11,2018-09-21,2018-09-15,Shipped,They want to reevaluate their terms agreement with Finance.,1966 Shelby Cobra 427 S/C,Classic Cars,1:24,Carousel DieCast Legends,8197,29.18,50.31,"Annas Decorations, Ltd",+61 2 9936 8555,North Sydney,Australia,107800,afixter@classicmodelcars.com,Sales Rep,Sydney,+61 2 9264 2451,Australia,APAC,Andy Fixter,Anna OHara,5-11 Wentworth Avenue Floor #2 NSW 2010,201 Miller Street Level 15 2060
21,77.24,2018-09-11,2018-09-21,2018-09-15,Shipped,They want to reevaluate their terms agreement with Finance.,1949 Jaguar XK 120,Classic Cars,1:24,Classic Metal Creations,2350,47.25,90.87,"Annas Decorations, Ltd",+61 2 9936 8555,North Sydney,Australia,107800,afixter@classicmodelcars.com,Sales Rep,Sydney,+61 2 9264 2451,Australia,APAC,Andy Fixter,Anna OHara,5-11 Wentworth Avenue Floor #2 NSW 2010,201 Miller Street Level 15 2060
34,115.09,2018-09-11,2018-09-21,2018-09-15,Shipped,They want to reevaluate their terms agreement with Finance.,1952 Citroen-15CV,Classic Cars,1:24,Exoto Designs,1452,72.82,117.44,"Annas Decorations, Ltd",+61 2 9936 8555,North Sydney,Australia,107800,afixter@classicmodelcars.com,Sales Rep,Sydney,+61 2 9264 2451,Australia,APAC,Andy Fixter,Anna OHara,5-11 Wentworth Avenue Floor #2 NSW 2010,201 Miller Street Level 15 2060
31,71.91,2018-09-11,2018-09-21,2018-09-15,Shipped,They want to reevaluate their terms agreement with Finance.,1969 Chevrolet Camaro Z28,Classic Cars,1:24,Exoto Designs,4695,50.51,85.61,"Annas Decorations, Ltd",+61 2 9936 8555,North Sydney,Australia,107800,afixter@classicmodelcars.com,Sales Rep,Sydney,+61 2 9264 2451,Australia,APAC,Andy Fixter,Anna OHara,5-11 Wentworth Avenue Floor #2 NSW 2010,201 Miller Street Level 15 2060
27,96.37,2018-09-11,2018-09-21,2018-09-15,Shipped,They want to reevaluate their terms agreement with Finance.,2002 Chevy Corvette,Classic Cars,1:24,Gearbox Collectibles,9446,62.11,107.08,"Annas Decorations, Ltd",+61 2 9936 8555,North Sydney,Australia,107800,afixter@classicmodelcars.com,Sales Rep,Sydney,+61 2 9264 2451,Australia,APAC,Andy Fixter,Anna OHara,5-11 Wentworth Avenue Floor #2 NSW 2010,201 Miller Street Level 15 2060
50,87.33,2018-09-12,2018-09-18,2018-09-17,Shipped,,1937 Lincoln Berline,Vintage Cars,1:18,Motor City Art Classics,8693,60.62,102.74,Signal Collectibles Ltd.,+1 415-555-4312,Brisbane,USA,60300,ljennings@classicmodelcars.com,Sales Rep,San Francisco,+1 650-219-4782,USA,,Leslie Jennings,Sue Taylor,100 Market Street Suite 300 94080,2793 Furth Circle  94217
30,48.52,2018-09-12,2018-09-18,2018-09-17,Shipped,,1936 Mercedes-Benz 500K Special Roadster,Vintage Cars,1:18,Studio M Art Models,8635,24.26,53.91,Signal Collectibles Ltd.,+1 415-555-4312,Brisbane,USA,60300,ljennings@classicmodelcars.com,Sales Rep,San Francisco,+1 650-219-4782,USA,,Leslie Jennings,Sue Taylor,100 Market Street Suite 300 94080,2793 Furth Circle  94217
34,156.4,2018-09-12,2018-09-18,2018-09-17,Shipped,,1917 Grand Touring Sedan,Vintage Cars,1:18,Welly Diecast Productions,2724,86.7,170.0,Signal Collectibles Ltd.,+1 415-555-4312,Brisbane,USA,60300,ljennings@classicmodelcars.com,Sales Rep,San Francisco,+1 650-219-4782,USA,,Leslie Jennings,Sue Taylor,100 Market Street Suite 300 94080,2793 Furth Circle  94217
24,50.85,2018-09-12,2018-09-18,2018-09-17,Shipped,,1911 Ford Town Car,Vintage Cars,1:18,Motor City Art Classics,540,33.3,60.54,Signal Collectibles Ltd.,+1 415-555-4312,Brisbane,USA,60300,ljennings@classicmodelcars.com,Sales Rep,San Francisco,+1 650-219-4782,USA,,Leslie Jennings,Sue Taylor,100 Market Street Suite 300 94080,2793 Furth Circle  94217
33,125.86,2018-09-12,2018-09-18,2018-09-17,Shipped,,1932 Model A Ford J-Coupe,Vintage Cars,1:18,Autoart Studio Design,9354,58.48,127.13,Signal Collectibles Ltd.,+1 415-555-4312,Brisbane,USA,60300,ljennings@classicmodelcars.com,Sales Rep,San Francisco,+1 650-219-4782,USA,,Leslie Jennings,Sue Taylor,100 Market Street Suite 300 94080,2793 Furth Circle  94217
23,167.06,2018-09-12,2018-09-18,2018-09-17,Shipped,,1928 Mercedes-Benz SSK,Vintage Cars,1:18,Gearbox Collectibles,548,72.56,168.75,Signal Collectibles Ltd.,+1 415-555-4312,Brisbane,USA,60300,ljennings@classicmodelcars.com,Sales Rep,San Francisco,+1 650-219-4782,USA,,Leslie Jennings,Sue Taylor,100 Market Street Suite 300 94080,2793 Furth Circle  94217
42,89.29,2018-09-12,2018-09-18,2018-09-17,Shipped,,1917 Maxwell Touring Car,Vintage Cars,1:18,Exoto Designs,7913,57.54,99.21,Signal Collectibles Ltd.,+1 415-555-4312,Brisbane,USA,60300,ljennings@classicmodelcars.com,Sales Rep,San Francisco,+1 650-219-4782,USA,,Leslie Jennings,Sue Taylor,100 Market Street Suite 300 94080,2793 Furth Circle  94217
36,31.2,2018-09-12,2018-09-18,2018-09-17,Shipped,,1939 Chevrolet Deluxe Coupe,Vintage Cars,1:24,Motor City Art Classics,7332,22.57,33.19,Signal Collectibles Ltd.,+1 415-555-4312,Brisbane,USA,60300,ljennings@classicmodelcars.com,Sales Rep,San Francisco,+1 650-219-4782,USA,,Leslie Jennings,Sue Taylor,100 Market Street Suite 300 94080,2793 Furth Circle  94217
49,39.87,2018-09-12,2018-09-18,2018-09-17,Shipped,,1938 Cadillac V-16 Presidential Limousine,Vintage Cars,1:24,Classic Metal Creations,2847,20.61,44.8,Signal Collectibles Ltd.,+1 415-555-4312,Brisbane,USA,60300,ljennings@classicmodelcars.com,Sales Rep,San Francisco,+1 650-219-4782,USA,,Leslie Jennings,Sue Taylor,100 Market Street Suite 300 94080,2793 Furth Circle  94217
26,38.57,2018-09-12,2018-09-18,2018-09-17,Shipped,,1936 Mercedes Benz 500k Roadster,Vintage Cars,1:24,Red Start Diecast,2081,21.75,41.03,Signal Collectibles Ltd.,+1 415-555-4312,Brisbane,USA,60300,ljennings@classicmodelcars.com,Sales Rep,San Francisco,+1 650-219-4782,USA,,Leslie Jennings,Sue Taylor,100 Market Street Suite 300 94080,2793 Furth Circle  94217
20,90.57,2018-09-12,2018-09-18,2018-09-17,Shipped,,1936 Chrysler Airflow,Vintage Cars,1:24,Second Gear Diecast,4710,57.46,97.39,Signal Collectibles Ltd.,+1 415-555-4312,Brisbane,USA,60300,ljennings@classicmodelcars.com,Sales Rep,San Francisco,+1 650-219-4782,USA,,Leslie Jennings,Sue Taylor,100 Market Street Suite 300 94080,2793 Furth Circle  94217
45,182.16,2018-09-19,2018-09-27,2018-09-21,Shipped,They want to reevaluate their terms agreement with Finance.,1952 Alpine Renault 1300,Classic Cars,1:10,Classic Metal Creations,7305,98.58,214.3,"Dragon Souveniers, Ltd.",,Singapore,Singapore,103800,mnishi@classicmodelcars.com,Sales Rep,Tokyo,+81 3-3224-5000,Japan,Japan,Mami Nishi,Eric Natividad,4-1 Kioicho  102-8578,Bronz Sok. Bronz Apt. 3/6 Tesvikiye 79903
20,121.15,2018-09-19,2018-09-27,2018-09-21,Shipped,They want to reevaluate their terms agreement with Finance.,1962 LanciaA Delta 16V,Classic Cars,1:10,Second Gear Diecast,6791,103.42,147.74,"Dragon Souveniers, Ltd.",,Singapore,Singapore,103800,mnishi@classicmodelcars.com,Sales Rep,Tokyo,+81 3-3224-5000,Japan,Japan,Mami Nishi,Eric Natividad,4-1 Kioicho  102-8578,Bronz Sok. Bronz Apt. 3/6 Tesvikiye 79903
30,135.3,2018-09-19,2018-09-27,2018-09-21,Shipped,They want to reevaluate their terms agreement with Finance.,1958 Setra Bus,Trucks and Buses,1:12,Welly Diecast Productions,1579,77.9,136.67,"Dragon Souveniers, Ltd.",,Singapore,Singapore,103800,mnishi@classicmodelcars.com,Sales Rep,Tokyo,+81 3-3224-5000,Japan,Japan,Mami Nishi,Eric Natividad,4-1 Kioicho  102-8578,Bronz Sok. Bronz Apt. 3/6 Tesvikiye 79903
34,95.67,2018-09-19,2018-09-27,2018-09-21,Shipped,They want to reevaluate their terms agreement with Finance.,1940 Ford Pickup Truck,Trucks and Buses,1:18,Studio M Art Models,2613,58.33,116.67,"Dragon Souveniers, Ltd.",,Singapore,Singapore,103800,mnishi@classicmodelcars.com,Sales Rep,Tokyo,+81 3-3224-5000,Japan,Japan,Mami Nishi,Eric Natividad,4-1 Kioicho  102-8578,Bronz Sok. Bronz Apt. 3/6 Tesvikiye 79903
47,93.21,2018-09-19,2018-09-27,2018-09-21,Shipped,They want to reevaluate their terms agreement with Finance.,1913 Ford Model T Speedster,Vintage Cars,1:18,Carousel DieCast Legends,4189,60.78,101.31,"Dragon Souveniers, Ltd.",,Singapore,Singapore,103800,mnishi@classicmodelcars.com,Sales Rep,Tokyo,+81 3-3224-5000,Japan,Japan,Mami Nishi,Eric Natividad,4-1 Kioicho  102-8578,Bronz Sok. Bronz Apt. 3/6 Tesvikiye 79903
30,56.21,2018-09-19,2018-09-27,2018-09-21,Shipped,They want to reevaluate their terms agreement with Finance.,1934 Ford V8 Coupe,Vintage Cars,1:18,Min Lin Diecast,5649,34.35,62.46,"Dragon Souveniers, Ltd.",,Singapore,Singapore,103800,mnishi@classicmodelcars.com,Sales Rep,Tokyo,+81 3-3224-5000,Japan,Japan,Mami Nishi,Eric Natividad,4-1 Kioicho  102-8578,Bronz Sok. Bronz Apt. 3/6 Tesvikiye 79903
26,97.39,2018-09-19,2018-09-27,2018-09-21,Shipped,They want to reevaluate their terms agreement with Finance.,18th Century Vintage Horse Carriage,Vintage Cars,1:18,Red Start Diecast,5992,60.74,104.72,"Dragon Souveniers, Ltd.",,Singapore,Singapore,103800,mnishi@classicmodelcars.com,Sales Rep,Tokyo,+81 3-3224-5000,Japan,Japan,Mami Nishi,Eric Natividad,4-1 Kioicho  102-8578,Bronz Sok. Bronz Apt. 3/6 Tesvikiye 79903
49,111.39,2018-09-19,2018-09-27,2018-09-21,Shipped,They want to reevaluate their terms agreement with Finance.,1940s Ford truck,Trucks and Buses,1:18,Motor City Art Classics,3128,84.76,121.08,"Dragon Souveniers, Ltd.",,Singapore,Singapore,103800,mnishi@classicmodelcars.com,Sales Rep,Tokyo,+81 3-3224-5000,Japan,Japan,Mami Nishi,Eric Natividad,4-1 Kioicho  102-8578,Bronz Sok. Bronz Apt. 3/6 Tesvikiye 79903
30,47.29,2018-09-19,2018-09-27,2018-09-21,Shipped,They want to reevaluate their terms agreement with Finance.,1939 Cadillac Limousine,Vintage Cars,1:18,Studio M Art Models,6645,23.14,50.31,"Dragon Souveniers, Ltd.",,Singapore,Singapore,103800,mnishi@classicmodelcars.com,Sales Rep,Tokyo,+81 3-3224-5000,Japan,Japan,Mami Nishi,Eric Natividad,4-1 Kioicho  102-8578,Bronz Sok. Bronz Apt. 3/6 Tesvikiye 79903
49,62.05,2018-09-19,2018-09-27,2018-09-21,Shipped,They want to reevaluate their terms agreement with Finance.,1996 Peterbilt 379 Stake Bed with Outrigger,Trucks and Buses,1:32,Red Start Diecast,814,33.61,64.64,"Dragon Souveniers, Ltd.",,Singapore,Singapore,103800,mnishi@classicmodelcars.com,Sales Rep,Tokyo,+81 3-3224-5000,Japan,Japan,Mami Nishi,Eric Natividad,4-1 Kioicho  102-8578,Bronz Sok. Bronz Apt. 3/6 Tesvikiye 79903
20,95.08,2018-09-19,2018-09-27,2018-09-21,Shipped,They want to reevaluate their terms agreement with Finance.,1982 Camaro Z28,Classic Cars,1:18,Carousel DieCast Legends,6934,46.53,101.15,"Dragon Souveniers, Ltd.",,Singapore,Singapore,103800,mnishi@classicmodelcars.com,Sales Rep,Tokyo,+81 3-3224-5000,Japan,Japan,Mami Nishi,Eric Natividad,4-1 Kioicho  102-8578,Bronz Sok. Bronz Apt. 3/6 Tesvikiye 79903
24,114.95,2018-09-21,2018-09-30,2018-09-24,Shipped,,1957 Chevy Pickup,Trucks and Buses,1:12,Exoto Designs,6125,55.7,118.5,"Oulu Toy Supplies, Inc.",+358 9 81443655,Oulu,Finland,90500,lbott@classicmodelcars.com,Sales Rep,London,+44 20 7877 2041,UK,EMEA,Larry Bott,Pirkko Koskitalo,25 Old Broad Street Level 7 EC2N 1HN,Torikatu 38  90110
43,152.27,2018-09-21,2018-09-30,2018-09-24,Shipped,,1998 Chrysler Plymouth Prowler,Classic Cars,1:18,Gearbox Collectibles,4724,101.51,163.73,"Oulu Toy Supplies, Inc.",+358 9 81443655,Oulu,Finland,90500,lbott@classicmodelcars.com,Sales Rep,London,+44 20 7877 2041,UK,EMEA,Larry Bott,Pirkko Koskitalo,25 Old Broad Street Level 7 EC2N 1HN,Torikatu 38  90110
49,106.78,2018-09-21,2018-09-30,2018-09-24,Shipped,,1964 Mercedes Tour Bus,Trucks and Buses,1:18,Unimax Art Galleries,8258,74.86,122.73,"Oulu Toy Supplies, Inc.",+358 9 81443655,Oulu,Finland,90500,lbott@classicmodelcars.com,Sales Rep,London,+44 20 7877 2041,UK,EMEA,Larry Bott,Pirkko Koskitalo,25 Old Broad Street Level 7 EC2N 1HN,Torikatu 38  90110
39,58.34,2018-09-21,2018-09-30,2018-09-24,Shipped,,1926 Ford Fire Engine,Trucks and Buses,1:18,Carousel DieCast Legends,2019,24.92,60.77,"Oulu Toy Supplies, Inc.",+358 9 81443655,Oulu,Finland,90500,lbott@classicmodelcars.com,Sales Rep,London,+44 20 7877 2041,UK,EMEA,Larry Bott,Pirkko Koskitalo,25 Old Broad Street Level 7 EC2N 1HN,Torikatu 38  90110
21,167.65,2018-09-21,2018-09-30,2018-09-24,Shipped,,1992 Ferrari 360 Spider red,Classic Cars,1:18,Unimax Art Galleries,8347,77.9,169.34,"Oulu Toy Supplies, Inc.",+358 9 81443655,Oulu,Finland,90500,lbott@classicmodelcars.com,Sales Rep,London,+44 20 7877 2041,UK,EMEA,Larry Bott,Pirkko Koskitalo,25 Old Broad Street Level 7 EC2N 1HN,Torikatu 38  90110
42,109.9,2018-09-21,2018-09-30,2018-09-24,Shipped,,1962 Volkswagen Microbus,Trucks and Buses,1:24,Autoart Studio Design,2327,61.34,127.79,"Oulu Toy Supplies, Inc.",+358 9 81443655,Oulu,Finland,90500,lbott@classicmodelcars.com,Sales Rep,London,+44 20 7877 2041,UK,EMEA,Larry Bott,Pirkko Koskitalo,25 Old Broad Street Level 7 EC2N 1HN,Torikatu 38  90110
30,29.35,2018-09-21,2018-09-30,2018-09-24,Shipped,,1958 Chevy Corvette Limited Edition,Classic Cars,1:24,Carousel DieCast Legends,2542,15.91,35.36,"Oulu Toy Supplies, Inc.",+358 9 81443655,Oulu,Finland,90500,lbott@classicmodelcars.com,Sales Rep,London,+44 20 7877 2041,UK,EMEA,Larry Bott,Pirkko Koskitalo,25 Old Broad Street Level 7 EC2N 1HN,Torikatu 38  90110
27,84.75,2018-09-21,2018-09-30,2018-09-24,Shipped,,1980’s GM Manhattan Express,Trucks and Buses,1:32,Motor City Art Classics,5099,53.93,96.31,"Oulu Toy Supplies, Inc.",+358 9 81443655,Oulu,Finland,90500,lbott@classicmodelcars.com,Sales Rep,London,+44 20 7877 2041,UK,EMEA,Larry Bott,Pirkko Koskitalo,25 Old Broad Street Level 7 EC2N 1HN,Torikatu 38  90110
41,43.29,2018-09-21,2018-09-30,2018-09-24,Shipped,,1954 Greyhound Scenicruiser,Trucks and Buses,1:32,Classic Metal Creations,2874,25.98,54.11,"Oulu Toy Supplies, Inc.",+358 9 81443655,Oulu,Finland,90500,lbott@classicmodelcars.com,Sales Rep,London,+44 20 7877 2041,UK,EMEA,Larry Bott,Pirkko Koskitalo,25 Old Broad Street Level 7 EC2N 1HN,Torikatu 38  90110
26,108.81,2018-09-21,2018-09-30,2018-09-24,Shipped,,Diamond T620 Semi-Skirted Tanker,Trucks and Buses,1:50,Highway 66 Mini Classics,1016,68.29,115.75,"Oulu Toy Supplies, Inc.",+358 9 81443655,Oulu,Finland,90500,lbott@classicmodelcars.com,Sales Rep,London,+44 20 7877 2041,UK,EMEA,Larry Bott,Pirkko Koskitalo,25 Old Broad Street Level 7 EC2N 1HN,Torikatu 38  90110
35,117.77,2018-09-25,2018-10-03,2018-10-01,Shipped,,1970 Triumph Spitfire,Classic Cars,1:18,Min Lin Diecast,5545,91.92,143.62,"Australian Gift Network, Co",+61 7 3844 6555,South Brisbane,Australia,51600,afixter@classicmodelcars.com,Sales Rep,Sydney,+61 2 9264 2451,Australia,APAC,Andy Fixter,Ben Calaghan,5-11 Wentworth Avenue Floor #2 NSW 2010,31 Duncan St. West End  4101
25,49.13,2018-09-25,2018-10-03,2018-10-01,Shipped,,1970 Dodge Coronet,Classic Cars,1:24,Highway 66 Mini Classics,4074,32.37,57.8,"Australian Gift Network, Co",+61 7 3844 6555,South Brisbane,Australia,51600,afixter@classicmodelcars.com,Sales Rep,Sydney,+61 2 9264 2451,Australia,APAC,Andy Fixter,Ben Calaghan,5-11 Wentworth Avenue Floor #2 NSW 2010,31 Duncan St. West End  4101
23,112.37,2018-09-25,2018-10-03,2018-10-01,Shipped,,1992 Porsche Cayenne Turbo Silver,Classic Cars,1:24,Exoto Designs,6582,69.78,118.28,"Australian Gift Network, Co",+61 7 3844 6555,South Brisbane,Australia,51600,afixter@classicmodelcars.com,Sales Rep,Sydney,+61 2 9264 2451,Australia,APAC,Andy Fixter,Ben Calaghan,5-11 Wentworth Avenue Floor #2 NSW 2010,31 Duncan St. West End  4101
33,57.17,2018-09-25,2018-10-03,2018-10-01,Shipped,,1950s Chicago Surface Lines Streetcar,Trains,1:32,Gearbox Collectibles,8601,26.72,62.14,"Australian Gift Network, Co",+61 7 3844 6555,South Brisbane,Australia,51600,afixter@classicmodelcars.com,Sales Rep,Sydney,+61 2 9264 2451,Australia,APAC,Andy Fixter,Ben Calaghan,5-11 Wentworth Avenue Floor #2 NSW 2010,31 Duncan St. West End  4101
20,201.57,2018-09-28,2018-10-05,2018-10-03,Shipped,,2001 Ferrari Enzo,Classic Cars,1:12,Second Gear Diecast,3619,95.59,207.8,Euro+ Shopping Channel,+34 915 55 94 44,Madrid,Spain,227600,ghernande@classicmodelcars.com,Sales Rep,Paris,+33 1 47 23 44 04,France,EMEA,Gerard Hernandez,Diego  Freyre,43 Rue Jouffroy Dabbans  75017,"C/ Moralzarzal, 86  28034"
42,128.42,2018-09-28,2018-10-05,2018-10-03,Shipped,,1969 Corvair Monza,Classic Cars,1:18,Welly Diecast Productions,6906,89.14,151.08,Euro+ Shopping Channel,+34 915 55 94 44,Madrid,Spain,227600,ghernande@classicmodelcars.com,Sales Rep,Paris,+33 1 47 23 44 04,France,EMEA,Gerard Hernandez,Diego  Freyre,43 Rue Jouffroy Dabbans  75017,"C/ Moralzarzal, 86  28034"
49,155.72,2018-09-28,2018-10-05,2018-10-03,Shipped,,1969 Ford Falcon,Classic Cars,1:12,Second Gear Diecast,1049,83.05,173.02,Euro+ Shopping Channel,+34 915 55 94 44,Madrid,Spain,227600,ghernande@classicmodelcars.com,Sales Rep,Paris,+33 1 47 23 44 04,France,EMEA,Gerard Hernandez,Diego  Freyre,43 Rue Jouffroy Dabbans  75017,"C/ Moralzarzal, 86  28034"
31,125.66,2018-09-28,2018-10-05,2018-10-03,Shipped,,1903 Ford Model A,Vintage Cars,1:18,Unimax Art Galleries,3913,68.3,136.59,Euro+ Shopping Channel,+34 915 55 94 44,Madrid,Spain,227600,ghernande@classicmodelcars.com,Sales Rep,Paris,+33 1 47 23 44 04,France,EMEA,Gerard Hernandez,Diego  Freyre,43 Rue Jouffroy Dabbans  75017,"C/ Moralzarzal, 86  28034"
29,82.69,2018-09-28,2018-10-05,2018-10-03,Shipped,,Collectable Wooden Train,Trains,1:18,Carousel DieCast Legends,6450,67.56,100.84,Euro+ Shopping Channel,+34 915 55 94 44,Madrid,Spain,227600,ghernande@classicmodelcars.com,Sales Rep,Paris,+33 1 47 23 44 04,France,EMEA,Gerard Hernandez,Diego  Freyre,43 Rue Jouffroy Dabbans  75017,"C/ Moralzarzal, 86  28034"
22,82.5,2018-09-28,2018-10-05,2018-10-03,Shipped,,1904 Buick Runabout,Vintage Cars,1:18,Exoto Designs,8290,52.66,87.77,Euro+ Shopping Channel,+34 915 55 94 44,Madrid,Spain,227600,ghernande@classicmodelcars.com,Sales Rep,Paris,+33 1 47 23 44 04,France,EMEA,Gerard Hernandez,Diego  Freyre,43 Rue Jouffroy Dabbans  75017,"C/ Moralzarzal, 86  28034"
40,111.83,2018-09-28,2018-10-05,2018-10-03,Shipped,,18th century schooner,Ships,1:24,Carousel DieCast Legends,1898,82.34,122.89,Euro+ Shopping Channel,+34 915 55 94 44,Madrid,Spain,227600,ghernande@classicmodelcars.com,Sales Rep,Paris,+33 1 47 23 44 04,France,EMEA,Gerard Hernandez,Diego  Freyre,43 Rue Jouffroy Dabbans  75017,"C/ Moralzarzal, 86  28034"
31,53.31,2018-09-28,2018-10-05,2018-10-03,Shipped,,1962 City of Detroit Streetcar,Trains,1:50,Classic Metal Creations,1645,37.49,58.58,Euro+ Shopping Channel,+34 915 55 94 44,Madrid,Spain,227600,ghernande@classicmodelcars.com,Sales Rep,Paris,+33 1 47 23 44 04,France,EMEA,Gerard Hernandez,Diego  Freyre,43 Rue Jouffroy Dabbans  75017,"C/ Moralzarzal, 86  28034"
43,58.0,2018-09-28,2018-10-05,2018-10-03,Shipped,,The Schooner Bluenose,Ships,1:700,Autoart Studio Design,1897,34.0,66.67,Euro+ Shopping Channel,+34 915 55 94 44,Madrid,Spain,227600,ghernande@classicmodelcars.com,Sales Rep,Paris,+33 1 47 23 44 04,France,EMEA,Gerard Hernandez,Diego  Freyre,43 Rue Jouffroy Dabbans  75017,"C/ Moralzarzal, 86  28034"
31,80.55,2018-09-28,2018-10-05,2018-10-03,Shipped,,The Mayflower,Ships,1:700,Studio M Art Models,737,43.3,86.61,Euro+ Shopping Channel,+34 915 55 94 44,Madrid,Spain,227600,ghernande@classicmodelcars.com,Sales Rep,Paris,+33 1 47 23 44 04,France,EMEA,Gerard Hernandez,Diego  Freyre,43 Rue Jouffroy Dabbans  75017,"C/ Moralzarzal, 86  28034"
50,87.15,2018-09-28,2018-10-05,2018-10-03,Shipped,,The Titanic,Ships,1:700,Carousel DieCast Legends,1956,51.09,100.17,Euro+ Shopping Channel,+34 915 55 94 44,Madrid,Spain,227600,ghernande@classicmodelcars.com,Sales Rep,Paris,+33 1 47 23 44 04,France,EMEA,Gerard Hernandez,Diego  Freyre,43 Rue Jouffroy Dabbans  75017,"C/ Moralzarzal, 86  28034"
20,85.41,2018-09-28,2018-10-05,2018-10-03,Shipped,,The Queen Mary,Ships,1:700,Welly Diecast Productions,5088,53.63,99.31,Euro+ Shopping Channel,+34 915 55 94 44,Madrid,Spain,227600,ghernande@classicmodelcars.com,Sales Rep,Paris,+33 1 47 23 44 04,France,EMEA,Gerard Hernandez,Diego  Freyre,43 Rue Jouffroy Dabbans  75017,"C/ Moralzarzal, 86  28034"
50,51.87,2018-09-28,2018-10-05,2018-10-03,Shipped,,Pont Yacht,Ships,1:72,Unimax Art Galleries,414,33.3,54.6,Euro+ Shopping Channel,+34 915 55 94 44,Madrid,Spain,227600,ghernande@classicmodelcars.com,Sales Rep,Paris,+33 1 47 23 44 04,France,EMEA,Gerard Hernandez,Diego  Freyre,43 Rue Jouffroy Dabbans  75017,"C/ Moralzarzal, 86  28034"
31,75.23,2018-10-02,2018-10-12,2018-10-08,Shipped,,1912 Ford Model T Delivery Wagon,Vintage Cars,1:24,Min Lin Diecast,9173,46.91,88.51,Boards & Toys Co.,+1 310-555-2373,Glendale,USA,11000,lthompson@classicmodelcars.com,Sales Rep,San Francisco,+1 650-219-4782,USA,,Leslie Thompson,Mary Young,100 Market Street Suite 300 94080,4097 Douglas Av.  92561
36,59.27,2018-10-02,2018-10-12,2018-10-08,Shipped,,The USS Constitution Ship,Ships,1:700,Red Start Diecast,7083,33.97,72.28,Boards & Toys Co.,+1 310-555-2373,Glendale,USA,11000,lthompson@classicmodelcars.com,Sales Rep,San Francisco,+1 650-219-4782,USA,,Leslie Thompson,Mary Young,100 Market Street Suite 300 94080,4097 Douglas Av.  92561
32,129.2,2018-10-06,2018-10-13,2018-10-07,Shipped,,1972 Alfa Romeo GTA,Classic Cars,1:10,Motor City Art Classics,3252,85.68,136.0,"Toys of Finland, Co.",,Helsinki,Finland,96500,lbott@classicmodelcars.com,Sales Rep,London,+44 20 7877 2041,UK,EMEA,Larry Bott,Matti Karttunen,25 Old Broad Street Level 7 EC2N 1HN,Keskuskatu 45  21240
38,138.77,2018-10-06,2018-10-13,2018-10-07,Shipped,,1980s Black Hawk Helicopter,Planes,1:18,Red Start Diecast,5330,77.27,157.69,"Toys of Finland, Co.",,Helsinki,Finland,96500,lbott@classicmodelcars.com,Sales Rep,London,+44 20 7877 2041,UK,EMEA,Larry Bott,Matti Karttunen,25 Old Broad Street Level 7 EC2N 1HN,Keskuskatu 45  21240
44,83.44,2018-10-06,2018-10-13,2018-10-07,Shipped,,1999 Yamaha Speed Boat,Ships,1:18,Min Lin Diecast,4259,51.61,86.02,"Toys of Finland, Co.",,Helsinki,Finland,96500,lbott@classicmodelcars.com,Sales Rep,London,+44 20 7877 2041,UK,EMEA,Larry Bott,Matti Karttunen,25 Old Broad Street Level 7 EC2N 1HN,Keskuskatu 45  21240
29,105.87,2018-10-06,2018-10-13,2018-10-07,Shipped,,1941 Chevrolet Special Deluxe Cabriolet,Vintage Cars,1:18,Exoto Designs,2378,64.58,105.87,"Toys of Finland, Co.",,Helsinki,Finland,96500,lbott@classicmodelcars.com,Sales Rep,London,+44 20 7877 2041,UK,EMEA,Larry Bott,Matti Karttunen,25 Old Broad Street Level 7 EC2N 1HN,Keskuskatu 45  21240
23,62.34,2018-10-06,2018-10-13,2018-10-07,Shipped,,1900s Vintage Bi-Plane,Planes,1:24,Autoart Studio Design,5942,34.25,68.51,"Toys of Finland, Co.",,Helsinki,Finland,96500,lbott@classicmodelcars.com,Sales Rep,London,+44 20 7877 2041,UK,EMEA,Larry Bott,Matti Karttunen,25 Old Broad Street Level 7 EC2N 1HN,Keskuskatu 45  21240
34,56.55,2018-10-06,2018-10-13,2018-10-07,Shipped,,1937 Horch 930V Limousine,Vintage Cars,1:24,Autoart Studio Design,2902,26.3,65.75,"Toys of Finland, Co.",,Helsinki,Finland,96500,lbott@classicmodelcars.com,Sales Rep,London,+44 20 7877 2041,UK,EMEA,Larry Bott,Matti Karttunen,25 Old Broad Street Level 7 EC2N 1HN,Keskuskatu 45  21240
37,76.31,2018-10-06,2018-10-13,2018-10-07,Shipped,,1940 Ford Delivery Sedan,Vintage Cars,1:24,Carousel DieCast Legends,6621,48.64,83.86,"Toys of Finland, Co.",,Helsinki,Finland,96500,lbott@classicmodelcars.com,Sales Rep,London,+44 20 7877 2041,UK,EMEA,Larry Bott,Matti Karttunen,25 Old Broad Street Level 7 EC2N 1HN,Keskuskatu 45  21240
44,58.69,2018-10-06,2018-10-13,2018-10-07,Shipped,,Corsair F4U ( Bird Cage),Planes,1:24,Second Gear Diecast,6812,29.34,68.24,"Toys of Finland, Co.",,Helsinki,Finland,96500,lbott@classicmodelcars.com,Sales Rep,London,+44 20 7877 2041,UK,EMEA,Larry Bott,Matti Karttunen,25 Old Broad Street Level 7 EC2N 1HN,Keskuskatu 45  21240
32,89.61,2018-10-06,2018-10-13,2018-10-07,Shipped,,HMS Bounty,Ships,1:700,Unimax Art Galleries,3501,39.83,90.52,"Toys of Finland, Co.",,Helsinki,Finland,96500,lbott@classicmodelcars.com,Sales Rep,London,+44 20 7877 2041,UK,EMEA,Larry Bott,Matti Karttunen,25 Old Broad Street Level 7 EC2N 1HN,Keskuskatu 45  21240
20,87.75,2018-10-06,2018-10-13,2018-10-07,Shipped,,America West Airlines B757-200,Planes,1:700,Motor City Art Classics,9653,68.8,99.72,"Toys of Finland, Co.",,Helsinki,Finland,96500,lbott@classicmodelcars.com,Sales Rep,London,+44 20 7877 2041,UK,EMEA,Larry Bott,Matti Karttunen,25 Old Broad Street Level 7 EC2N 1HN,Keskuskatu 45  21240
43,76.8,2018-10-06,2018-10-13,2018-10-07,Shipped,,F/A 18 Hornet 1/72,Planes,1:72,Motor City Art Classics,551,54.4,80.0,"Toys of Finland, Co.",,Helsinki,Finland,96500,lbott@classicmodelcars.com,Sales Rep,London,+44 20 7877 2041,UK,EMEA,Larry Bott,Matti Karttunen,25 Old Broad Street Level 7 EC2N 1HN,Keskuskatu 45  21240
44,70.33,2018-10-06,2018-10-13,2018-10-07,Shipped,,American Airlines: MD-11S,Planes,1:700,Second Gear Diecast,8820,36.27,74.03,"Toys of Finland, Co.",,Helsinki,Finland,96500,lbott@classicmodelcars.com,Sales Rep,London,+44 20 7877 2041,UK,EMEA,Larry Bott,Matti Karttunen,25 Old Broad Street Level 7 EC2N 1HN,Keskuskatu 45  21240
34,49.16,2018-10-06,2018-10-13,2018-10-07,Shipped,,Boeing X-32A JSF,Planes,1:72,Motor City Art Classics,4857,32.77,49.66,"Toys of Finland, Co.",,Helsinki,Finland,96500,lbott@classicmodelcars.com,Sales Rep,London,+44 20 7877 2041,UK,EMEA,Larry Bott,Matti Karttunen,25 Old Broad Street Level 7 EC2N 1HN,Keskuskatu 45  21240
20,43.64,2018-10-08,2018-10-17,2018-10-11,Shipped,,1930 Buick Marquette Phaeton,Vintage Cars,1:50,Studio M Art Models,7062,27.06,43.64,Euro+ Shopping Channel,+34 915 55 94 44,Madrid,Spain,227600,ghernande@classicmodelcars.com,Sales Rep,Paris,+33 1 47 23 44 04,France,EMEA,Gerard Hernandez,Diego  Freyre,43 Rue Jouffroy Dabbans  75017,"C/ Moralzarzal, 86  28034"
48,77.64,2018-10-08,2018-10-17,2018-10-11,Shipped,,American Airlines: B767-300,Planes,1:700,Min Lin Diecast,5841,51.15,91.34,Euro+ Shopping Channel,+34 915 55 94 44,Madrid,Spain,227600,ghernande@classicmodelcars.com,Sales Rep,Paris,+33 1 47 23 44 04,France,EMEA,Gerard Hernandez,Diego  Freyre,43 Rue Jouffroy Dabbans  75017,"C/ Moralzarzal, 86  28034"
33,69.27,2018-10-09,2018-10-15,2018-10-14,Shipped,,P-51-D Mustang,Planes,1:72,Gearbox Collectibles,992,49.0,84.48,Frau da Collezione,+39 02 251 5555,Milan,Italy,34800,pcastillo@classicmodelcars.com,Sales Rep,Paris,+33 1 47 23 44 04,France,EMEA,Pamela Castillo,Franco Ricotti,43 Rue Jouffroy Dabbans  75017,20093 Cologno Monzese Alessandro Volta 16
40,89.72,2018-10-09,2018-10-15,2018-10-14,Shipped,,1928 British Royal Navy Airplane,Planes,1:24,Classic Metal Creations,3627,66.74,109.42,Frau da Collezione,+39 02 251 5555,Milan,Italy,34800,pcastillo@classicmodelcars.com,Sales Rep,Paris,+33 1 47 23 44 04,France,EMEA,Pamela Castillo,Franco Ricotti,43 Rue Jouffroy Dabbans  75017,20093 Cologno Monzese Alessandro Volta 16
33,66.65,2018-10-09,2018-10-15,2018-10-14,Shipped,,1900s Vintage Tri-Plane,Planes,1:24,Unimax Art Galleries,2756,36.23,72.45,Frau da Collezione,+39 02 251 5555,Milan,Italy,34800,pcastillo@classicmodelcars.com,Sales Rep,Paris,+33 1 47 23 44 04,France,EMEA,Pamela Castillo,Franco Ricotti,43 Rue Jouffroy Dabbans  75017,20093 Cologno Monzese Alessandro Volta 16
34,83.91,2018-10-09,2018-10-15,2018-10-14,Shipped,,1997 BMW F650 ST,Motorcycles,1:32,Exoto Designs,178,66.92,99.89,Frau da Collezione,+39 02 251 5555,Milan,Italy,34800,pcastillo@classicmodelcars.com,Sales Rep,Paris,+33 1 47 23 44 04,France,EMEA,Pamela Castillo,Franco Ricotti,43 Rue Jouffroy Dabbans  75017,20093 Cologno Monzese Alessandro Volta 16
28,56.41,2018-10-09,2018-10-15,2018-10-14,Shipped,,1928 Ford Phaeton Deluxe,Vintage Cars,1:32,Highway 66 Mini Classics,136,33.02,68.79,Frau da Collezione,+39 02 251 5555,Milan,Italy,34800,pcastillo@classicmodelcars.com,Sales Rep,Paris,+33 1 47 23 44 04,France,EMEA,Pamela Castillo,Franco Ricotti,43 Rue Jouffroy Dabbans  75017,20093 Cologno Monzese Alessandro Volta 16
48,109.16,2018-10-09,2018-10-15,2018-10-14,Shipped,,ATA: B757-300,Planes,1:700,Highway 66 Mini Classics,7106,59.33,118.65,Frau da Collezione,+39 02 251 5555,Milan,Italy,34800,pcastillo@classicmodelcars.com,Sales Rep,Paris,+33 1 47 23 44 04,France,EMEA,Pamela Castillo,Franco Ricotti,43 Rue Jouffroy Dabbans  75017,20093 Cologno Monzese Alessandro Volta 16
22,67.79,2018-10-10,2018-10-18,2018-10-15,Shipped,,1960 BSA Gold Star DBD34,Motorcycles,1:24,Highway 66 Mini Classics,15,37.32,76.17,Baane Mini Imports,,Stavern,Norway,81700,bjones@classicmodelcars.com,Sales Rep,London,+44 20 7877 2041,UK,EMEA,Barry Jones,Jonas  Bergulfsen,25 Old Broad Street Level 7 EC2N 1HN,Erling Skakkes gate 78  4110
49,81.35,2018-10-10,2018-10-19,2018-10-16,Shipped,,1969 Harley Davidson Ultimate Chopper,Motorcycles,1:10,Min Lin Diecast,7933,48.81,95.7,Corporate Gift Ideas Co.,+1 650-555-1386,San Francisco,USA,105000,ljennings@classicmodelcars.com,Sales Rep,San Francisco,+1 650-219-4782,USA,,Leslie Jennings,Julie Brown,100 Market Street Suite 300 94080,7734 Strong St.  94217
37,101.1,2018-10-10,2018-10-19,2018-10-16,Shipped,,1996 Moto Guzzi 1100i,Motorcycles,1:10,Highway 66 Mini Classics,6625,68.99,118.94,Corporate Gift Ideas Co.,+1 650-555-1386,San Francisco,USA,105000,ljennings@classicmodelcars.com,Sales Rep,San Francisco,+1 650-219-4782,USA,,Leslie Jennings,Julie Brown,100 Market Street Suite 300 94080,7734 Strong St.  94217
22,170.42,2018-10-10,2018-10-19,2018-10-16,Shipped,,2003 Harley-Davidson Eagle Drag Bike,Motorcycles,1:10,Red Start Diecast,5582,91.02,193.66,Corporate Gift Ideas Co.,+1 650-555-1386,San Francisco,USA,105000,ljennings@classicmodelcars.com,Sales Rep,San Francisco,+1 650-219-4782,USA,,Leslie Jennings,Julie Brown,100 Market Street Suite 300 94080,7734 Strong St.  94217
41,188.73,2018-10-10,2018-10-19,2018-10-16,Shipped,,1968 Ford Mustang,Classic Cars,1:12,Autoart Studio Design,68,95.34,194.57,Corporate Gift Ideas Co.,+1 650-555-1386,San Francisco,USA,105000,ljennings@classicmodelcars.com,Sales Rep,San Francisco,+1 650-219-4782,USA,,Leslie Jennings,Julie Brown,100 Market Street Suite 300 94080,7734 Strong St.  94217
38,131.04,2018-10-10,2018-10-19,2018-10-16,Shipped,,2002 Suzuki XREO,Motorcycles,1:12,Unimax Art Galleries,9997,66.27,150.62,Corporate Gift Ideas Co.,+1 650-555-1386,San Francisco,USA,105000,ljennings@classicmodelcars.com,Sales Rep,San Francisco,+1 650-219-4782,USA,,Leslie Jennings,Julie Brown,100 Market Street Suite 300 94080,7734 Strong St.  94217
24,67.03,2018-10-10,2018-10-19,2018-10-16,Shipped,,1970 Plymouth Hemi Cuda,Classic Cars,1:12,Studio M Art Models,5663,31.92,79.8,Corporate Gift Ideas Co.,+1 650-555-1386,San Francisco,USA,105000,ljennings@classicmodelcars.com,Sales Rep,San Francisco,+1 650-219-4782,USA,,Leslie Jennings,Julie Brown,100 Market Street Suite 300 94080,7734 Strong St.  94217
42,51.48,2018-10-10,2018-10-19,2018-10-16,Shipped,,1936 Harley Davidson El Knucklehead,Motorcycles,1:18,Welly Diecast Productions,4357,24.23,60.57,Corporate Gift Ideas Co.,+1 650-555-1386,San Francisco,USA,105000,ljennings@classicmodelcars.com,Sales Rep,San Francisco,+1 650-219-4782,USA,,Leslie Jennings,Julie Brown,100 Market Street Suite 300 94080,7734 Strong St.  94217
21,66.74,2018-10-10,2018-10-19,2018-10-16,Shipped,,1969 Dodge Super Bee,Classic Cars,1:18,Min Lin Diecast,1917,49.05,80.41,Corporate Gift Ideas Co.,+1 650-555-1386,San Francisco,USA,105000,ljennings@classicmodelcars.com,Sales Rep,San Francisco,+1 650-219-4782,USA,,Leslie Jennings,Julie Brown,100 Market Street Suite 300 94080,7734 Strong St.  94217
25,129.35,2018-10-10,2018-10-19,2018-10-16,Shipped,,1976 Ford Gran Torino,Classic Cars,1:18,Gearbox Collectibles,9127,73.49,146.99,Corporate Gift Ideas Co.,+1 650-555-1386,San Francisco,USA,105000,ljennings@classicmodelcars.com,Sales Rep,San Francisco,+1 650-219-4782,USA,,Leslie Jennings,Julie Brown,100 Market Street Suite 300 94080,7734 Strong St.  94217
21,54.71,2018-10-10,2018-10-19,2018-10-16,Shipped,,1957 Vespa GS150,Motorcycles,1:18,Studio M Art Models,7689,32.95,62.17,Corporate Gift Ideas Co.,+1 650-555-1386,San Francisco,USA,105000,ljennings@classicmodelcars.com,Sales Rep,San Francisco,+1 650-219-4782,USA,,Leslie Jennings,Julie Brown,100 Market Street Suite 300 94080,7734 Strong St.  94217
32,142.85,2018-10-10,2018-10-19,2018-10-16,Shipped,,1957 Corvette Convertible,Classic Cars,1:18,Classic Metal Creations,1249,69.93,148.8,Corporate Gift Ideas Co.,+1 650-555-1386,San Francisco,USA,105000,ljennings@classicmodelcars.com,Sales Rep,San Francisco,+1 650-219-4782,USA,,Leslie Jennings,Julie Brown,100 Market Street Suite 300 94080,7734 Strong St.  94217
44,100.3,2018-10-10,2018-10-19,2018-10-16,Shipped,,1997 BMW R 1100 S,Motorcycles,1:24,Autoart Studio Design,7003,60.86,112.7,Corporate Gift Ideas Co.,+1 650-555-1386,San Francisco,USA,105000,ljennings@classicmodelcars.com,Sales Rep,San Francisco,+1 650-219-4782,USA,,Leslie Jennings,Julie Brown,100 Market Street Suite 300 94080,7734 Strong St.  94217
27,67.18,2018-10-10,2018-10-19,2018-10-16,Shipped,,1982 Ducati 900 Monster,Motorcycles,1:24,Highway 66 Mini Classics,6840,47.1,69.26,Corporate Gift Ideas Co.,+1 650-555-1386,San Francisco,USA,105000,ljennings@classicmodelcars.com,Sales Rep,San Francisco,+1 650-219-4782,USA,,Leslie Jennings,Julie Brown,100 Market Street Suite 300 94080,7734 Strong St.  94217
50,49.6,2018-10-10,2018-10-19,2018-10-16,Shipped,,1971 Alpine Renault 1600s,Classic Cars,1:24,Welly Diecast Productions,7995,38.58,61.23,Corporate Gift Ideas Co.,+1 650-555-1386,San Francisco,USA,105000,ljennings@classicmodelcars.com,Sales Rep,San Francisco,+1 650-219-4782,USA,,Leslie Jennings,Julie Brown,100 Market Street Suite 300 94080,7734 Strong St.  94217
23,80.84,2018-10-10,2018-10-19,2018-10-16,Shipped,,1961 Chevrolet Impala,Classic Cars,1:18,Classic Metal Creations,7869,32.33,80.84,Corporate Gift Ideas Co.,+1 650-555-1386,San Francisco,USA,105000,ljennings@classicmodelcars.com,Sales Rep,San Francisco,+1 650-219-4782,USA,,Leslie Jennings,Julie Brown,100 Market Street Suite 300 94080,7734 Strong St.  94217
35,39.43,2018-10-10,2018-10-19,2018-10-16,Shipped,,1982 Ducati 996 R,Motorcycles,1:32,Gearbox Collectibles,9241,24.14,40.23,Corporate Gift Ideas Co.,+1 650-555-1386,San Francisco,USA,105000,ljennings@classicmodelcars.com,Sales Rep,San Francisco,+1 650-219-4782,USA,,Leslie Jennings,Julie Brown,100 Market Street Suite 300 94080,7734 Strong St.  94217
23,86.74,2018-10-10,2018-10-19,2018-10-16,Shipped,,1974 Ducati 350 Mk3 Desmo,Motorcycles,1:32,Second Gear Diecast,3341,56.13,102.05,Corporate Gift Ideas Co.,+1 650-555-1386,San Francisco,USA,105000,ljennings@classicmodelcars.com,Sales Rep,San Francisco,+1 650-219-4782,USA,,Leslie Jennings,Julie Brown,100 Market Street Suite 300 94080,7734 Strong St.  94217
31,78.11,2018-10-10,2018-10-19,2018-10-16,Shipped,,2002 Yamaha YZR M1,Motorcycles,1:50,Autoart Studio Design,600,34.17,81.36,Corporate Gift Ideas Co.,+1 650-555-1386,San Francisco,USA,105000,ljennings@classicmodelcars.com,Sales Rep,San Francisco,+1 650-219-4782,USA,,Leslie Jennings,Julie Brown,100 Market Street Suite 300 94080,7734 Strong St.  94217
46,96.3,2018-10-11,2018-10-17,2018-10-17,Shipped,,1968 Dodge Charger,Classic Cars,1:12,Welly Diecast Productions,9123,75.16,117.44,"Men R US Retailers, Ltd.",+1 215-555-4369,Los Angeles,USA,57700,lthompson@classicmodelcars.com,Sales Rep,San Francisco,+1 650-219-4782,USA,,Leslie Thompson,Brian Chandler,100 Market Street Suite 300 94080,6047 Douglas Av.  91003
50,93.28,2018-10-11,2018-10-17,2018-10-17,Shipped,,1969 Dodge Charger,Classic Cars,1:12,Welly Diecast Productions,7323,58.73,115.16,"Men R US Retailers, Ltd.",+1 215-555-4369,Los Angeles,USA,57700,lthompson@classicmodelcars.com,Sales Rep,San Francisco,+1 650-219-4782,USA,,Leslie Thompson,Brian Chandler,100 Market Street Suite 300 94080,6047 Douglas Av.  91003
38,70.84,2018-10-11,2018-10-17,2018-10-17,Shipped,,1948 Porsche 356-A Roadster,Classic Cars,1:18,Gearbox Collectibles,8826,53.9,77.0,"Men R US Retailers, Ltd.",+1 215-555-4369,Los Angeles,USA,57700,lthompson@classicmodelcars.com,Sales Rep,San Francisco,+1 650-219-4782,USA,,Leslie Thompson,Brian Chandler,100 Market Street Suite 300 94080,6047 Douglas Av.  91003
20,140.55,2018-10-11,2018-10-17,2018-10-17,Shipped,,1992 Ferrari 360 Spider red,Classic Cars,1:18,Unimax Art Galleries,8347,77.9,169.34,"Men R US Retailers, Ltd.",+1 215-555-4369,Los Angeles,USA,57700,lthompson@classicmodelcars.com,Sales Rep,San Francisco,+1 650-219-4782,USA,,Leslie Thompson,Brian Chandler,100 Market Street Suite 300 94080,6047 Douglas Av.  91003
42,30.59,2018-10-11,2018-10-17,2018-10-17,Shipped,,1982 Lamborghini Diablo,Classic Cars,1:24,Second Gear Diecast,7723,16.24,37.76,"Men R US Retailers, Ltd.",+1 215-555-4369,Los Angeles,USA,57700,lthompson@classicmodelcars.com,Sales Rep,San Francisco,+1 650-219-4782,USA,,Leslie Thompson,Brian Chandler,100 Market Street Suite 300 94080,6047 Douglas Av.  91003
35,130.6,2018-10-11,2018-10-17,2018-10-17,Shipped,,1956 Porsche 356A Coupe,Classic Cars,1:18,Classic Metal Creations,6600,98.3,140.43,"Men R US Retailers, Ltd.",+1 215-555-4369,Los Angeles,USA,57700,lthompson@classicmodelcars.com,Sales Rep,San Francisco,+1 650-219-4782,USA,,Leslie Thompson,Brian Chandler,100 Market Street Suite 300 94080,6047 Douglas Av.  91003
28,121.72,2018-10-17,2018-10-25,2018-10-20,Shipped,,1993 Mazda RX-7,Classic Cars,1:18,Highway 66 Mini Classics,3975,83.51,141.54,Heintze Collectables,+45 86 21 35 55,Århus,Denmark,120800,pcastillo@classicmodelcars.com,Sales Rep,Paris,+33 1 47 23 44 04,France,EMEA,Pamela Castillo,Palle Ibsen,43 Rue Jouffroy Dabbans  75017,Smagsloget 45  8200
43,102.04,2018-10-17,2018-10-25,2018-10-20,Shipped,,1965 Aston Martin DB5,Classic Cars,1:18,Classic Metal Creations,9042,65.96,124.44,Heintze Collectables,+45 86 21 35 55,Århus,Denmark,120800,pcastillo@classicmodelcars.com,Sales Rep,Paris,+33 1 47 23 44 04,France,EMEA,Pamela Castillo,Palle Ibsen,43 Rue Jouffroy Dabbans  75017,Smagsloget 45  8200
48,139.41,2018-10-17,2018-10-25,2018-10-20,Shipped,,1995 Honda Civic,Classic Cars,1:18,Min Lin Diecast,9772,93.89,142.25,Heintze Collectables,+45 86 21 35 55,Århus,Denmark,120800,pcastillo@classicmodelcars.com,Sales Rep,Paris,+33 1 47 23 44 04,France,EMEA,Pamela Castillo,Palle Ibsen,43 Rue Jouffroy Dabbans  75017,Smagsloget 45  8200
23,125.4,2018-10-17,2018-10-25,2018-10-20,Shipped,,1999 Indy 500 Monte Carlo SS,Classic Cars,1:18,Red Start Diecast,8164,56.76,132.0,Heintze Collectables,+45 86 21 35 55,Århus,Denmark,120800,pcastillo@classicmodelcars.com,Sales Rep,Paris,+33 1 47 23 44 04,France,EMEA,Pamela Castillo,Palle Ibsen,43 Rue Jouffroy Dabbans  75017,Smagsloget 45  8200
36,132.8,2018-10-17,2018-10-25,2018-10-20,Shipped,,1948 Porsche Type 356 Roadster,Classic Cars,1:18,Gearbox Collectibles,8990,62.16,141.28,Heintze Collectables,+45 86 21 35 55,Århus,Denmark,120800,pcastillo@classicmodelcars.com,Sales Rep,Paris,+33 1 47 23 44 04,France,EMEA,Pamela Castillo,Palle Ibsen,43 Rue Jouffroy Dabbans  75017,Smagsloget 45  8200
25,62.72,2018-10-17,2018-10-25,2018-10-20,Shipped,,1957 Ford Thunderbird,Classic Cars,1:18,Studio M Art Models,3209,34.21,71.27,Heintze Collectables,+45 86 21 35 55,Århus,Denmark,120800,pcastillo@classicmodelcars.com,Sales Rep,Paris,+33 1 47 23 44 04,France,EMEA,Pamela Castillo,Palle Ibsen,43 Rue Jouffroy Dabbans  75017,Smagsloget 45  8200
37,73.49,2018-10-17,2018-10-25,2018-10-20,Shipped,,1970 Chevy Chevelle SS 454,Classic Cars,1:24,Unimax Art Galleries,1005,49.24,73.49,Heintze Collectables,+45 86 21 35 55,Århus,Denmark,120800,pcastillo@classicmodelcars.com,Sales Rep,Paris,+33 1 47 23 44 04,France,EMEA,Pamela Castillo,Palle Ibsen,43 Rue Jouffroy Dabbans  75017,Smagsloget 45  8200
23,47.29,2018-10-17,2018-10-25,2018-10-20,Shipped,,1966 Shelby Cobra 427 S/C,Classic Cars,1:24,Carousel DieCast Legends,8197,29.18,50.31,Heintze Collectables,+45 86 21 35 55,Århus,Denmark,120800,pcastillo@classicmodelcars.com,Sales Rep,Paris,+33 1 47 23 44 04,France,EMEA,Pamela Castillo,Palle Ibsen,43 Rue Jouffroy Dabbans  75017,Smagsloget 45  8200
20,82.69,2018-10-17,2018-10-25,2018-10-20,Shipped,,1949 Jaguar XK 120,Classic Cars,1:24,Classic Metal Creations,2350,47.25,90.87,Heintze Collectables,+45 86 21 35 55,Århus,Denmark,120800,pcastillo@classicmodelcars.com,Sales Rep,Paris,+33 1 47 23 44 04,France,EMEA,Pamela Castillo,Palle Ibsen,43 Rue Jouffroy Dabbans  75017,Smagsloget 45  8200
25,108.04,2018-10-17,2018-10-25,2018-10-20,Shipped,,1952 Citroen-15CV,Classic Cars,1:24,Exoto Designs,1452,72.82,117.44,Heintze Collectables,+45 86 21 35 55,Århus,Denmark,120800,pcastillo@classicmodelcars.com,Sales Rep,Paris,+33 1 47 23 44 04,France,EMEA,Pamela Castillo,Palle Ibsen,43 Rue Jouffroy Dabbans  75017,Smagsloget 45  8200
20,72.77,2018-10-17,2018-10-25,2018-10-20,Shipped,,1969 Chevrolet Camaro Z28,Classic Cars,1:24,Exoto Designs,4695,50.51,85.61,Heintze Collectables,+45 86 21 35 55,Århus,Denmark,120800,pcastillo@classicmodelcars.com,Sales Rep,Paris,+33 1 47 23 44 04,France,EMEA,Pamela Castillo,Palle Ibsen,43 Rue Jouffroy Dabbans  75017,Smagsloget 45  8200
30,94.23,2018-10-17,2018-10-25,2018-10-20,Shipped,,2002 Chevy Corvette,Classic Cars,1:24,Gearbox Collectibles,9446,62.11,107.08,Heintze Collectables,+45 86 21 35 55,Århus,Denmark,120800,pcastillo@classicmodelcars.com,Sales Rep,Paris,+33 1 47 23 44 04,France,EMEA,Pamela Castillo,Palle Ibsen,43 Rue Jouffroy Dabbans  75017,Smagsloget 45  8200
48,87.33,2018-10-18,2018-10-26,2018-10-19,Shipped,,1937 Lincoln Berline,Vintage Cars,1:18,Motor City Art Classics,8693,60.62,102.74,Corporate Gift Ideas Co.,+1 650-555-1386,San Francisco,USA,105000,ljennings@classicmodelcars.com,Sales Rep,San Francisco,+1 650-219-4782,USA,,Leslie Jennings,Julie Brown,100 Market Street Suite 300 94080,7734 Strong St.  94217
45,45.28,2018-10-18,2018-10-26,2018-10-19,Shipped,,1936 Mercedes-Benz 500K Special Roadster,Vintage Cars,1:18,Studio M Art Models,8635,24.26,53.91,Corporate Gift Ideas Co.,+1 650-555-1386,San Francisco,USA,105000,ljennings@classicmodelcars.com,Sales Rep,San Francisco,+1 650-219-4782,USA,,Leslie Jennings,Julie Brown,100 Market Street Suite 300 94080,7734 Strong St.  94217
29,141.1,2018-10-18,2018-10-26,2018-10-19,Shipped,,1917 Grand Touring Sedan,Vintage Cars,1:18,Welly Diecast Productions,2724,86.7,170.0,Corporate Gift Ideas Co.,+1 650-555-1386,San Francisco,USA,105000,ljennings@classicmodelcars.com,Sales Rep,San Francisco,+1 650-219-4782,USA,,Leslie Jennings,Julie Brown,100 Market Street Suite 300 94080,7734 Strong St.  94217
27,53.28,2018-10-18,2018-10-26,2018-10-19,Shipped,,1911 Ford Town Car,Vintage Cars,1:18,Motor City Art Classics,540,33.3,60.54,Corporate Gift Ideas Co.,+1 650-555-1386,San Francisco,USA,105000,ljennings@classicmodelcars.com,Sales Rep,San Francisco,+1 650-219-4782,USA,,Leslie Jennings,Julie Brown,100 Market Street Suite 300 94080,7734 Strong St.  94217
38,113.15,2018-10-18,2018-10-26,2018-10-19,Shipped,,1932 Model A Ford J-Coupe,Vintage Cars,1:18,Autoart Studio Design,9354,58.48,127.13,Corporate Gift Ideas Co.,+1 650-555-1386,San Francisco,USA,105000,ljennings@classicmodelcars.com,Sales Rep,San Francisco,+1 650-219-4782,USA,,Leslie Jennings,Julie Brown,100 Market Street Suite 300 94080,7734 Strong St.  94217
48,156.94,2018-10-18,2018-10-26,2018-10-19,Shipped,,1928 Mercedes-Benz SSK,Vintage Cars,1:18,Gearbox Collectibles,548,72.56,168.75,Corporate Gift Ideas Co.,+1 650-555-1386,San Francisco,USA,105000,ljennings@classicmodelcars.com,Sales Rep,San Francisco,+1 650-219-4782,USA,,Leslie Jennings,Julie Brown,100 Market Street Suite 300 94080,7734 Strong St.  94217
39,86.51,2018-10-18,2018-10-26,2018-10-19,Shipped,,1932 Alfa Romeo 8C2300 Spider Sport,Vintage Cars,1:18,Exoto Designs,6553,43.26,92.03,Corporate Gift Ideas Co.,+1 650-555-1386,San Francisco,USA,105000,ljennings@classicmodelcars.com,Sales Rep,San Francisco,+1 650-219-4782,USA,,Leslie Jennings,Julie Brown,100 Market Street Suite 300 94080,7734 Strong St.  94217
37,27.55,2018-10-18,2018-10-26,2018-10-19,Shipped,,1939 Chevrolet Deluxe Coupe,Vintage Cars,1:24,Motor City Art Classics,7332,22.57,33.19,Corporate Gift Ideas Co.,+1 650-555-1386,San Francisco,USA,105000,ljennings@classicmodelcars.com,Sales Rep,San Francisco,+1 650-219-4782,USA,,Leslie Jennings,Julie Brown,100 Market Street Suite 300 94080,7734 Strong St.  94217
43,38.98,2018-10-18,2018-10-26,2018-10-19,Shipped,,1938 Cadillac V-16 Presidential Limousine,Vintage Cars,1:24,Classic Metal Creations,2847,20.61,44.8,Corporate Gift Ideas Co.,+1 650-555-1386,San Francisco,USA,105000,ljennings@classicmodelcars.com,Sales Rep,San Francisco,+1 650-219-4782,USA,,Leslie Jennings,Julie Brown,100 Market Street Suite 300 94080,7734 Strong St.  94217
37,32.82,2018-10-18,2018-10-26,2018-10-19,Shipped,,1936 Mercedes Benz 500k Roadster,Vintage Cars,1:24,Red Start Diecast,2081,21.75,41.03,Corporate Gift Ideas Co.,+1 650-555-1386,San Francisco,USA,105000,ljennings@classicmodelcars.com,Sales Rep,San Francisco,+1 650-219-4782,USA,,Leslie Jennings,Julie Brown,100 Market Street Suite 300 94080,7734 Strong St.  94217
21,212.16,2018-10-20,2018-10-27,2018-10-24,Shipped,,1952 Alpine Renault 1300,Classic Cars,1:10,Classic Metal Creations,7305,98.58,214.3,Classic Legends Inc.,+1 212-555-8493,NYC,USA,67500,ftseng@classicmodelcars.com,Sales Rep,NYC,+1 212-555-3000,USA,,Foon Yue Tseng,Maria Hernandez,523 East 53rd Street apt. 5A 10022,5905 Pompton St. Suite 750 10022
31,101.31,2018-10-20,2018-10-27,2018-10-24,Shipped,,1913 Ford Model T Speedster,Vintage Cars,1:18,Carousel DieCast Legends,4189,60.78,101.31,Classic Legends Inc.,+1 212-555-8493,NYC,USA,67500,ftseng@classicmodelcars.com,Sales Rep,NYC,+1 212-555-3000,USA,,Foon Yue Tseng,Maria Hernandez,523 East 53rd Street apt. 5A 10022,5905 Pompton St. Suite 750 10022
48,59.96,2018-10-20,2018-10-27,2018-10-24,Shipped,,1934 Ford V8 Coupe,Vintage Cars,1:18,Min Lin Diecast,5649,34.35,62.46,Classic Legends Inc.,+1 212-555-8493,NYC,USA,67500,ftseng@classicmodelcars.com,Sales Rep,NYC,+1 212-555-3000,USA,,Foon Yue Tseng,Maria Hernandez,523 East 53rd Street apt. 5A 10022,5905 Pompton St. Suite 750 10022
40,101.58,2018-10-20,2018-10-27,2018-10-24,Shipped,,18th Century Vintage Horse Carriage,Vintage Cars,1:18,Red Start Diecast,5992,60.74,104.72,Classic Legends Inc.,+1 212-555-8493,NYC,USA,67500,ftseng@classicmodelcars.com,Sales Rep,NYC,+1 212-555-3000,USA,,Foon Yue Tseng,Maria Hernandez,523 East 53rd Street apt. 5A 10022,5905 Pompton St. Suite 750 10022
43,80.36,2018-10-20,2018-10-27,2018-10-24,Shipped,,1917 Maxwell Touring Car,Vintage Cars,1:18,Exoto Designs,7913,57.54,99.21,Classic Legends Inc.,+1 212-555-8493,NYC,USA,67500,ftseng@classicmodelcars.com,Sales Rep,NYC,+1 212-555-3000,USA,,Foon Yue Tseng,Maria Hernandez,523 East 53rd Street apt. 5A 10022,5905 Pompton St. Suite 750 10022
42,96.42,2018-10-20,2018-10-27,2018-10-24,Shipped,,1936 Chrysler Airflow,Vintage Cars,1:24,Second Gear Diecast,4710,57.46,97.39,Classic Legends Inc.,+1 212-555-8493,NYC,USA,67500,ftseng@classicmodelcars.com,Sales Rep,NYC,+1 212-555-3000,USA,,Foon Yue Tseng,Maria Hernandez,523 East 53rd Street apt. 5A 10022,5905 Pompton St. Suite 750 10022
21,143.31,2018-10-21,2018-10-30,2018-10-23,Resolved,"This order was disputed, but resolved on 11/1/2003; Customer doesnt like the colors and precision of the models.",1962 LanciaA Delta 16V,Classic Cars,1:10,Second Gear Diecast,6791,103.42,147.74,Mini Auto Werke,+43 7675 3555,Graz,Austria,45300,pcastillo@classicmodelcars.com,Sales Rep,Paris,+33 1 47 23 44 04,France,EMEA,Pamela Castillo,Roland  Mendel,43 Rue Jouffroy Dabbans  75017,Kirchgasse 6  8010
49,121.64,2018-10-21,2018-10-30,2018-10-23,Resolved,"This order was disputed, but resolved on 11/1/2003; Customer doesnt like the colors and precision of the models.",1958 Setra Bus,Trucks and Buses,1:12,Welly Diecast Productions,1579,77.9,136.67,Mini Auto Werke,+43 7675 3555,Graz,Austria,45300,pcastillo@classicmodelcars.com,Sales Rep,Paris,+33 1 47 23 44 04,France,EMEA,Pamela Castillo,Roland  Mendel,43 Rue Jouffroy Dabbans  75017,Kirchgasse 6  8010
36,103.84,2018-10-21,2018-10-30,2018-10-23,Resolved,"This order was disputed, but resolved on 11/1/2003; Customer doesnt like the colors and precision of the models.",1940 Ford Pickup Truck,Trucks and Buses,1:18,Studio M Art Models,2613,58.33,116.67,Mini Auto Werke,+43 7675 3555,Graz,Austria,45300,pcastillo@classicmodelcars.com,Sales Rep,Paris,+33 1 47 23 44 04,France,EMEA,Pamela Castillo,Roland  Mendel,43 Rue Jouffroy Dabbans  75017,Kirchgasse 6  8010
45,107.76,2018-10-21,2018-10-30,2018-10-23,Resolved,"This order was disputed, but resolved on 11/1/2003; Customer doesnt like the colors and precision of the models.",1940s Ford truck,Trucks and Buses,1:18,Motor City Art Classics,3128,84.76,121.08,Mini Auto Werke,+43 7675 3555,Graz,Austria,45300,pcastillo@classicmodelcars.com,Sales Rep,Paris,+33 1 47 23 44 04,France,EMEA,Pamela Castillo,Roland  Mendel,43 Rue Jouffroy Dabbans  75017,Kirchgasse 6  8010
25,46.29,2018-10-21,2018-10-30,2018-10-23,Resolved,"This order was disputed, but resolved on 11/1/2003; Customer doesnt like the colors and precision of the models.",1939 Cadillac Limousine,Vintage Cars,1:18,Studio M Art Models,6645,23.14,50.31,Mini Auto Werke,+43 7675 3555,Graz,Austria,45300,pcastillo@classicmodelcars.com,Sales Rep,Paris,+33 1 47 23 44 04,France,EMEA,Pamela Castillo,Roland  Mendel,43 Rue Jouffroy Dabbans  75017,Kirchgasse 6  8010
24,91.49,2018-10-21,2018-10-30,2018-10-23,Resolved,"This order was disputed, but resolved on 11/1/2003; Customer doesnt like the colors and precision of the models.",1980’s GM Manhattan Express,Trucks and Buses,1:32,Motor City Art Classics,5099,53.93,96.31,Mini Auto Werke,+43 7675 3555,Graz,Austria,45300,pcastillo@classicmodelcars.com,Sales Rep,Paris,+33 1 47 23 44 04,France,EMEA,Pamela Castillo,Roland  Mendel,43 Rue Jouffroy Dabbans  75017,Kirchgasse 6  8010
49,57.53,2018-10-21,2018-10-30,2018-10-23,Resolved,"This order was disputed, but resolved on 11/1/2003; Customer doesnt like the colors and precision of the models.",1996 Peterbilt 379 Stake Bed with Outrigger,Trucks and Buses,1:32,Red Start Diecast,814,33.61,64.64,Mini Auto Werke,+43 7675 3555,Graz,Austria,45300,pcastillo@classicmodelcars.com,Sales Rep,Paris,+33 1 47 23 44 04,France,EMEA,Pamela Castillo,Roland  Mendel,43 Rue Jouffroy Dabbans  75017,Kirchgasse 6  8010
39,86.99,2018-10-21,2018-10-30,2018-10-23,Resolved,"This order was disputed, but resolved on 11/1/2003; Customer doesnt like the colors and precision of the models.",1982 Camaro Z28,Classic Cars,1:18,Carousel DieCast Legends,6934,46.53,101.15,Mini Auto Werke,+43 7675 3555,Graz,Austria,45300,pcastillo@classicmodelcars.com,Sales Rep,Paris,+33 1 47 23 44 04,France,EMEA,Pamela Castillo,Roland  Mendel,43 Rue Jouffroy Dabbans  75017,Kirchgasse 6  8010
44,168.32,2018-10-22,2018-10-31,2018-12-26,Shipped,This order was on hold because customerss credit limit had been exceeded. Order will ship when payment is received,2001 Ferrari Enzo,Classic Cars,1:12,Second Gear Diecast,3619,95.59,207.8,"Dragon Souveniers, Ltd.",,Singapore,Singapore,103800,mnishi@classicmodelcars.com,Sales Rep,Tokyo,+81 3-3224-5000,Japan,Japan,Mami Nishi,Eric Natividad,4-1 Kioicho  102-8578,Bronz Sok. Bronz Apt. 3/6 Tesvikiye 79903
34,123.89,2018-10-22,2018-10-31,2018-12-26,Shipped,This order was on hold because customerss credit limit had been exceeded. Order will ship when payment is received,1969 Corvair Monza,Classic Cars,1:18,Welly Diecast Productions,6906,89.14,151.08,"Dragon Souveniers, Ltd.",,Singapore,Singapore,103800,mnishi@classicmodelcars.com,Sales Rep,Tokyo,+81 3-3224-5000,Japan,Japan,Mami Nishi,Eric Natividad,4-1 Kioicho  102-8578,Bronz Sok. Bronz Apt. 3/6 Tesvikiye 79903
27,152.26,2018-10-22,2018-10-31,2018-12-26,Shipped,This order was on hold because customerss credit limit had been exceeded. Order will ship when payment is received,1969 Ford Falcon,Classic Cars,1:12,Second Gear Diecast,1049,83.05,173.02,"Dragon Souveniers, Ltd.",,Singapore,Singapore,103800,mnishi@classicmodelcars.com,Sales Rep,Tokyo,+81 3-3224-5000,Japan,Japan,Mami Nishi,Eric Natividad,4-1 Kioicho  102-8578,Bronz Sok. Bronz Apt. 3/6 Tesvikiye 79903
48,109.02,2018-10-22,2018-10-31,2018-12-26,Shipped,This order was on hold because customerss credit limit had been exceeded. Order will ship when payment is received,1957 Chevy Pickup,Trucks and Buses,1:12,Exoto Designs,6125,55.7,118.5,"Dragon Souveniers, Ltd.",,Singapore,Singapore,103800,mnishi@classicmodelcars.com,Sales Rep,Tokyo,+81 3-3224-5000,Japan,Japan,Mami Nishi,Eric Natividad,4-1 Kioicho  102-8578,Bronz Sok. Bronz Apt. 3/6 Tesvikiye 79903
29,134.26,2018-10-22,2018-10-31,2018-12-26,Shipped,This order was on hold because customerss credit limit had been exceeded. Order will ship when payment is received,1998 Chrysler Plymouth Prowler,Classic Cars,1:18,Gearbox Collectibles,4724,101.51,163.73,"Dragon Souveniers, Ltd.",,Singapore,Singapore,103800,mnishi@classicmodelcars.com,Sales Rep,Tokyo,+81 3-3224-5000,Japan,Japan,Mami Nishi,Eric Natividad,4-1 Kioicho  102-8578,Bronz Sok. Bronz Apt. 3/6 Tesvikiye 79903
46,120.28,2018-10-22,2018-10-31,2018-12-26,Shipped,This order was on hold because customerss credit limit had been exceeded. Order will ship when payment is received,1964 Mercedes Tour Bus,Trucks and Buses,1:18,Unimax Art Galleries,8258,74.86,122.73,"Dragon Souveniers, Ltd.",,Singapore,Singapore,103800,mnishi@classicmodelcars.com,Sales Rep,Tokyo,+81 3-3224-5000,Japan,Japan,Mami Nishi,Eric Natividad,4-1 Kioicho  102-8578,Bronz Sok. Bronz Apt. 3/6 Tesvikiye 79903
31,60.77,2018-10-22,2018-10-31,2018-12-26,Shipped,This order was on hold because customerss credit limit had been exceeded. Order will ship when payment is received,1926 Ford Fire Engine,Trucks and Buses,1:18,Carousel DieCast Legends,2019,24.92,60.77,"Dragon Souveniers, Ltd.",,Singapore,Singapore,103800,mnishi@classicmodelcars.com,Sales Rep,Tokyo,+81 3-3224-5000,Japan,Japan,Mami Nishi,Eric Natividad,4-1 Kioicho  102-8578,Bronz Sok. Bronz Apt. 3/6 Tesvikiye 79903
47,154.1,2018-10-22,2018-10-31,2018-12-26,Shipped,This order was on hold because customerss credit limit had been exceeded. Order will ship when payment is received,1992 Ferrari 360 Spider red,Classic Cars,1:18,Unimax Art Galleries,8347,77.9,169.34,"Dragon Souveniers, Ltd.",,Singapore,Singapore,103800,mnishi@classicmodelcars.com,Sales Rep,Tokyo,+81 3-3224-5000,Japan,Japan,Mami Nishi,Eric Natividad,4-1 Kioicho  102-8578,Bronz Sok. Bronz Apt. 3/6 Tesvikiye 79903
50,84.71,2018-10-22,2018-10-31,2018-12-26,Shipped,This order was on hold because customerss credit limit had been exceeded. Order will ship when payment is received,Collectable Wooden Train,Trains,1:18,Carousel DieCast Legends,6450,67.56,100.84,"Dragon Souveniers, Ltd.",,Singapore,Singapore,103800,mnishi@classicmodelcars.com,Sales Rep,Tokyo,+81 3-3224-5000,Japan,Japan,Mami Nishi,Eric Natividad,4-1 Kioicho  102-8578,Bronz Sok. Bronz Apt. 3/6 Tesvikiye 79903
28,123.51,2018-10-22,2018-10-31,2018-12-26,Shipped,This order was on hold because customerss credit limit had been exceeded. Order will ship when payment is received,1970 Triumph Spitfire,Classic Cars,1:18,Min Lin Diecast,5545,91.92,143.62,"Dragon Souveniers, Ltd.",,Singapore,Singapore,103800,mnishi@classicmodelcars.com,Sales Rep,Tokyo,+81 3-3224-5000,Japan,Japan,Mami Nishi,Eric Natividad,4-1 Kioicho  102-8578,Bronz Sok. Bronz Apt. 3/6 Tesvikiye 79903
25,46.82,2018-10-22,2018-10-31,2018-12-26,Shipped,This order was on hold because customerss credit limit had been exceeded. Order will ship when payment is received,1970 Dodge Coronet,Classic Cars,1:24,Highway 66 Mini Classics,4074,32.37,57.8,"Dragon Souveniers, Ltd.",,Singapore,Singapore,103800,mnishi@classicmodelcars.com,Sales Rep,Tokyo,+81 3-3224-5000,Japan,Japan,Mami Nishi,Eric Natividad,4-1 Kioicho  102-8578,Bronz Sok. Bronz Apt. 3/6 Tesvikiye 79903
32,117.57,2018-10-22,2018-10-31,2018-12-26,Shipped,This order was on hold because customerss credit limit had been exceeded. Order will ship when payment is received,1962 Volkswagen Microbus,Trucks and Buses,1:24,Autoart Studio Design,2327,61.34,127.79,"Dragon Souveniers, Ltd.",,Singapore,Singapore,103800,mnishi@classicmodelcars.com,Sales Rep,Tokyo,+81 3-3224-5000,Japan,Japan,Mami Nishi,Eric Natividad,4-1 Kioicho  102-8578,Bronz Sok. Bronz Apt. 3/6 Tesvikiye 79903
27,31.12,2018-10-22,2018-10-31,2018-12-26,Shipped,This order was on hold because customerss credit limit had been exceeded. Order will ship when payment is received,1958 Chevy Corvette Limited Edition,Classic Cars,1:24,Carousel DieCast Legends,2542,15.91,35.36,"Dragon Souveniers, Ltd.",,Singapore,Singapore,103800,mnishi@classicmodelcars.com,Sales Rep,Tokyo,+81 3-3224-5000,Japan,Japan,Mami Nishi,Eric Natividad,4-1 Kioicho  102-8578,Bronz Sok. Bronz Apt. 3/6 Tesvikiye 79903
24,106.45,2018-10-22,2018-10-31,2018-12-26,Shipped,This order was on hold because customerss credit limit had been exceeded. Order will ship when payment is received,1992 Porsche Cayenne Turbo Silver,Classic Cars,1:24,Exoto Designs,6582,69.78,118.28,"Dragon Souveniers, Ltd.",,Singapore,Singapore,103800,mnishi@classicmodelcars.com,Sales Rep,Tokyo,+81 3-3224-5000,Japan,Japan,Mami Nishi,Eric Natividad,4-1 Kioicho  102-8578,Bronz Sok. Bronz Apt. 3/6 Tesvikiye 79903
48,50.86,2018-10-22,2018-10-31,2018-12-26,Shipped,This order was on hold because customerss credit limit had been exceeded. Order will ship when payment is received,1954 Greyhound Scenicruiser,Trucks and Buses,1:32,Classic Metal Creations,2874,25.98,54.11,"Dragon Souveniers, Ltd.",,Singapore,Singapore,103800,mnishi@classicmodelcars.com,Sales Rep,Tokyo,+81 3-3224-5000,Japan,Japan,Mami Nishi,Eric Natividad,4-1 Kioicho  102-8578,Bronz Sok. Bronz Apt. 3/6 Tesvikiye 79903
44,55.3,2018-10-22,2018-10-31,2018-12-26,Shipped,This order was on hold because customerss credit limit had been exceeded. Order will ship when payment is received,1950s Chicago Surface Lines Streetcar,Trains,1:32,Gearbox Collectibles,8601,26.72,62.14,"Dragon Souveniers, Ltd.",,Singapore,Singapore,103800,mnishi@classicmodelcars.com,Sales Rep,Tokyo,+81 3-3224-5000,Japan,Japan,Mami Nishi,Eric Natividad,4-1 Kioicho  102-8578,Bronz Sok. Bronz Apt. 3/6 Tesvikiye 79903
48,106.49,2018-10-22,2018-10-31,2018-12-26,Shipped,This order was on hold because customerss credit limit had been exceeded. Order will ship when payment is received,Diamond T620 Semi-Skirted Tanker,Trucks and Buses,1:50,Highway 66 Mini Classics,1016,68.29,115.75,"Dragon Souveniers, Ltd.",,Singapore,Singapore,103800,mnishi@classicmodelcars.com,Sales Rep,Tokyo,+81 3-3224-5000,Japan,Japan,Mami Nishi,Eric Natividad,4-1 Kioicho  102-8578,Bronz Sok. Bronz Apt. 3/6 Tesvikiye 79903
38,49.21,2018-10-22,2018-10-31,2018-12-26,Shipped,This order was on hold because customerss credit limit had been exceeded. Order will ship when payment is received,1962 City of Detroit Streetcar,Trains,1:50,Classic Metal Creations,1645,37.49,58.58,"Dragon Souveniers, Ltd.",,Singapore,Singapore,103800,mnishi@classicmodelcars.com,Sales Rep,Tokyo,+81 3-3224-5000,Japan,Japan,Mami Nishi,Eric Natividad,4-1 Kioicho  102-8578,Bronz Sok. Bronz Apt. 3/6 Tesvikiye 79903
43,136.59,2018-10-21,2018-10-30,2018-10-27,Shipped,,1903 Ford Model A,Vintage Cars,1:18,Unimax Art Galleries,3913,68.3,136.59,FunGiftIdeas.com,+1 508-555-2555,New Bedford,USA,85800,spatterson@classicmodelcars.com,Sales Rep,Boston,+1 215-837-0825,USA,,Steve Patterson,Violeta Benitez,1550 Court Place Suite 102 02107,1785 First Street  50553
26,72.85,2018-10-21,2018-10-30,2018-10-27,Shipped,,1904 Buick Runabout,Vintage Cars,1:18,Exoto Designs,8290,52.66,87.77,FunGiftIdeas.com,+1 508-555-2555,New Bedford,USA,85800,spatterson@classicmodelcars.com,Sales Rep,Boston,+1 215-837-0825,USA,,Steve Patterson,Violeta Benitez,1550 Court Place Suite 102 02107,1785 First Street  50553
29,76.22,2018-10-21,2018-10-30,2018-10-27,Shipped,,The Mayflower,Ships,1:700,Studio M Art Models,737,43.3,86.61,FunGiftIdeas.com,+1 508-555-2555,New Bedford,USA,85800,spatterson@classicmodelcars.com,Sales Rep,Boston,+1 215-837-0825,USA,,Steve Patterson,Violeta Benitez,1550 Court Place Suite 102 02107,1785 First Street  50553
44,123.76,2018-10-23,2018-10-30,,Cancelled,Customer called to cancel. The warehouse was notified in time and the order didnt ship. They have a new VP of Sales and are shifting their sales model. Our VP of Sales should contact them.,1972 Alfa Romeo GTA,Classic Cars,1:10,Motor City Art Classics,3252,85.68,136.0,Scandinavian Gift Ideas,+46 695 34 65 55,Bräcke,Sweden,116400,bjones@classicmodelcars.com,Sales Rep,London,+44 20 7877 2041,UK,EMEA,Barry Jones,Martha Larsson,25 Old Broad Street Level 7 EC2N 1HN,Åkergatan 24  S-844 67
43,141.92,2018-10-23,2018-10-30,,Cancelled,Customer called to cancel. The warehouse was notified in time and the order didnt ship. They have a new VP of Sales and are shifting their sales model. Our VP of Sales should contact them.,1980s Black Hawk Helicopter,Planes,1:18,Red Start Diecast,5330,77.27,157.69,Scandinavian Gift Ideas,+46 695 34 65 55,Bräcke,Sweden,116400,bjones@classicmodelcars.com,Sales Rep,London,+44 20 7877 2041,UK,EMEA,Barry Jones,Martha Larsson,25 Old Broad Street Level 7 EC2N 1HN,Åkergatan 24  S-844 67
46,69.68,2018-10-23,2018-10-30,,Cancelled,Customer called to cancel. The warehouse was notified in time and the order didnt ship. They have a new VP of Sales and are shifting their sales model. Our VP of Sales should contact them.,1999 Yamaha Speed Boat,Ships,1:18,Min Lin Diecast,4259,51.61,86.02,Scandinavian Gift Ideas,+46 695 34 65 55,Bräcke,Sweden,116400,bjones@classicmodelcars.com,Sales Rep,London,+44 20 7877 2041,UK,EMEA,Barry Jones,Martha Larsson,25 Old Broad Street Level 7 EC2N 1HN,Åkergatan 24  S-844 67
34,84.7,2018-10-23,2018-10-30,,Cancelled,Customer called to cancel. The warehouse was notified in time and the order didnt ship. They have a new VP of Sales and are shifting their sales model. Our VP of Sales should contact them.,1941 Chevrolet Special Deluxe Cabriolet,Vintage Cars,1:18,Exoto Designs,2378,64.58,105.87,Scandinavian Gift Ideas,+46 695 34 65 55,Bräcke,Sweden,116400,bjones@classicmodelcars.com,Sales Rep,London,+44 20 7877 2041,UK,EMEA,Barry Jones,Martha Larsson,25 Old Broad Street Level 7 EC2N 1HN,Åkergatan 24  S-844 67
33,110.6,2018-10-23,2018-10-30,,Cancelled,Customer called to cancel. The warehouse was notified in time and the order didnt ship. They have a new VP of Sales and are shifting their sales model. Our VP of Sales should contact them.,18th century schooner,Ships,1:24,Carousel DieCast Legends,1898,82.34,122.89,Scandinavian Gift Ideas,+46 695 34 65 55,Bräcke,Sweden,116400,bjones@classicmodelcars.com,Sales Rep,London,+44 20 7877 2041,UK,EMEA,Barry Jones,Martha Larsson,25 Old Broad Street Level 7 EC2N 1HN,Åkergatan 24  S-844 67
21,54.81,2018-10-23,2018-10-30,,Cancelled,Customer called to cancel. The warehouse was notified in time and the order didnt ship. They have a new VP of Sales and are shifting their sales model. Our VP of Sales should contact them.,1900s Vintage Bi-Plane,Planes,1:24,Autoart Studio Design,5942,34.25,68.51,Scandinavian Gift Ideas,+46 695 34 65 55,Bräcke,Sweden,116400,bjones@classicmodelcars.com,Sales Rep,London,+44 20 7877 2041,UK,EMEA,Barry Jones,Martha Larsson,25 Old Broad Street Level 7 EC2N 1HN,Åkergatan 24  S-844 67
20,77.0,2018-10-23,2018-10-30,,Cancelled,Customer called to cancel. The warehouse was notified in time and the order didnt ship. They have a new VP of Sales and are shifting their sales model. Our VP of Sales should contact them.,1912 Ford Model T Delivery Wagon,Vintage Cars,1:24,Min Lin Diecast,9173,46.91,88.51,Scandinavian Gift Ideas,+46 695 34 65 55,Bräcke,Sweden,116400,bjones@classicmodelcars.com,Sales Rep,London,+44 20 7877 2041,UK,EMEA,Barry Jones,Martha Larsson,25 Old Broad Street Level 7 EC2N 1HN,Åkergatan 24  S-844 67
32,64.44,2018-10-23,2018-10-30,,Cancelled,Customer called to cancel. The warehouse was notified in time and the order didnt ship. They have a new VP of Sales and are shifting their sales model. Our VP of Sales should contact them.,1937 Horch 930V Limousine,Vintage Cars,1:24,Autoart Studio Design,2902,26.3,65.75,Scandinavian Gift Ideas,+46 695 34 65 55,Bräcke,Sweden,116400,bjones@classicmodelcars.com,Sales Rep,London,+44 20 7877 2041,UK,EMEA,Barry Jones,Martha Larsson,25 Old Broad Street Level 7 EC2N 1HN,Åkergatan 24  S-844 67
29,73.8,2018-10-23,2018-10-30,,Cancelled,Customer called to cancel. The warehouse was notified in time and the order didnt ship. They have a new VP of Sales and are shifting their sales model. Our VP of Sales should contact them.,1940 Ford Delivery Sedan,Vintage Cars,1:24,Carousel DieCast Legends,6621,48.64,83.86,Scandinavian Gift Ideas,+46 695 34 65 55,Bräcke,Sweden,116400,bjones@classicmodelcars.com,Sales Rep,London,+44 20 7877 2041,UK,EMEA,Barry Jones,Martha Larsson,25 Old Broad Street Level 7 EC2N 1HN,Åkergatan 24  S-844 67
43,66.0,2018-10-23,2018-10-30,,Cancelled,Customer called to cancel. The warehouse was notified in time and the order didnt ship. They have a new VP of Sales and are shifting their sales model. Our VP of Sales should contact them.,The Schooner Bluenose,Ships,1:700,Autoart Studio Design,1897,34.0,66.67,Scandinavian Gift Ideas,+46 695 34 65 55,Bräcke,Sweden,116400,bjones@classicmodelcars.com,Sales Rep,London,+44 20 7877 2041,UK,EMEA,Barry Jones,Martha Larsson,25 Old Broad Street Level 7 EC2N 1HN,Åkergatan 24  S-844 67
29,87.8,2018-10-23,2018-10-30,,Cancelled,Customer called to cancel. The warehouse was notified in time and the order didnt ship. They have a new VP of Sales and are shifting their sales model. Our VP of Sales should contact them.,HMS Bounty,Ships,1:700,Unimax Art Galleries,3501,39.83,90.52,Scandinavian Gift Ideas,+46 695 34 65 55,Bräcke,Sweden,116400,bjones@classicmodelcars.com,Sales Rep,London,+44 20 7877 2041,UK,EMEA,Barry Jones,Martha Larsson,25 Old Broad Street Level 7 EC2N 1HN,Åkergatan 24  S-844 67
46,62.16,2018-10-23,2018-10-30,,Cancelled,Customer called to cancel. The warehouse was notified in time and the order didnt ship. They have a new VP of Sales and are shifting their sales model. Our VP of Sales should contact them.,The USS Constitution Ship,Ships,1:700,Red Start Diecast,7083,33.97,72.28,Scandinavian Gift Ideas,+46 695 34 65 55,Bräcke,Sweden,116400,bjones@classicmodelcars.com,Sales Rep,London,+44 20 7877 2041,UK,EMEA,Barry Jones,Martha Larsson,25 Old Broad Street Level 7 EC2N 1HN,Åkergatan 24  S-844 67
24,85.14,2018-10-23,2018-10-30,,Cancelled,Customer called to cancel. The warehouse was notified in time and the order didnt ship. They have a new VP of Sales and are shifting their sales model. Our VP of Sales should contact them.,The Titanic,Ships,1:700,Carousel DieCast Legends,1956,51.09,100.17,Scandinavian Gift Ideas,+46 695 34 65 55,Bräcke,Sweden,116400,bjones@classicmodelcars.com,Sales Rep,London,+44 20 7877 2041,UK,EMEA,Barry Jones,Martha Larsson,25 Old Broad Street Level 7 EC2N 1HN,Åkergatan 24  S-844 67
28,83.42,2018-10-23,2018-10-30,,Cancelled,Customer called to cancel. The warehouse was notified in time and the order didnt ship. They have a new VP of Sales and are shifting their sales model. Our VP of Sales should contact them.,The Queen Mary,Ships,1:700,Welly Diecast Productions,5088,53.63,99.31,Scandinavian Gift Ideas,+46 695 34 65 55,Bräcke,Sweden,116400,bjones@classicmodelcars.com,Sales Rep,London,+44 20 7877 2041,UK,EMEA,Barry Jones,Martha Larsson,25 Old Broad Street Level 7 EC2N 1HN,Åkergatan 24  S-844 67
40,42.71,2018-10-23,2018-10-30,,Cancelled,Customer called to cancel. The warehouse was notified in time and the order didnt ship. They have a new VP of Sales and are shifting their sales model. Our VP of Sales should contact them.,Boeing X-32A JSF,Planes,1:72,Motor City Art Classics,4857,32.77,49.66,Scandinavian Gift Ideas,+46 695 34 65 55,Bräcke,Sweden,116400,bjones@classicmodelcars.com,Sales Rep,London,+44 20 7877 2041,UK,EMEA,Barry Jones,Martha Larsson,25 Old Broad Street Level 7 EC2N 1HN,Åkergatan 24  S-844 67
38,43.68,2018-10-23,2018-10-30,,Cancelled,Customer called to cancel. The warehouse was notified in time and the order didnt ship. They have a new VP of Sales and are shifting their sales model. Our VP of Sales should contact them.,Pont Yacht,Ships,1:72,Unimax Art Galleries,414,33.3,54.6,Scandinavian Gift Ideas,+46 695 34 65 55,Bräcke,Sweden,116400,bjones@classicmodelcars.com,Sales Rep,London,+44 20 7877 2041,UK,EMEA,Barry Jones,Martha Larsson,25 Old Broad Street Level 7 EC2N 1HN,Åkergatan 24  S-844 67
36,94.74,2018-10-28,2018-11-03,2018-11-01,Shipped,,1969 Harley Davidson Ultimate Chopper,Motorcycles,1:10,Min Lin Diecast,7933,48.81,95.7,Technics Stores Inc.,+1 650-555-6809,Burlingame,USA,84600,ljennings@classicmodelcars.com,Sales Rep,San Francisco,+1 650-219-4782,USA,,Leslie Jennings,Juri Hashimoto,100 Market Street Suite 300 94080,9408 Furth Circle  94217
27,97.53,2018-10-28,2018-11-03,2018-11-01,Shipped,,1996 Moto Guzzi 1100i,Motorcycles,1:10,Highway 66 Mini Classics,6625,68.99,118.94,Technics Stores Inc.,+1 650-555-6809,Burlingame,USA,84600,ljennings@classicmodelcars.com,Sales Rep,San Francisco,+1 650-219-4782,USA,,Leslie Jennings,Juri Hashimoto,100 Market Street Suite 300 94080,9408 Furth Circle  94217
20,160.74,2018-10-28,2018-11-03,2018-11-01,Shipped,,2003 Harley-Davidson Eagle Drag Bike,Motorcycles,1:10,Red Start Diecast,5582,91.02,193.66,Technics Stores Inc.,+1 650-555-6809,Burlingame,USA,84600,ljennings@classicmodelcars.com,Sales Rep,San Francisco,+1 650-219-4782,USA,,Leslie Jennings,Juri Hashimoto,100 Market Street Suite 300 94080,9408 Furth Circle  94217
21,75.19,2018-10-28,2018-11-03,2018-11-01,Shipped,,P-51-D Mustang,Planes,1:72,Gearbox Collectibles,992,49.0,84.48,Technics Stores Inc.,+1 650-555-6809,Burlingame,USA,84600,ljennings@classicmodelcars.com,Sales Rep,San Francisco,+1 650-219-4782,USA,,Leslie Jennings,Juri Hashimoto,100 Market Street Suite 300 94080,9408 Furth Circle  94217
46,49.06,2018-10-28,2018-11-03,2018-11-01,Shipped,,1936 Harley Davidson El Knucklehead,Motorcycles,1:18,Welly Diecast Productions,4357,24.23,60.57,Technics Stores Inc.,+1 650-555-6809,Burlingame,USA,84600,ljennings@classicmodelcars.com,Sales Rep,San Francisco,+1 650-219-4782,USA,,Leslie Jennings,Juri Hashimoto,100 Market Street Suite 300 94080,9408 Furth Circle  94217
50,103.68,2018-10-28,2018-11-03,2018-11-01,Shipped,,1997 BMW R 1100 S,Motorcycles,1:24,Autoart Studio Design,7003,60.86,112.7,Technics Stores Inc.,+1 650-555-6809,Burlingame,USA,84600,ljennings@classicmodelcars.com,Sales Rep,San Francisco,+1 650-219-4782,USA,,Leslie Jennings,Juri Hashimoto,100 Market Street Suite 300 94080,9408 Furth Circle  94217
49,93.01,2018-10-28,2018-11-03,2018-11-01,Shipped,,1928 British Royal Navy Airplane,Planes,1:24,Classic Metal Creations,3627,66.74,109.42,Technics Stores Inc.,+1 650-555-6809,Burlingame,USA,84600,ljennings@classicmodelcars.com,Sales Rep,San Francisco,+1 650-219-4782,USA,,Leslie Jennings,Juri Hashimoto,100 Market Street Suite 300 94080,9408 Furth Circle  94217
29,72.36,2018-10-28,2018-11-03,2018-11-01,Shipped,,1960 BSA Gold Star DBD34,Motorcycles,1:24,Highway 66 Mini Classics,15,37.32,76.17,Technics Stores Inc.,+1 650-555-6809,Burlingame,USA,84600,ljennings@classicmodelcars.com,Sales Rep,San Francisco,+1 650-219-4782,USA,,Leslie Jennings,Juri Hashimoto,100 Market Street Suite 300 94080,9408 Furth Circle  94217
27,57.32,2018-10-28,2018-11-03,2018-11-01,Shipped,,Corsair F4U ( Bird Cage),Planes,1:24,Second Gear Diecast,6812,29.34,68.24,Technics Stores Inc.,+1 650-555-6809,Burlingame,USA,84600,ljennings@classicmodelcars.com,Sales Rep,San Francisco,+1 650-219-4782,USA,,Leslie Jennings,Juri Hashimoto,100 Market Street Suite 300 94080,9408 Furth Circle  94217
48,68.1,2018-10-28,2018-11-03,2018-11-01,Shipped,,1900s Vintage Tri-Plane,Planes,1:24,Unimax Art Galleries,2756,36.23,72.45,Technics Stores Inc.,+1 650-555-6809,Burlingame,USA,84600,ljennings@classicmodelcars.com,Sales Rep,San Francisco,+1 650-219-4782,USA,,Leslie Jennings,Juri Hashimoto,100 Market Street Suite 300 94080,9408 Furth Circle  94217
28,89.9,2018-10-28,2018-11-03,2018-11-01,Shipped,,1997 BMW F650 ST,Motorcycles,1:32,Exoto Designs,178,66.92,99.89,Technics Stores Inc.,+1 650-555-6809,Burlingame,USA,84600,ljennings@classicmodelcars.com,Sales Rep,San Francisco,+1 650-219-4782,USA,,Leslie Jennings,Juri Hashimoto,100 Market Street Suite 300 94080,9408 Furth Circle  94217
31,57.78,2018-10-28,2018-11-03,2018-11-01,Shipped,,1928 Ford Phaeton Deluxe,Vintage Cars,1:32,Highway 66 Mini Classics,136,33.02,68.79,Technics Stores Inc.,+1 650-555-6809,Burlingame,USA,84600,ljennings@classicmodelcars.com,Sales Rep,San Francisco,+1 650-219-4782,USA,,Leslie Jennings,Juri Hashimoto,100 Market Street Suite 300 94080,9408 Furth Circle  94217
48,39.71,2018-10-28,2018-11-03,2018-11-01,Shipped,,1930 Buick Marquette Phaeton,Vintage Cars,1:50,Studio M Art Models,7062,27.06,43.64,Technics Stores Inc.,+1 650-555-6809,Burlingame,USA,84600,ljennings@classicmodelcars.com,Sales Rep,San Francisco,+1 650-219-4782,USA,,Leslie Jennings,Juri Hashimoto,100 Market Street Suite 300 94080,9408 Furth Circle  94217
28,91.34,2018-10-28,2018-11-03,2018-11-01,Shipped,,American Airlines: B767-300,Planes,1:700,Min Lin Diecast,5841,51.15,91.34,Technics Stores Inc.,+1 650-555-6809,Burlingame,USA,84600,ljennings@classicmodelcars.com,Sales Rep,San Francisco,+1 650-219-4782,USA,,Leslie Jennings,Juri Hashimoto,100 Market Street Suite 300 94080,9408 Furth Circle  94217
31,87.75,2018-10-28,2018-11-03,2018-11-01,Shipped,,America West Airlines B757-200,Planes,1:700,Motor City Art Classics,9653,68.8,99.72,Technics Stores Inc.,+1 650-555-6809,Burlingame,USA,84600,ljennings@classicmodelcars.com,Sales Rep,San Francisco,+1 650-219-4782,USA,,Leslie Jennings,Juri Hashimoto,100 Market Street Suite 300 94080,9408 Furth Circle  94217
36,94.92,2018-10-28,2018-11-03,2018-11-01,Shipped,,ATA: B757-300,Planes,1:700,Highway 66 Mini Classics,7106,59.33,118.65,Technics Stores Inc.,+1 650-555-6809,Burlingame,USA,84600,ljennings@classicmodelcars.com,Sales Rep,San Francisco,+1 650-219-4782,USA,,Leslie Jennings,Juri Hashimoto,100 Market Street Suite 300 94080,9408 Furth Circle  94217
48,72.0,2018-10-28,2018-11-03,2018-11-01,Shipped,,F/A 18 Hornet 1/72,Planes,1:72,Motor City Art Classics,551,54.4,80.0,Technics Stores Inc.,+1 650-555-6809,Burlingame,USA,84600,ljennings@classicmodelcars.com,Sales Rep,San Francisco,+1 650-219-4782,USA,,Leslie Jennings,Juri Hashimoto,100 Market Street Suite 300 94080,9408 Furth Circle  94217
39,67.37,2018-10-28,2018-11-03,2018-11-01,Shipped,,American Airlines: MD-11S,Planes,1:700,Second Gear Diecast,8820,36.27,74.03,Technics Stores Inc.,+1 650-555-6809,Burlingame,USA,84600,ljennings@classicmodelcars.com,Sales Rep,San Francisco,+1 650-219-4782,USA,,Leslie Jennings,Juri Hashimoto,100 Market Street Suite 300 94080,9408 Furth Circle  94217
30,163.44,2018-11-04,2018-11-14,2018-11-09,Shipped,,1968 Ford Mustang,Classic Cars,1:12,Autoart Studio Design,68,95.34,194.57,"Annas Decorations, Ltd",+61 2 9936 8555,North Sydney,Australia,107800,afixter@classicmodelcars.com,Sales Rep,Sydney,+61 2 9264 2451,Australia,APAC,Andy Fixter,Anna OHara,5-11 Wentworth Avenue Floor #2 NSW 2010,201 Miller Street Level 15 2060
35,126.52,2018-11-04,2018-11-14,2018-11-09,Shipped,,2002 Suzuki XREO,Motorcycles,1:12,Unimax Art Galleries,9997,66.27,150.62,"Annas Decorations, Ltd",+61 2 9936 8555,North Sydney,Australia,107800,afixter@classicmodelcars.com,Sales Rep,Sydney,+61 2 9264 2451,Australia,APAC,Andy Fixter,Anna OHara,5-11 Wentworth Avenue Floor #2 NSW 2010,201 Miller Street Level 15 2060
36,71.82,2018-11-04,2018-11-14,2018-11-09,Shipped,,1970 Plymouth Hemi Cuda,Classic Cars,1:12,Studio M Art Models,5663,31.92,79.8,"Annas Decorations, Ltd",+61 2 9936 8555,North Sydney,Australia,107800,afixter@classicmodelcars.com,Sales Rep,Sydney,+61 2 9264 2451,Australia,APAC,Andy Fixter,Anna OHara,5-11 Wentworth Avenue Floor #2 NSW 2010,201 Miller Street Level 15 2060
32,65.13,2018-11-04,2018-11-14,2018-11-09,Shipped,,1969 Dodge Super Bee,Classic Cars,1:18,Min Lin Diecast,1917,49.05,80.41,"Annas Decorations, Ltd",+61 2 9936 8555,North Sydney,Australia,107800,afixter@classicmodelcars.com,Sales Rep,Sydney,+61 2 9264 2451,Australia,APAC,Andy Fixter,Anna OHara,5-11 Wentworth Avenue Floor #2 NSW 2010,201 Miller Street Level 15 2060
36,136.7,2018-11-04,2018-11-14,2018-11-09,Shipped,,1976 Ford Gran Torino,Classic Cars,1:18,Gearbox Collectibles,9127,73.49,146.99,"Annas Decorations, Ltd",+61 2 9936 8555,North Sydney,Australia,107800,afixter@classicmodelcars.com,Sales Rep,Sydney,+61 2 9264 2451,Australia,APAC,Andy Fixter,Anna OHara,5-11 Wentworth Avenue Floor #2 NSW 2010,201 Miller Street Level 15 2060
38,52.84,2018-11-04,2018-11-14,2018-11-09,Shipped,,1957 Vespa GS150,Motorcycles,1:18,Studio M Art Models,7689,32.95,62.17,"Annas Decorations, Ltd",+61 2 9936 8555,North Sydney,Australia,107800,afixter@classicmodelcars.com,Sales Rep,Sydney,+61 2 9264 2451,Australia,APAC,Andy Fixter,Anna OHara,5-11 Wentworth Avenue Floor #2 NSW 2010,201 Miller Street Level 15 2060
33,120.53,2018-11-04,2018-11-14,2018-11-09,Shipped,,1957 Corvette Convertible,Classic Cars,1:18,Classic Metal Creations,1249,69.93,148.8,"Annas Decorations, Ltd",+61 2 9936 8555,North Sydney,Australia,107800,afixter@classicmodelcars.com,Sales Rep,Sydney,+61 2 9264 2451,Australia,APAC,Andy Fixter,Anna OHara,5-11 Wentworth Avenue Floor #2 NSW 2010,201 Miller Street Level 15 2060
38,66.49,2018-11-04,2018-11-14,2018-11-09,Shipped,,1982 Ducati 900 Monster,Motorcycles,1:24,Highway 66 Mini Classics,6840,47.1,69.26,"Annas Decorations, Ltd",+61 2 9936 8555,North Sydney,Australia,107800,afixter@classicmodelcars.com,Sales Rep,Sydney,+61 2 9264 2451,Australia,APAC,Andy Fixter,Anna OHara,5-11 Wentworth Avenue Floor #2 NSW 2010,201 Miller Street Level 15 2060
34,53.27,2018-11-04,2018-11-14,2018-11-09,Shipped,,1971 Alpine Renault 1600s,Classic Cars,1:24,Welly Diecast Productions,7995,38.58,61.23,"Annas Decorations, Ltd",+61 2 9936 8555,North Sydney,Australia,107800,afixter@classicmodelcars.com,Sales Rep,Sydney,+61 2 9264 2451,Australia,APAC,Andy Fixter,Anna OHara,5-11 Wentworth Avenue Floor #2 NSW 2010,201 Miller Street Level 15 2060
24,77.61,2018-11-04,2018-11-14,2018-11-09,Shipped,,1961 Chevrolet Impala,Classic Cars,1:18,Classic Metal Creations,7869,32.33,80.84,"Annas Decorations, Ltd",+61 2 9936 8555,North Sydney,Australia,107800,afixter@classicmodelcars.com,Sales Rep,Sydney,+61 2 9264 2451,Australia,APAC,Andy Fixter,Anna OHara,5-11 Wentworth Avenue Floor #2 NSW 2010,201 Miller Street Level 15 2060
26,37.01,2018-11-04,2018-11-14,2018-11-09,Shipped,,1982 Ducati 996 R,Motorcycles,1:32,Gearbox Collectibles,9241,24.14,40.23,"Annas Decorations, Ltd",+61 2 9936 8555,North Sydney,Australia,107800,afixter@classicmodelcars.com,Sales Rep,Sydney,+61 2 9264 2451,Australia,APAC,Andy Fixter,Anna OHara,5-11 Wentworth Avenue Floor #2 NSW 2010,201 Miller Street Level 15 2060
34,83.68,2018-11-04,2018-11-14,2018-11-09,Shipped,,1974 Ducati 350 Mk3 Desmo,Motorcycles,1:32,Second Gear Diecast,3341,56.13,102.05,"Annas Decorations, Ltd",+61 2 9936 8555,North Sydney,Australia,107800,afixter@classicmodelcars.com,Sales Rep,Sydney,+61 2 9264 2451,Australia,APAC,Andy Fixter,Anna OHara,5-11 Wentworth Avenue Floor #2 NSW 2010,201 Miller Street Level 15 2060
48,75.66,2018-11-04,2018-11-14,2018-11-09,Shipped,,2002 Yamaha YZR M1,Motorcycles,1:50,Autoart Studio Design,600,34.17,81.36,"Annas Decorations, Ltd",+61 2 9936 8555,North Sydney,Australia,107800,afixter@classicmodelcars.com,Sales Rep,Sydney,+61 2 9264 2451,Australia,APAC,Andy Fixter,Anna OHara,5-11 Wentworth Avenue Floor #2 NSW 2010,201 Miller Street Level 15 2060
47,116.27,2018-11-04,2018-11-12,2018-11-07,Shipped,,1968 Dodge Charger,Classic Cars,1:12,Welly Diecast Productions,9123,75.16,117.44,Mini Auto Werke,+43 7675 3555,Graz,Austria,45300,pcastillo@classicmodelcars.com,Sales Rep,Paris,+33 1 47 23 44 04,France,EMEA,Pamela Castillo,Roland  Mendel,43 Rue Jouffroy Dabbans  75017,Kirchgasse 6  8010
41,93.28,2018-11-04,2018-11-12,2018-11-07,Shipped,,1969 Dodge Charger,Classic Cars,1:12,Welly Diecast Productions,7323,58.73,115.16,Mini Auto Werke,+43 7675 3555,Graz,Austria,45300,pcastillo@classicmodelcars.com,Sales Rep,Paris,+33 1 47 23 44 04,France,EMEA,Pamela Castillo,Roland  Mendel,43 Rue Jouffroy Dabbans  75017,Kirchgasse 6  8010
20,70.07,2018-11-04,2018-11-12,2018-11-07,Shipped,,1948 Porsche 356-A Roadster,Classic Cars,1:18,Gearbox Collectibles,8826,53.9,77.0,Mini Auto Werke,+43 7675 3555,Graz,Austria,45300,pcastillo@classicmodelcars.com,Sales Rep,Paris,+33 1 47 23 44 04,France,EMEA,Pamela Castillo,Roland  Mendel,43 Rue Jouffroy Dabbans  75017,Kirchgasse 6  8010
34,130.6,2018-11-04,2018-11-12,2018-11-07,Shipped,,1956 Porsche 356A Coupe,Classic Cars,1:18,Classic Metal Creations,6600,98.3,140.43,Mini Auto Werke,+43 7675 3555,Graz,Austria,45300,pcastillo@classicmodelcars.com,Sales Rep,Paris,+33 1 47 23 44 04,France,EMEA,Pamela Castillo,Roland  Mendel,43 Rue Jouffroy Dabbans  75017,Kirchgasse 6  8010
35,134.46,2018-11-05,2018-11-13,2018-11-07,Shipped,,1993 Mazda RX-7,Classic Cars,1:18,Highway 66 Mini Classics,3975,83.51,141.54,Québec Home Shopping Network,+1 514-555-8054,Montréal,Canada,48700,ftseng@classicmodelcars.com,Sales Rep,NYC,+1 212-555-3000,USA,,Foon Yue Tseng,Jean  Fresnière,523 East 53rd Street apt. 5A 10022,43 rue St. Laurent  H1J 1C3
35,128.03,2018-11-05,2018-11-13,2018-11-07,Shipped,,1995 Honda Civic,Classic Cars,1:18,Min Lin Diecast,9772,93.89,142.25,Québec Home Shopping Network,+1 514-555-8054,Montréal,Canada,48700,ftseng@classicmodelcars.com,Sales Rep,NYC,+1 212-555-3000,USA,,Foon Yue Tseng,Jean  Fresnière,523 East 53rd Street apt. 5A 10022,43 rue St. Laurent  H1J 1C3
39,165.95,2018-11-05,2018-11-13,2018-11-07,Shipped,,1992 Ferrari 360 Spider red,Classic Cars,1:18,Unimax Art Galleries,8347,77.9,169.34,Québec Home Shopping Network,+1 514-555-8054,Montréal,Canada,48700,ftseng@classicmodelcars.com,Sales Rep,NYC,+1 212-555-3000,USA,,Foon Yue Tseng,Jean  Fresnière,523 East 53rd Street apt. 5A 10022,43 rue St. Laurent  H1J 1C3
36,34.74,2018-11-05,2018-11-13,2018-11-07,Shipped,,1982 Lamborghini Diablo,Classic Cars,1:24,Second Gear Diecast,7723,16.24,37.76,Québec Home Shopping Network,+1 514-555-8054,Montréal,Canada,48700,ftseng@classicmodelcars.com,Sales Rep,NYC,+1 212-555-3000,USA,,Foon Yue Tseng,Jean  Fresnière,523 East 53rd Street apt. 5A 10022,43 rue St. Laurent  H1J 1C3
42,109.51,2018-11-05,2018-11-14,2018-11-11,Shipped,,1965 Aston Martin DB5,Classic Cars,1:18,Classic Metal Creations,9042,65.96,124.44,Gift Depot Inc.,+1 203-555-2570,Bridgewater,USA,84300,gvanauf@classicmodelcars.com,Sales Rep,NYC,+1 212-555-3000,USA,,George Vanauf,Julie King,523 East 53rd Street apt. 5A 10022,25593 South Bay Ln.  97562
39,117.48,2018-11-05,2018-11-14,2018-11-11,Shipped,,1999 Indy 500 Monte Carlo SS,Classic Cars,1:18,Red Start Diecast,8164,56.76,132.0,Gift Depot Inc.,+1 203-555-2570,Bridgewater,USA,84300,gvanauf@classicmodelcars.com,Sales Rep,NYC,+1 212-555-3000,USA,,George Vanauf,Julie King,523 East 53rd Street apt. 5A 10022,25593 South Bay Ln.  97562
48,139.87,2018-11-05,2018-11-14,2018-11-11,Shipped,,1948 Porsche Type 356 Roadster,Classic Cars,1:18,Gearbox Collectibles,8990,62.16,141.28,Gift Depot Inc.,+1 203-555-2570,Bridgewater,USA,84300,gvanauf@classicmodelcars.com,Sales Rep,NYC,+1 212-555-3000,USA,,George Vanauf,Julie King,523 East 53rd Street apt. 5A 10022,25593 South Bay Ln.  97562
32,61.0,2018-11-05,2018-11-14,2018-11-11,Shipped,,1970 Chevy Chevelle SS 454,Classic Cars,1:24,Unimax Art Galleries,1005,49.24,73.49,Gift Depot Inc.,+1 203-555-2570,Bridgewater,USA,84300,gvanauf@classicmodelcars.com,Sales Rep,NYC,+1 212-555-3000,USA,,George Vanauf,Julie King,523 East 53rd Street apt. 5A 10022,25593 South Bay Ln.  97562
34,43.27,2018-11-05,2018-11-14,2018-11-11,Shipped,,1966 Shelby Cobra 427 S/C,Classic Cars,1:24,Carousel DieCast Legends,8197,29.18,50.31,Gift Depot Inc.,+1 203-555-2570,Bridgewater,USA,84300,gvanauf@classicmodelcars.com,Sales Rep,NYC,+1 212-555-3000,USA,,George Vanauf,Julie King,523 East 53rd Street apt. 5A 10022,25593 South Bay Ln.  97562
22,79.97,2018-11-05,2018-11-14,2018-11-11,Shipped,,1949 Jaguar XK 120,Classic Cars,1:24,Classic Metal Creations,2350,47.25,90.87,Gift Depot Inc.,+1 203-555-2570,Bridgewater,USA,84300,gvanauf@classicmodelcars.com,Sales Rep,NYC,+1 212-555-3000,USA,,George Vanauf,Julie King,523 East 53rd Street apt. 5A 10022,25593 South Bay Ln.  97562
24,77.91,2018-11-05,2018-11-14,2018-11-11,Shipped,,1969 Chevrolet Camaro Z28,Classic Cars,1:24,Exoto Designs,4695,50.51,85.61,Gift Depot Inc.,+1 203-555-2570,Bridgewater,USA,84300,gvanauf@classicmodelcars.com,Sales Rep,NYC,+1 212-555-3000,USA,,George Vanauf,Julie King,523 East 53rd Street apt. 5A 10022,25593 South Bay Ln.  97562
22,87.81,2018-11-05,2018-11-14,2018-11-11,Shipped,,2002 Chevy Corvette,Classic Cars,1:24,Gearbox Collectibles,9446,62.11,107.08,Gift Depot Inc.,+1 203-555-2570,Bridgewater,USA,84300,gvanauf@classicmodelcars.com,Sales Rep,NYC,+1 212-555-3000,USA,,George Vanauf,Julie King,523 East 53rd Street apt. 5A 10022,25593 South Bay Ln.  97562
43,101.71,2018-11-05,2018-11-15,2018-11-09,Shipped,"Cautious optimism. We have happy customers here, if we can keep them well stocked.  I need all the information I can get on the planned shippments of Porches",1937 Lincoln Berline,Vintage Cars,1:18,Motor City Art Classics,8693,60.62,102.74,Rovelli Gifts,+39 035 640555,Bergamo,Italy,119600,pcastillo@classicmodelcars.com,Sales Rep,Paris,+33 1 47 23 44 04,France,EMEA,Pamela Castillo,Giovanni  Rovelli,43 Rue Jouffroy Dabbans  75017,Via Ludovico il Moro 22  24100
48,51.75,2018-11-05,2018-11-15,2018-11-09,Shipped,"Cautious optimism. We have happy customers here, if we can keep them well stocked.  I need all the information I can get on the planned shippments of Porches",1936 Mercedes-Benz 500K Special Roadster,Vintage Cars,1:18,Studio M Art Models,8635,24.26,53.91,Rovelli Gifts,+39 035 640555,Bergamo,Italy,119600,pcastillo@classicmodelcars.com,Sales Rep,Paris,+33 1 47 23 44 04,France,EMEA,Pamela Castillo,Giovanni  Rovelli,43 Rue Jouffroy Dabbans  75017,Via Ludovico il Moro 22  24100
24,168.3,2018-11-05,2018-11-15,2018-11-09,Shipped,"Cautious optimism. We have happy customers here, if we can keep them well stocked.  I need all the information I can get on the planned shippments of Porches",1917 Grand Touring Sedan,Vintage Cars,1:18,Welly Diecast Productions,2724,86.7,170.0,Rovelli Gifts,+39 035 640555,Bergamo,Italy,119600,pcastillo@classicmodelcars.com,Sales Rep,Paris,+33 1 47 23 44 04,France,EMEA,Pamela Castillo,Giovanni  Rovelli,43 Rue Jouffroy Dabbans  75017,Via Ludovico il Moro 22  24100
26,55.09,2018-11-05,2018-11-15,2018-11-09,Shipped,"Cautious optimism. We have happy customers here, if we can keep them well stocked.  I need all the information I can get on the planned shippments of Porches",1911 Ford Town Car,Vintage Cars,1:18,Motor City Art Classics,540,33.3,60.54,Rovelli Gifts,+39 035 640555,Bergamo,Italy,119600,pcastillo@classicmodelcars.com,Sales Rep,Paris,+33 1 47 23 44 04,France,EMEA,Pamela Castillo,Giovanni  Rovelli,43 Rue Jouffroy Dabbans  75017,Via Ludovico il Moro 22  24100
31,127.13,2018-11-05,2018-11-15,2018-11-09,Shipped,"Cautious optimism. We have happy customers here, if we can keep them well stocked.  I need all the information I can get on the planned shippments of Porches",1932 Model A Ford J-Coupe,Vintage Cars,1:18,Autoart Studio Design,9354,58.48,127.13,Rovelli Gifts,+39 035 640555,Bergamo,Italy,119600,pcastillo@classicmodelcars.com,Sales Rep,Paris,+33 1 47 23 44 04,France,EMEA,Pamela Castillo,Giovanni  Rovelli,43 Rue Jouffroy Dabbans  75017,Via Ludovico il Moro 22  24100
22,140.06,2018-11-05,2018-11-15,2018-11-09,Shipped,"Cautious optimism. We have happy customers here, if we can keep them well stocked.  I need all the information I can get on the planned shippments of Porches",1928 Mercedes-Benz SSK,Vintage Cars,1:18,Gearbox Collectibles,548,72.56,168.75,Rovelli Gifts,+39 035 640555,Bergamo,Italy,119600,pcastillo@classicmodelcars.com,Sales Rep,Paris,+33 1 47 23 44 04,France,EMEA,Pamela Castillo,Giovanni  Rovelli,43 Rue Jouffroy Dabbans  75017,Via Ludovico il Moro 22  24100
28,56.84,2018-11-05,2018-11-15,2018-11-09,Shipped,"Cautious optimism. We have happy customers here, if we can keep them well stocked.  I need all the information I can get on the planned shippments of Porches",1934 Ford V8 Coupe,Vintage Cars,1:18,Min Lin Diecast,5649,34.35,62.46,Rovelli Gifts,+39 035 640555,Bergamo,Italy,119600,pcastillo@classicmodelcars.com,Sales Rep,Paris,+33 1 47 23 44 04,France,EMEA,Pamela Castillo,Giovanni  Rovelli,43 Rue Jouffroy Dabbans  75017,Via Ludovico il Moro 22  24100
31,86.92,2018-11-05,2018-11-15,2018-11-09,Shipped,"Cautious optimism. We have happy customers here, if we can keep them well stocked.  I need all the information I can get on the planned shippments of Porches",18th Century Vintage Horse Carriage,Vintage Cars,1:18,Red Start Diecast,5992,60.74,104.72,Rovelli Gifts,+39 035 640555,Bergamo,Italy,119600,pcastillo@classicmodelcars.com,Sales Rep,Paris,+33 1 47 23 44 04,France,EMEA,Pamela Castillo,Giovanni  Rovelli,43 Rue Jouffroy Dabbans  75017,Via Ludovico il Moro 22  24100
29,90.28,2018-11-05,2018-11-15,2018-11-09,Shipped,"Cautious optimism. We have happy customers here, if we can keep them well stocked.  I need all the information I can get on the planned shippments of Porches",1917 Maxwell Touring Car,Vintage Cars,1:18,Exoto Designs,7913,57.54,99.21,Rovelli Gifts,+39 035 640555,Bergamo,Italy,119600,pcastillo@classicmodelcars.com,Sales Rep,Paris,+33 1 47 23 44 04,France,EMEA,Pamela Castillo,Giovanni  Rovelli,43 Rue Jouffroy Dabbans  75017,Via Ludovico il Moro 22  24100
21,77.31,2018-11-05,2018-11-15,2018-11-09,Shipped,"Cautious optimism. We have happy customers here, if we can keep them well stocked.  I need all the information I can get on the planned shippments of Porches",1932 Alfa Romeo 8C2300 Spider Sport,Vintage Cars,1:18,Exoto Designs,6553,43.26,92.03,Rovelli Gifts,+39 035 640555,Bergamo,Italy,119600,pcastillo@classicmodelcars.com,Sales Rep,Paris,+33 1 47 23 44 04,France,EMEA,Pamela Castillo,Giovanni  Rovelli,43 Rue Jouffroy Dabbans  75017,Via Ludovico il Moro 22  24100
39,58.44,2018-11-05,2018-11-15,2018-11-09,Shipped,"Cautious optimism. We have happy customers here, if we can keep them well stocked.  I need all the information I can get on the planned shippments of Porches",1957 Ford Thunderbird,Classic Cars,1:18,Studio M Art Models,3209,34.21,71.27,Rovelli Gifts,+39 035 640555,Bergamo,Italy,119600,pcastillo@classicmodelcars.com,Sales Rep,Paris,+33 1 47 23 44 04,France,EMEA,Pamela Castillo,Giovanni  Rovelli,43 Rue Jouffroy Dabbans  75017,Via Ludovico il Moro 22  24100
31,29.87,2018-11-05,2018-11-15,2018-11-09,Shipped,"Cautious optimism. We have happy customers here, if we can keep them well stocked.  I need all the information I can get on the planned shippments of Porches",1939 Chevrolet Deluxe Coupe,Vintage Cars,1:24,Motor City Art Classics,7332,22.57,33.19,Rovelli Gifts,+39 035 640555,Bergamo,Italy,119600,pcastillo@classicmodelcars.com,Sales Rep,Paris,+33 1 47 23 44 04,France,EMEA,Pamela Castillo,Giovanni  Rovelli,43 Rue Jouffroy Dabbans  75017,Via Ludovico il Moro 22  24100
27,39.42,2018-11-05,2018-11-15,2018-11-09,Shipped,"Cautious optimism. We have happy customers here, if we can keep them well stocked.  I need all the information I can get on the planned shippments of Porches",1938 Cadillac V-16 Presidential Limousine,Vintage Cars,1:24,Classic Metal Creations,2847,20.61,44.8,Rovelli Gifts,+39 035 640555,Bergamo,Italy,119600,pcastillo@classicmodelcars.com,Sales Rep,Paris,+33 1 47 23 44 04,France,EMEA,Pamela Castillo,Giovanni  Rovelli,43 Rue Jouffroy Dabbans  75017,Via Ludovico il Moro 22  24100
23,98.65,2018-11-05,2018-11-15,2018-11-09,Shipped,"Cautious optimism. We have happy customers here, if we can keep them well stocked.  I need all the information I can get on the planned shippments of Porches",1952 Citroen-15CV,Classic Cars,1:24,Exoto Designs,1452,72.82,117.44,Rovelli Gifts,+39 035 640555,Bergamo,Italy,119600,pcastillo@classicmodelcars.com,Sales Rep,Paris,+33 1 47 23 44 04,France,EMEA,Pamela Castillo,Giovanni  Rovelli,43 Rue Jouffroy Dabbans  75017,Via Ludovico il Moro 22  24100
35,35.7,2018-11-05,2018-11-15,2018-11-09,Shipped,"Cautious optimism. We have happy customers here, if we can keep them well stocked.  I need all the information I can get on the planned shippments of Porches",1936 Mercedes Benz 500k Roadster,Vintage Cars,1:24,Red Start Diecast,2081,21.75,41.03,Rovelli Gifts,+39 035 640555,Bergamo,Italy,119600,pcastillo@classicmodelcars.com,Sales Rep,Paris,+33 1 47 23 44 04,France,EMEA,Pamela Castillo,Giovanni  Rovelli,43 Rue Jouffroy Dabbans  75017,Via Ludovico il Moro 22  24100
22,93.49,2018-11-05,2018-11-15,2018-11-09,Shipped,"Cautious optimism. We have happy customers here, if we can keep them well stocked.  I need all the information I can get on the planned shippments of Porches",1936 Chrysler Airflow,Vintage Cars,1:24,Second Gear Diecast,4710,57.46,97.39,Rovelli Gifts,+39 035 640555,Bergamo,Italy,119600,pcastillo@classicmodelcars.com,Sales Rep,Paris,+33 1 47 23 44 04,France,EMEA,Pamela Castillo,Giovanni  Rovelli,43 Rue Jouffroy Dabbans  75017,Via Ludovico il Moro 22  24100
34,207.87,2018-11-06,2018-11-15,2018-11-10,Shipped,,1952 Alpine Renault 1300,Classic Cars,1:10,Classic Metal Creations,7305,98.58,214.3,"Australian Gift Network, Co",+61 7 3844 6555,South Brisbane,Australia,51600,afixter@classicmodelcars.com,Sales Rep,Sydney,+61 2 9264 2451,Australia,APAC,Andy Fixter,Ben Calaghan,5-11 Wentworth Avenue Floor #2 NSW 2010,31 Duncan St. West End  4101
43,113.44,2018-11-06,2018-11-15,2018-11-10,Shipped,,1958 Setra Bus,Trucks and Buses,1:12,Welly Diecast Productions,1579,77.9,136.67,"Australian Gift Network, Co",+61 7 3844 6555,South Brisbane,Australia,51600,afixter@classicmodelcars.com,Sales Rep,Sydney,+61 2 9264 2451,Australia,APAC,Andy Fixter,Ben Calaghan,5-11 Wentworth Avenue Floor #2 NSW 2010,31 Duncan St. West End  4101
48,108.5,2018-11-06,2018-11-15,2018-11-10,Shipped,,1940 Ford Pickup Truck,Trucks and Buses,1:18,Studio M Art Models,2613,58.33,116.67,"Australian Gift Network, Co",+61 7 3844 6555,South Brisbane,Australia,51600,afixter@classicmodelcars.com,Sales Rep,Sydney,+61 2 9264 2451,Australia,APAC,Andy Fixter,Ben Calaghan,5-11 Wentworth Avenue Floor #2 NSW 2010,31 Duncan St. West End  4101
46,100.3,2018-11-06,2018-11-15,2018-11-10,Shipped,,1913 Ford Model T Speedster,Vintage Cars,1:18,Carousel DieCast Legends,4189,60.78,101.31,"Australian Gift Network, Co",+61 7 3844 6555,South Brisbane,Australia,51600,afixter@classicmodelcars.com,Sales Rep,Sydney,+61 2 9264 2451,Australia,APAC,Andy Fixter,Ben Calaghan,5-11 Wentworth Avenue Floor #2 NSW 2010,31 Duncan St. West End  4101
49,44.27,2018-11-06,2018-11-15,2018-11-10,Shipped,,1939 Cadillac Limousine,Vintage Cars,1:18,Studio M Art Models,6645,23.14,50.31,"Australian Gift Network, Co",+61 7 3844 6555,South Brisbane,Australia,51600,afixter@classicmodelcars.com,Sales Rep,Sydney,+61 2 9264 2451,Australia,APAC,Andy Fixter,Ben Calaghan,5-11 Wentworth Avenue Floor #2 NSW 2010,31 Duncan St. West End  4101
33,119.67,2018-11-06,2018-11-14,2018-11-09,Shipped,,1962 LanciaA Delta 16V,Classic Cars,1:10,Second Gear Diecast,6791,103.42,147.74,"Stylish Desk Decors, Co.",,London,UK,77000,lbott@classicmodelcars.com,Sales Rep,London,+44 20 7877 2041,UK,EMEA,Larry Bott,Ann  Brown,25 Old Broad Street Level 7 EC2N 1HN,35 King George  WX3 6FW
26,109.02,2018-11-06,2018-11-14,2018-11-09,Shipped,,1957 Chevy Pickup,Trucks and Buses,1:12,Exoto Designs,6125,55.7,118.5,"Stylish Desk Decors, Co.",,London,UK,77000,lbott@classicmodelcars.com,Sales Rep,London,+44 20 7877 2041,UK,EMEA,Larry Bott,Ann  Brown,25 Old Broad Street Level 7 EC2N 1HN,35 King George  WX3 6FW
48,101.87,2018-11-06,2018-11-14,2018-11-09,Shipped,,1964 Mercedes Tour Bus,Trucks and Buses,1:18,Unimax Art Galleries,8258,74.86,122.73,"Stylish Desk Decors, Co.",,London,UK,77000,lbott@classicmodelcars.com,Sales Rep,London,+44 20 7877 2041,UK,EMEA,Larry Bott,Ann  Brown,25 Old Broad Street Level 7 EC2N 1HN,35 King George  WX3 6FW
41,59.55,2018-11-06,2018-11-14,2018-11-09,Shipped,,1926 Ford Fire Engine,Trucks and Buses,1:18,Carousel DieCast Legends,2019,24.92,60.77,"Stylish Desk Decors, Co.",,London,UK,77000,lbott@classicmodelcars.com,Sales Rep,London,+44 20 7877 2041,UK,EMEA,Larry Bott,Ann  Brown,25 Old Broad Street Level 7 EC2N 1HN,35 King George  WX3 6FW
29,150.71,2018-11-06,2018-11-14,2018-11-09,Shipped,,1992 Ferrari 360 Spider red,Classic Cars,1:18,Unimax Art Galleries,8347,77.9,169.34,"Stylish Desk Decors, Co.",,London,UK,77000,lbott@classicmodelcars.com,Sales Rep,London,+44 20 7877 2041,UK,EMEA,Larry Bott,Ann  Brown,25 Old Broad Street Level 7 EC2N 1HN,35 King George  WX3 6FW
47,102.92,2018-11-06,2018-11-14,2018-11-09,Shipped,,1940s Ford truck,Trucks and Buses,1:18,Motor City Art Classics,3128,84.76,121.08,"Stylish Desk Decors, Co.",,London,UK,77000,lbott@classicmodelcars.com,Sales Rep,London,+44 20 7877 2041,UK,EMEA,Larry Bott,Ann  Brown,25 Old Broad Street Level 7 EC2N 1HN,35 King George  WX3 6FW
28,121.4,2018-11-06,2018-11-14,2018-11-09,Shipped,,1962 Volkswagen Microbus,Trucks and Buses,1:24,Autoart Studio Design,2327,61.34,127.79,"Stylish Desk Decors, Co.",,London,UK,77000,lbott@classicmodelcars.com,Sales Rep,London,+44 20 7877 2041,UK,EMEA,Larry Bott,Ann  Brown,25 Old Broad Street Level 7 EC2N 1HN,35 King George  WX3 6FW
37,32.18,2018-11-06,2018-11-14,2018-11-09,Shipped,,1958 Chevy Corvette Limited Edition,Classic Cars,1:24,Carousel DieCast Legends,2542,15.91,35.36,"Stylish Desk Decors, Co.",,London,UK,77000,lbott@classicmodelcars.com,Sales Rep,London,+44 20 7877 2041,UK,EMEA,Larry Bott,Ann  Brown,25 Old Broad Street Level 7 EC2N 1HN,35 King George  WX3 6FW
22,89.57,2018-11-06,2018-11-14,2018-11-09,Shipped,,1980’s GM Manhattan Express,Trucks and Buses,1:32,Motor City Art Classics,5099,53.93,96.31,"Stylish Desk Decors, Co.",,London,UK,77000,lbott@classicmodelcars.com,Sales Rep,London,+44 20 7877 2041,UK,EMEA,Larry Bott,Ann  Brown,25 Old Broad Street Level 7 EC2N 1HN,35 King George  WX3 6FW
50,50.86,2018-11-06,2018-11-14,2018-11-09,Shipped,,1954 Greyhound Scenicruiser,Trucks and Buses,1:32,Classic Metal Creations,2874,25.98,54.11,"Stylish Desk Decors, Co.",,London,UK,77000,lbott@classicmodelcars.com,Sales Rep,London,+44 20 7877 2041,UK,EMEA,Larry Bott,Ann  Brown,25 Old Broad Street Level 7 EC2N 1HN,35 King George  WX3 6FW
29,56.24,2018-11-06,2018-11-14,2018-11-09,Shipped,,1996 Peterbilt 379 Stake Bed with Outrigger,Trucks and Buses,1:32,Red Start Diecast,814,33.61,64.64,"Stylish Desk Decors, Co.",,London,UK,77000,lbott@classicmodelcars.com,Sales Rep,London,+44 20 7877 2041,UK,EMEA,Larry Bott,Ann  Brown,25 Old Broad Street Level 7 EC2N 1HN,35 King George  WX3 6FW
42,80.92,2018-11-06,2018-11-14,2018-11-09,Shipped,,1982 Camaro Z28,Classic Cars,1:18,Carousel DieCast Legends,6934,46.53,101.15,"Stylish Desk Decors, Co.",,London,UK,77000,lbott@classicmodelcars.com,Sales Rep,London,+44 20 7877 2041,UK,EMEA,Larry Bott,Ann  Brown,25 Old Broad Street Level 7 EC2N 1HN,35 King George  WX3 6FW
33,166.24,2018-11-06,2018-11-15,2018-11-12,Shipped,,2001 Ferrari Enzo,Classic Cars,1:12,Second Gear Diecast,3619,95.59,207.8,Lordine Souveniers,+39 0522 556555,Reggio Emilia,Italy,121400,pcastillo@classicmodelcars.com,Sales Rep,Paris,+33 1 47 23 44 04,France,EMEA,Pamela Castillo,Maurizio  Moroni,43 Rue Jouffroy Dabbans  75017,Strada Provinciale 124  42100
47,145.04,2018-11-06,2018-11-15,2018-11-12,Shipped,,1969 Corvair Monza,Classic Cars,1:18,Welly Diecast Productions,6906,89.14,151.08,Lordine Souveniers,+39 0522 556555,Reggio Emilia,Italy,121400,pcastillo@classicmodelcars.com,Sales Rep,Paris,+33 1 47 23 44 04,France,EMEA,Pamela Castillo,Maurizio  Moroni,43 Rue Jouffroy Dabbans  75017,Strada Provinciale 124  42100
50,160.91,2018-11-06,2018-11-15,2018-11-12,Shipped,,1969 Ford Falcon,Classic Cars,1:12,Second Gear Diecast,1049,83.05,173.02,Lordine Souveniers,+39 0522 556555,Reggio Emilia,Italy,121400,pcastillo@classicmodelcars.com,Sales Rep,Paris,+33 1 47 23 44 04,France,EMEA,Pamela Castillo,Maurizio  Moroni,43 Rue Jouffroy Dabbans  75017,Strada Provinciale 124  42100
20,139.17,2018-11-06,2018-11-15,2018-11-12,Shipped,,1998 Chrysler Plymouth Prowler,Classic Cars,1:18,Gearbox Collectibles,4724,101.51,163.73,Lordine Souveniers,+39 0522 556555,Reggio Emilia,Italy,121400,pcastillo@classicmodelcars.com,Sales Rep,Paris,+33 1 47 23 44 04,France,EMEA,Pamela Castillo,Maurizio  Moroni,43 Rue Jouffroy Dabbans  75017,Strada Provinciale 124  42100
36,140.75,2018-11-06,2018-11-15,2018-11-12,Shipped,,1970 Triumph Spitfire,Classic Cars,1:18,Min Lin Diecast,5545,91.92,143.62,Lordine Souveniers,+39 0522 556555,Reggio Emilia,Italy,121400,pcastillo@classicmodelcars.com,Sales Rep,Paris,+33 1 47 23 44 04,France,EMEA,Pamela Castillo,Maurizio  Moroni,43 Rue Jouffroy Dabbans  75017,Strada Provinciale 124  42100
27,55.49,2018-11-06,2018-11-15,2018-11-12,Shipped,,1970 Dodge Coronet,Classic Cars,1:24,Highway 66 Mini Classics,4074,32.37,57.8,Lordine Souveniers,+39 0522 556555,Reggio Emilia,Italy,121400,pcastillo@classicmodelcars.com,Sales Rep,Paris,+33 1 47 23 44 04,France,EMEA,Pamela Castillo,Maurizio  Moroni,43 Rue Jouffroy Dabbans  75017,Strada Provinciale 124  42100
29,101.72,2018-11-06,2018-11-15,2018-11-12,Shipped,,1992 Porsche Cayenne Turbo Silver,Classic Cars,1:24,Exoto Designs,6582,69.78,118.28,Lordine Souveniers,+39 0522 556555,Reggio Emilia,Italy,121400,pcastillo@classicmodelcars.com,Sales Rep,Paris,+33 1 47 23 44 04,France,EMEA,Pamela Castillo,Maurizio  Moroni,43 Rue Jouffroy Dabbans  75017,Strada Provinciale 124  42100
22,62.14,2018-11-06,2018-11-15,2018-11-12,Shipped,,1950s Chicago Surface Lines Streetcar,Trains,1:32,Gearbox Collectibles,8601,26.72,62.14,Lordine Souveniers,+39 0522 556555,Reggio Emilia,Italy,121400,pcastillo@classicmodelcars.com,Sales Rep,Paris,+33 1 47 23 44 04,France,EMEA,Pamela Castillo,Maurizio  Moroni,43 Rue Jouffroy Dabbans  75017,Strada Provinciale 124  42100
23,109.96,2018-11-06,2018-11-15,2018-11-12,Shipped,,Diamond T620 Semi-Skirted Tanker,Trucks and Buses,1:50,Highway 66 Mini Classics,1016,68.29,115.75,Lordine Souveniers,+39 0522 556555,Reggio Emilia,Italy,121400,pcastillo@classicmodelcars.com,Sales Rep,Paris,+33 1 47 23 44 04,France,EMEA,Pamela Castillo,Maurizio  Moroni,43 Rue Jouffroy Dabbans  75017,Strada Provinciale 124  42100
38,52.14,2018-11-06,2018-11-15,2018-11-12,Shipped,,1962 City of Detroit Streetcar,Trains,1:50,Classic Metal Creations,1645,37.49,58.58,Lordine Souveniers,+39 0522 556555,Reggio Emilia,Italy,121400,pcastillo@classicmodelcars.com,Sales Rep,Paris,+33 1 47 23 44 04,France,EMEA,Pamela Castillo,Maurizio  Moroni,43 Rue Jouffroy Dabbans  75017,Strada Provinciale 124  42100
23,113.37,2018-11-07,2018-11-17,2018-11-12,Shipped,,1903 Ford Model A,Vintage Cars,1:18,Unimax Art Galleries,3913,68.3,136.59,CAF Imports,+34 913 72 85 55,Madrid,Spain,59600,mgerard@classicmodelcars.com,Sales Rep,Paris,+33 1 47 23 44 04,France,EMEA,Martin Gerard,Jesus Fernandez,43 Rue Jouffroy Dabbans  75017,Merchants House 27-30 Merchants Quay 28023
29,92.77,2018-11-07,2018-11-17,2018-11-12,Shipped,,Collectable Wooden Train,Trains,1:18,Carousel DieCast Legends,6450,67.56,100.84,CAF Imports,+34 913 72 85 55,Madrid,Spain,59600,mgerard@classicmodelcars.com,Sales Rep,Paris,+33 1 47 23 44 04,France,EMEA,Martin Gerard,Jesus Fernandez,43 Rue Jouffroy Dabbans  75017,Merchants House 27-30 Merchants Quay 28023
35,82.5,2018-11-07,2018-11-17,2018-11-12,Shipped,,1904 Buick Runabout,Vintage Cars,1:18,Exoto Designs,8290,52.66,87.77,CAF Imports,+34 913 72 85 55,Madrid,Spain,59600,mgerard@classicmodelcars.com,Sales Rep,Paris,+33 1 47 23 44 04,France,EMEA,Martin Gerard,Jesus Fernandez,43 Rue Jouffroy Dabbans  75017,Merchants House 27-30 Merchants Quay 28023
50,115.52,2018-11-07,2018-11-17,2018-11-12,Shipped,,18th century schooner,Ships,1:24,Carousel DieCast Legends,1898,82.34,122.89,CAF Imports,+34 913 72 85 55,Madrid,Spain,59600,mgerard@classicmodelcars.com,Sales Rep,Paris,+33 1 47 23 44 04,France,EMEA,Martin Gerard,Jesus Fernandez,43 Rue Jouffroy Dabbans  75017,Merchants House 27-30 Merchants Quay 28023
45,79.66,2018-11-07,2018-11-17,2018-11-12,Shipped,,1912 Ford Model T Delivery Wagon,Vintage Cars,1:24,Min Lin Diecast,9173,46.91,88.51,CAF Imports,+34 913 72 85 55,Madrid,Spain,59600,mgerard@classicmodelcars.com,Sales Rep,Paris,+33 1 47 23 44 04,France,EMEA,Martin Gerard,Jesus Fernandez,43 Rue Jouffroy Dabbans  75017,Merchants House 27-30 Merchants Quay 28023
24,58.67,2018-11-07,2018-11-17,2018-11-12,Shipped,,The Schooner Bluenose,Ships,1:700,Autoart Studio Design,1897,34.0,66.67,CAF Imports,+34 913 72 85 55,Madrid,Spain,59600,mgerard@classicmodelcars.com,Sales Rep,Paris,+33 1 47 23 44 04,France,EMEA,Martin Gerard,Jesus Fernandez,43 Rue Jouffroy Dabbans  75017,Merchants House 27-30 Merchants Quay 28023
31,77.95,2018-11-07,2018-11-17,2018-11-12,Shipped,,The Mayflower,Ships,1:700,Studio M Art Models,737,43.3,86.61,CAF Imports,+34 913 72 85 55,Madrid,Spain,59600,mgerard@classicmodelcars.com,Sales Rep,Paris,+33 1 47 23 44 04,France,EMEA,Martin Gerard,Jesus Fernandez,43 Rue Jouffroy Dabbans  75017,Merchants House 27-30 Merchants Quay 28023
32,64.33,2018-11-07,2018-11-17,2018-11-12,Shipped,,The USS Constitution Ship,Ships,1:700,Red Start Diecast,7083,33.97,72.28,CAF Imports,+34 913 72 85 55,Madrid,Spain,59600,mgerard@classicmodelcars.com,Sales Rep,Paris,+33 1 47 23 44 04,France,EMEA,Martin Gerard,Jesus Fernandez,43 Rue Jouffroy Dabbans  75017,Merchants House 27-30 Merchants Quay 28023
44,88.15,2018-11-07,2018-11-17,2018-11-12,Shipped,,The Titanic,Ships,1:700,Carousel DieCast Legends,1956,51.09,100.17,CAF Imports,+34 913 72 85 55,Madrid,Spain,59600,mgerard@classicmodelcars.com,Sales Rep,Paris,+33 1 47 23 44 04,France,EMEA,Martin Gerard,Jesus Fernandez,43 Rue Jouffroy Dabbans  75017,Merchants House 27-30 Merchants Quay 28023
24,83.42,2018-11-07,2018-11-17,2018-11-12,Shipped,,The Queen Mary,Ships,1:700,Welly Diecast Productions,5088,53.63,99.31,CAF Imports,+34 913 72 85 55,Madrid,Spain,59600,mgerard@classicmodelcars.com,Sales Rep,Paris,+33 1 47 23 44 04,France,EMEA,Martin Gerard,Jesus Fernandez,43 Rue Jouffroy Dabbans  75017,Merchants House 27-30 Merchants Quay 28023
40,52.96,2018-11-07,2018-11-17,2018-11-12,Shipped,,Pont Yacht,Ships,1:72,Unimax Art Galleries,414,33.3,54.6,CAF Imports,+34 913 72 85 55,Madrid,Spain,59600,mgerard@classicmodelcars.com,Sales Rep,Paris,+33 1 47 23 44 04,France,EMEA,Martin Gerard,Jesus Fernandez,43 Rue Jouffroy Dabbans  75017,Merchants House 27-30 Merchants Quay 28023
24,131.92,2018-11-08,2018-11-16,2018-11-10,Shipped,Custom shipping instructions sent to warehouse,1972 Alfa Romeo GTA,Classic Cars,1:10,Motor City Art Classics,3252,85.68,136.0,Alpha Cognac,,Toulouse,France,61100,ghernande@classicmodelcars.com,Sales Rep,Paris,+33 1 47 23 44 04,France,EMEA,Gerard Hernandez,Annette  Roulet,43 Rue Jouffroy Dabbans  75017,1 rue Alsace-Lorraine  31000
42,127.73,2018-11-08,2018-11-16,2018-11-10,Shipped,Custom shipping instructions sent to warehouse,1980s Black Hawk Helicopter,Planes,1:18,Red Start Diecast,5330,77.27,157.69,Alpha Cognac,,Toulouse,France,61100,ghernande@classicmodelcars.com,Sales Rep,Paris,+33 1 47 23 44 04,France,EMEA,Gerard Hernandez,Annette  Roulet,43 Rue Jouffroy Dabbans  75017,1 rue Alsace-Lorraine  31000
41,70.54,2018-11-08,2018-11-16,2018-11-10,Shipped,Custom shipping instructions sent to warehouse,1999 Yamaha Speed Boat,Ships,1:18,Min Lin Diecast,4259,51.61,86.02,Alpha Cognac,,Toulouse,France,61100,ghernande@classicmodelcars.com,Sales Rep,Paris,+33 1 47 23 44 04,France,EMEA,Gerard Hernandez,Annette  Roulet,43 Rue Jouffroy Dabbans  75017,1 rue Alsace-Lorraine  31000
48,104.81,2018-11-08,2018-11-16,2018-11-10,Shipped,Custom shipping instructions sent to warehouse,1941 Chevrolet Special Deluxe Cabriolet,Vintage Cars,1:18,Exoto Designs,2378,64.58,105.87,Alpha Cognac,,Toulouse,France,61100,ghernande@classicmodelcars.com,Sales Rep,Paris,+33 1 47 23 44 04,France,EMEA,Gerard Hernandez,Annette  Roulet,43 Rue Jouffroy Dabbans  75017,1 rue Alsace-Lorraine  31000
34,67.82,2018-11-08,2018-11-16,2018-11-10,Shipped,Custom shipping instructions sent to warehouse,1900s Vintage Bi-Plane,Planes,1:24,Autoart Studio Design,5942,34.25,68.51,Alpha Cognac,,Toulouse,France,61100,ghernande@classicmodelcars.com,Sales Rep,Paris,+33 1 47 23 44 04,France,EMEA,Gerard Hernandez,Annette  Roulet,43 Rue Jouffroy Dabbans  75017,1 rue Alsace-Lorraine  31000
27,65.75,2018-11-08,2018-11-16,2018-11-10,Shipped,Custom shipping instructions sent to warehouse,1937 Horch 930V Limousine,Vintage Cars,1:24,Autoart Studio Design,2902,26.3,65.75,Alpha Cognac,,Toulouse,France,61100,ghernande@classicmodelcars.com,Sales Rep,Paris,+33 1 47 23 44 04,France,EMEA,Gerard Hernandez,Annette  Roulet,43 Rue Jouffroy Dabbans  75017,1 rue Alsace-Lorraine  31000
21,68.77,2018-11-08,2018-11-16,2018-11-10,Shipped,Custom shipping instructions sent to warehouse,1940 Ford Delivery Sedan,Vintage Cars,1:24,Carousel DieCast Legends,6621,48.64,83.86,Alpha Cognac,,Toulouse,France,61100,ghernande@classicmodelcars.com,Sales Rep,Paris,+33 1 47 23 44 04,France,EMEA,Gerard Hernandez,Annette  Roulet,43 Rue Jouffroy Dabbans  75017,1 rue Alsace-Lorraine  31000
30,64.15,2018-11-08,2018-11-16,2018-11-10,Shipped,Custom shipping instructions sent to warehouse,Corsair F4U ( Bird Cage),Planes,1:24,Second Gear Diecast,6812,29.34,68.24,Alpha Cognac,,Toulouse,France,61100,ghernande@classicmodelcars.com,Sales Rep,Paris,+33 1 47 23 44 04,France,EMEA,Gerard Hernandez,Annette  Roulet,43 Rue Jouffroy Dabbans  75017,1 rue Alsace-Lorraine  31000
34,86.9,2018-11-08,2018-11-16,2018-11-10,Shipped,Custom shipping instructions sent to warehouse,HMS Bounty,Ships,1:700,Unimax Art Galleries,3501,39.83,90.52,Alpha Cognac,,Toulouse,France,61100,ghernande@classicmodelcars.com,Sales Rep,Paris,+33 1 47 23 44 04,France,EMEA,Gerard Hernandez,Annette  Roulet,43 Rue Jouffroy Dabbans  75017,1 rue Alsace-Lorraine  31000
22,91.74,2018-11-08,2018-11-16,2018-11-10,Shipped,Custom shipping instructions sent to warehouse,America West Airlines B757-200,Planes,1:700,Motor City Art Classics,9653,68.8,99.72,Alpha Cognac,,Toulouse,France,61100,ghernande@classicmodelcars.com,Sales Rep,Paris,+33 1 47 23 44 04,France,EMEA,Gerard Hernandez,Annette  Roulet,43 Rue Jouffroy Dabbans  75017,1 rue Alsace-Lorraine  31000
45,68.11,2018-11-08,2018-11-16,2018-11-10,Shipped,Custom shipping instructions sent to warehouse,American Airlines: MD-11S,Planes,1:700,Second Gear Diecast,8820,36.27,74.03,Alpha Cognac,,Toulouse,France,61100,ghernande@classicmodelcars.com,Sales Rep,Paris,+33 1 47 23 44 04,France,EMEA,Gerard Hernandez,Annette  Roulet,43 Rue Jouffroy Dabbans  75017,1 rue Alsace-Lorraine  31000
45,41.71,2018-11-08,2018-11-16,2018-11-10,Shipped,Custom shipping instructions sent to warehouse,Boeing X-32A JSF,Planes,1:72,Motor City Art Classics,4857,32.77,49.66,Alpha Cognac,,Toulouse,France,61100,ghernande@classicmodelcars.com,Sales Rep,Paris,+33 1 47 23 44 04,France,EMEA,Gerard Hernandez,Annette  Roulet,43 Rue Jouffroy Dabbans  75017,1 rue Alsace-Lorraine  31000
24,82.79,2018-11-11,2018-11-17,2018-11-13,Cancelled,Customer cancelled due to urgent budgeting issues. Must be cautious when dealing with them in the future. Since order shipped already we must discuss who would cover the shipping charges.,P-51-D Mustang,Planes,1:72,Gearbox Collectibles,992,49.0,84.48,Kellys Gift Shop,+64 9 555 5500,Auckland,New Zealand,110000,pmarsh@classicmodelcars.com,Sales Rep,Sydney,+61 2 9264 2451,Australia,APAC,Peter Marsh,Tony Snowden,5-11 Wentworth Avenue Floor #2 NSW 2010,Arenales 1938 3A
47,105.04,2018-11-11,2018-11-17,2018-11-13,Cancelled,Customer cancelled due to urgent budgeting issues. Must be cautious when dealing with them in the future. Since order shipped already we must discuss who would cover the shipping charges.,1928 British Royal Navy Airplane,Planes,1:24,Classic Metal Creations,3627,66.74,109.42,Kellys Gift Shop,+64 9 555 5500,Auckland,New Zealand,110000,pmarsh@classicmodelcars.com,Sales Rep,Sydney,+61 2 9264 2451,Australia,APAC,Peter Marsh,Tony Snowden,5-11 Wentworth Avenue Floor #2 NSW 2010,Arenales 1938 3A
27,66.65,2018-11-11,2018-11-17,2018-11-13,Cancelled,Customer cancelled due to urgent budgeting issues. Must be cautious when dealing with them in the future. Since order shipped already we must discuss who would cover the shipping charges.,1900s Vintage Tri-Plane,Planes,1:24,Unimax Art Galleries,2756,36.23,72.45,Kellys Gift Shop,+64 9 555 5500,Auckland,New Zealand,110000,pmarsh@classicmodelcars.com,Sales Rep,Sydney,+61 2 9264 2451,Australia,APAC,Peter Marsh,Tony Snowden,5-11 Wentworth Avenue Floor #2 NSW 2010,Arenales 1938 3A
45,86.9,2018-11-11,2018-11-17,2018-11-13,Cancelled,Customer cancelled due to urgent budgeting issues. Must be cautious when dealing with them in the future. Since order shipped already we must discuss who would cover the shipping charges.,1997 BMW F650 ST,Motorcycles,1:32,Exoto Designs,178,66.92,99.89,Kellys Gift Shop,+64 9 555 5500,Auckland,New Zealand,110000,pmarsh@classicmodelcars.com,Sales Rep,Sydney,+61 2 9264 2451,Australia,APAC,Peter Marsh,Tony Snowden,5-11 Wentworth Avenue Floor #2 NSW 2010,Arenales 1938 3A
24,63.97,2018-11-11,2018-11-17,2018-11-13,Cancelled,Customer cancelled due to urgent budgeting issues. Must be cautious when dealing with them in the future. Since order shipped already we must discuss who would cover the shipping charges.,1928 Ford Phaeton Deluxe,Vintage Cars,1:32,Highway 66 Mini Classics,136,33.02,68.79,Kellys Gift Shop,+64 9 555 5500,Auckland,New Zealand,110000,pmarsh@classicmodelcars.com,Sales Rep,Sydney,+61 2 9264 2451,Australia,APAC,Peter Marsh,Tony Snowden,5-11 Wentworth Avenue Floor #2 NSW 2010,Arenales 1938 3A
34,43.2,2018-11-11,2018-11-17,2018-11-13,Cancelled,Customer cancelled due to urgent budgeting issues. Must be cautious when dealing with them in the future. Since order shipped already we must discuss who would cover the shipping charges.,1930 Buick Marquette Phaeton,Vintage Cars,1:50,Studio M Art Models,7062,27.06,43.64,Kellys Gift Shop,+64 9 555 5500,Auckland,New Zealand,110000,pmarsh@classicmodelcars.com,Sales Rep,Sydney,+61 2 9264 2451,Australia,APAC,Peter Marsh,Tony Snowden,5-11 Wentworth Avenue Floor #2 NSW 2010,Arenales 1938 3A
23,75.81,2018-11-11,2018-11-17,2018-11-13,Cancelled,Customer cancelled due to urgent budgeting issues. Must be cautious when dealing with them in the future. Since order shipped already we must discuss who would cover the shipping charges.,American Airlines: B767-300,Planes,1:700,Min Lin Diecast,5841,51.15,91.34,Kellys Gift Shop,+64 9 555 5500,Auckland,New Zealand,110000,pmarsh@classicmodelcars.com,Sales Rep,Sydney,+61 2 9264 2451,Australia,APAC,Peter Marsh,Tony Snowden,5-11 Wentworth Avenue Floor #2 NSW 2010,Arenales 1938 3A
25,98.48,2018-11-11,2018-11-17,2018-11-13,Cancelled,Customer cancelled due to urgent budgeting issues. Must be cautious when dealing with them in the future. Since order shipped already we must discuss who would cover the shipping charges.,ATA: B757-300,Planes,1:700,Highway 66 Mini Classics,7106,59.33,118.65,Kellys Gift Shop,+64 9 555 5500,Auckland,New Zealand,110000,pmarsh@classicmodelcars.com,Sales Rep,Sydney,+61 2 9264 2451,Australia,APAC,Peter Marsh,Tony Snowden,5-11 Wentworth Avenue Floor #2 NSW 2010,Arenales 1938 3A
39,80.0,2018-11-11,2018-11-17,2018-11-13,Cancelled,Customer cancelled due to urgent budgeting issues. Must be cautious when dealing with them in the future. Since order shipped already we must discuss who would cover the shipping charges.,F/A 18 Hornet 1/72,Planes,1:72,Motor City Art Classics,551,54.4,80.0,Kellys Gift Shop,+64 9 555 5500,Auckland,New Zealand,110000,pmarsh@classicmodelcars.com,Sales Rep,Sydney,+61 2 9264 2451,Australia,APAC,Peter Marsh,Tony Snowden,5-11 Wentworth Avenue Floor #2 NSW 2010,Arenales 1938 3A
29,76.56,2018-11-11,2018-11-19,2018-11-14,Shipped,,1969 Harley Davidson Ultimate Chopper,Motorcycles,1:10,Min Lin Diecast,7933,48.81,95.7,Daedalus Designs Imports,,Lille,France,82900,ghernande@classicmodelcars.com,Sales Rep,Paris,+33 1 47 23 44 04,France,EMEA,Gerard Hernandez,Martine  Rancé,43 Rue Jouffroy Dabbans  75017,"184, chaussée de Tournai  59000"
42,99.91,2018-11-11,2018-11-19,2018-11-14,Shipped,,1996 Moto Guzzi 1100i,Motorcycles,1:10,Highway 66 Mini Classics,6625,68.99,118.94,Daedalus Designs Imports,,Lille,France,82900,ghernande@classicmodelcars.com,Sales Rep,Paris,+33 1 47 23 44 04,France,EMEA,Gerard Hernandez,Martine  Rancé,43 Rue Jouffroy Dabbans  75017,"184, chaussée de Tournai  59000"
41,164.61,2018-11-11,2018-11-19,2018-11-14,Shipped,,2003 Harley-Davidson Eagle Drag Bike,Motorcycles,1:10,Red Start Diecast,5582,91.02,193.66,Daedalus Designs Imports,,Lille,France,82900,ghernande@classicmodelcars.com,Sales Rep,Paris,+33 1 47 23 44 04,France,EMEA,Gerard Hernandez,Martine  Rancé,43 Rue Jouffroy Dabbans  75017,"184, chaussée de Tournai  59000"
40,131.04,2018-11-11,2018-11-19,2018-11-14,Shipped,,2002 Suzuki XREO,Motorcycles,1:12,Unimax Art Galleries,9997,66.27,150.62,Daedalus Designs Imports,,Lille,France,82900,ghernande@classicmodelcars.com,Sales Rep,Paris,+33 1 47 23 44 04,France,EMEA,Gerard Hernandez,Martine  Rancé,43 Rue Jouffroy Dabbans  75017,"184, chaussée de Tournai  59000"
25,48.46,2018-11-11,2018-11-19,2018-11-14,Shipped,,1936 Harley Davidson El Knucklehead,Motorcycles,1:18,Welly Diecast Productions,4357,24.23,60.57,Daedalus Designs Imports,,Lille,France,82900,ghernande@classicmodelcars.com,Sales Rep,Paris,+33 1 47 23 44 04,France,EMEA,Gerard Hernandez,Martine  Rancé,43 Rue Jouffroy Dabbans  75017,"184, chaussée de Tournai  59000"
21,59.06,2018-11-11,2018-11-19,2018-11-14,Shipped,,1957 Vespa GS150,Motorcycles,1:18,Studio M Art Models,7689,32.95,62.17,Daedalus Designs Imports,,Lille,France,82900,ghernande@classicmodelcars.com,Sales Rep,Paris,+33 1 47 23 44 04,France,EMEA,Gerard Hernandez,Martine  Rancé,43 Rue Jouffroy Dabbans  75017,"184, chaussée de Tournai  59000"
44,147.31,2018-11-11,2018-11-19,2018-11-14,Shipped,,1957 Corvette Convertible,Classic Cars,1:18,Classic Metal Creations,1249,69.93,148.8,Daedalus Designs Imports,,Lille,France,82900,ghernande@classicmodelcars.com,Sales Rep,Paris,+33 1 47 23 44 04,France,EMEA,Gerard Hernandez,Martine  Rancé,43 Rue Jouffroy Dabbans  75017,"184, chaussée de Tournai  59000"
48,98.05,2018-11-11,2018-11-19,2018-11-14,Shipped,,1997 BMW R 1100 S,Motorcycles,1:24,Autoart Studio Design,7003,60.86,112.7,Daedalus Designs Imports,,Lille,France,82900,ghernande@classicmodelcars.com,Sales Rep,Paris,+33 1 47 23 44 04,France,EMEA,Gerard Hernandez,Martine  Rancé,43 Rue Jouffroy Dabbans  75017,"184, chaussée de Tournai  59000"
28,61.7,2018-11-11,2018-11-19,2018-11-14,Shipped,,1960 BSA Gold Star DBD34,Motorcycles,1:24,Highway 66 Mini Classics,15,37.32,76.17,Daedalus Designs Imports,,Lille,France,82900,ghernande@classicmodelcars.com,Sales Rep,Paris,+33 1 47 23 44 04,France,EMEA,Gerard Hernandez,Martine  Rancé,43 Rue Jouffroy Dabbans  75017,"184, chaussée de Tournai  59000"
35,60.95,2018-11-11,2018-11-19,2018-11-14,Shipped,,1982 Ducati 900 Monster,Motorcycles,1:24,Highway 66 Mini Classics,6840,47.1,69.26,Daedalus Designs Imports,,Lille,France,82900,ghernande@classicmodelcars.com,Sales Rep,Paris,+33 1 47 23 44 04,France,EMEA,Gerard Hernandez,Martine  Rancé,43 Rue Jouffroy Dabbans  75017,"184, chaussée de Tournai  59000"
28,68.71,2018-11-11,2018-11-19,2018-11-14,Shipped,,1961 Chevrolet Impala,Classic Cars,1:18,Classic Metal Creations,7869,32.33,80.84,Daedalus Designs Imports,,Lille,France,82900,ghernande@classicmodelcars.com,Sales Rep,Paris,+33 1 47 23 44 04,France,EMEA,Gerard Hernandez,Martine  Rancé,43 Rue Jouffroy Dabbans  75017,"184, chaussée de Tournai  59000"
34,33.39,2018-11-11,2018-11-19,2018-11-14,Shipped,,1982 Ducati 996 R,Motorcycles,1:32,Gearbox Collectibles,9241,24.14,40.23,Daedalus Designs Imports,,Lille,France,82900,ghernande@classicmodelcars.com,Sales Rep,Paris,+33 1 47 23 44 04,France,EMEA,Gerard Hernandez,Martine  Rancé,43 Rue Jouffroy Dabbans  75017,"184, chaussée de Tournai  59000"
22,102.05,2018-11-11,2018-11-19,2018-11-14,Shipped,,1974 Ducati 350 Mk3 Desmo,Motorcycles,1:32,Second Gear Diecast,3341,56.13,102.05,Daedalus Designs Imports,,Lille,France,82900,ghernande@classicmodelcars.com,Sales Rep,Paris,+33 1 47 23 44 04,France,EMEA,Gerard Hernandez,Martine  Rancé,43 Rue Jouffroy Dabbans  75017,"184, chaussée de Tournai  59000"
21,74.85,2018-11-11,2018-11-19,2018-11-14,Shipped,,2002 Yamaha YZR M1,Motorcycles,1:50,Autoart Studio Design,600,34.17,81.36,Daedalus Designs Imports,,Lille,France,82900,ghernande@classicmodelcars.com,Sales Rep,Paris,+33 1 47 23 44 04,France,EMEA,Gerard Hernandez,Martine  Rancé,43 Rue Jouffroy Dabbans  75017,"184, chaussée de Tournai  59000"
27,155.66,2018-11-12,2018-11-19,2018-11-15,Shipped,,1968 Ford Mustang,Classic Cars,1:12,Autoart Studio Design,68,95.34,194.57,Herkku Gifts,+47 22 67 32 15,Bergen,Norway,96800,bjones@classicmodelcars.com,Sales Rep,London,+44 20 7877 2041,UK,EMEA,Barry Jones,Veysel Oeztan,25 Old Broad Street Level 7 EC2N 1HN,Brehmen St. 121 PR 334 Sentrum N 5804
28,113.92,2018-11-12,2018-11-19,2018-11-15,Shipped,,1968 Dodge Charger,Classic Cars,1:12,Welly Diecast Productions,9123,75.16,117.44,Herkku Gifts,+47 22 67 32 15,Bergen,Norway,96800,bjones@classicmodelcars.com,Sales Rep,London,+44 20 7877 2041,UK,EMEA,Barry Jones,Veysel Oeztan,25 Old Broad Street Level 7 EC2N 1HN,Brehmen St. 121 PR 334 Sentrum N 5804
20,67.03,2018-11-12,2018-11-19,2018-11-15,Shipped,,1970 Plymouth Hemi Cuda,Classic Cars,1:12,Studio M Art Models,5663,31.92,79.8,Herkku Gifts,+47 22 67 32 15,Bergen,Norway,96800,bjones@classicmodelcars.com,Sales Rep,London,+44 20 7877 2041,UK,EMEA,Barry Jones,Veysel Oeztan,25 Old Broad Street Level 7 EC2N 1HN,Brehmen St. 121 PR 334 Sentrum N 5804
36,107.1,2018-11-12,2018-11-19,2018-11-15,Shipped,,1969 Dodge Charger,Classic Cars,1:12,Welly Diecast Productions,7323,58.73,115.16,Herkku Gifts,+47 22 67 32 15,Bergen,Norway,96800,bjones@classicmodelcars.com,Sales Rep,London,+44 20 7877 2041,UK,EMEA,Barry Jones,Veysel Oeztan,25 Old Broad Street Level 7 EC2N 1HN,Brehmen St. 121 PR 334 Sentrum N 5804
44,124.56,2018-11-12,2018-11-19,2018-11-15,Shipped,,1993 Mazda RX-7,Classic Cars,1:18,Highway 66 Mini Classics,3975,83.51,141.54,Herkku Gifts,+47 22 67 32 15,Bergen,Norway,96800,bjones@classicmodelcars.com,Sales Rep,London,+44 20 7877 2041,UK,EMEA,Barry Jones,Veysel Oeztan,25 Old Broad Street Level 7 EC2N 1HN,Brehmen St. 121 PR 334 Sentrum N 5804
42,124.44,2018-11-12,2018-11-19,2018-11-15,Shipped,,1965 Aston Martin DB5,Classic Cars,1:18,Classic Metal Creations,9042,65.96,124.44,Herkku Gifts,+47 22 67 32 15,Bergen,Norway,96800,bjones@classicmodelcars.com,Sales Rep,London,+44 20 7877 2041,UK,EMEA,Barry Jones,Veysel Oeztan,25 Old Broad Street Level 7 EC2N 1HN,Brehmen St. 121 PR 334 Sentrum N 5804
22,74.69,2018-11-12,2018-11-19,2018-11-15,Shipped,,1948 Porsche 356-A Roadster,Classic Cars,1:18,Gearbox Collectibles,8826,53.9,77.0,Herkku Gifts,+47 22 67 32 15,Bergen,Norway,96800,bjones@classicmodelcars.com,Sales Rep,London,+44 20 7877 2041,UK,EMEA,Barry Jones,Veysel Oeztan,25 Old Broad Street Level 7 EC2N 1HN,Brehmen St. 121 PR 334 Sentrum N 5804
21,129.45,2018-11-12,2018-11-19,2018-11-15,Shipped,,1995 Honda Civic,Classic Cars,1:18,Min Lin Diecast,9772,93.89,142.25,Herkku Gifts,+47 22 67 32 15,Bergen,Norway,96800,bjones@classicmodelcars.com,Sales Rep,London,+44 20 7877 2041,UK,EMEA,Barry Jones,Veysel Oeztan,25 Old Broad Street Level 7 EC2N 1HN,Brehmen St. 121 PR 334 Sentrum N 5804
27,130.68,2018-11-12,2018-11-19,2018-11-15,Shipped,,1999 Indy 500 Monte Carlo SS,Classic Cars,1:18,Red Start Diecast,8164,56.76,132.0,Herkku Gifts,+47 22 67 32 15,Bergen,Norway,96800,bjones@classicmodelcars.com,Sales Rep,London,+44 20 7877 2041,UK,EMEA,Barry Jones,Veysel Oeztan,25 Old Broad Street Level 7 EC2N 1HN,Brehmen St. 121 PR 334 Sentrum N 5804
45,147.33,2018-11-12,2018-11-19,2018-11-15,Shipped,,1992 Ferrari 360 Spider red,Classic Cars,1:18,Unimax Art Galleries,8347,77.9,169.34,Herkku Gifts,+47 22 67 32 15,Bergen,Norway,96800,bjones@classicmodelcars.com,Sales Rep,London,+44 20 7877 2041,UK,EMEA,Barry Jones,Veysel Oeztan,25 Old Broad Street Level 7 EC2N 1HN,Brehmen St. 121 PR 334 Sentrum N 5804
30,73.17,2018-11-12,2018-11-19,2018-11-15,Shipped,,1969 Dodge Super Bee,Classic Cars,1:18,Min Lin Diecast,1917,49.05,80.41,Herkku Gifts,+47 22 67 32 15,Bergen,Norway,96800,bjones@classicmodelcars.com,Sales Rep,London,+44 20 7877 2041,UK,EMEA,Barry Jones,Veysel Oeztan,25 Old Broad Street Level 7 EC2N 1HN,Brehmen St. 121 PR 334 Sentrum N 5804
22,120.53,2018-11-12,2018-11-19,2018-11-15,Shipped,,1976 Ford Gran Torino,Classic Cars,1:18,Gearbox Collectibles,9127,73.49,146.99,Herkku Gifts,+47 22 67 32 15,Bergen,Norway,96800,bjones@classicmodelcars.com,Sales Rep,London,+44 20 7877 2041,UK,EMEA,Barry Jones,Veysel Oeztan,25 Old Broad Street Level 7 EC2N 1HN,Brehmen St. 121 PR 334 Sentrum N 5804
39,137.04,2018-11-12,2018-11-19,2018-11-15,Shipped,,1948 Porsche Type 356 Roadster,Classic Cars,1:18,Gearbox Collectibles,8990,62.16,141.28,Herkku Gifts,+47 22 67 32 15,Bergen,Norway,96800,bjones@classicmodelcars.com,Sales Rep,London,+44 20 7877 2041,UK,EMEA,Barry Jones,Veysel Oeztan,25 Old Broad Street Level 7 EC2N 1HN,Brehmen St. 121 PR 334 Sentrum N 5804
34,45.28,2018-11-12,2018-11-19,2018-11-15,Shipped,,1966 Shelby Cobra 427 S/C,Classic Cars,1:24,Carousel DieCast Legends,8197,29.18,50.31,Herkku Gifts,+47 22 67 32 15,Bergen,Norway,96800,bjones@classicmodelcars.com,Sales Rep,London,+44 20 7877 2041,UK,EMEA,Barry Jones,Veysel Oeztan,25 Old Broad Street Level 7 EC2N 1HN,Brehmen St. 121 PR 334 Sentrum N 5804
37,32.85,2018-11-12,2018-11-19,2018-11-15,Shipped,,1982 Lamborghini Diablo,Classic Cars,1:24,Second Gear Diecast,7723,16.24,37.76,Herkku Gifts,+47 22 67 32 15,Bergen,Norway,96800,bjones@classicmodelcars.com,Sales Rep,London,+44 20 7877 2041,UK,EMEA,Barry Jones,Veysel Oeztan,25 Old Broad Street Level 7 EC2N 1HN,Brehmen St. 121 PR 334 Sentrum N 5804
23,54.49,2018-11-12,2018-11-19,2018-11-15,Shipped,,1971 Alpine Renault 1600s,Classic Cars,1:24,Welly Diecast Productions,7995,38.58,61.23,Herkku Gifts,+47 22 67 32 15,Bergen,Norway,96800,bjones@classicmodelcars.com,Sales Rep,London,+44 20 7877 2041,UK,EMEA,Barry Jones,Veysel Oeztan,25 Old Broad Street Level 7 EC2N 1HN,Brehmen St. 121 PR 334 Sentrum N 5804
25,122.17,2018-11-12,2018-11-19,2018-11-15,Shipped,,1956 Porsche 356A Coupe,Classic Cars,1:18,Classic Metal Creations,6600,98.3,140.43,Herkku Gifts,+47 22 67 32 15,Bergen,Norway,96800,bjones@classicmodelcars.com,Sales Rep,London,+44 20 7877 2041,UK,EMEA,Barry Jones,Veysel Oeztan,25 Old Broad Street Level 7 EC2N 1HN,Brehmen St. 121 PR 334 Sentrum N 5804
25,83.22,2018-11-12,2018-11-21,2018-11-18,Shipped,,1937 Lincoln Berline,Vintage Cars,1:18,Motor City Art Classics,8693,60.62,102.74,Mini Gifts Distributors Ltd.,+1 415-555-1450,San Rafael,USA,210500,ljennings@classicmodelcars.com,Sales Rep,San Francisco,+1 650-219-4782,USA,,Leslie Jennings,Susan Nelson,100 Market Street Suite 300 94080,5677 Strong St.  97562
32,44.21,2018-11-12,2018-11-21,2018-11-18,Shipped,,1936 Mercedes-Benz 500K Special Roadster,Vintage Cars,1:18,Studio M Art Models,8635,24.26,53.91,Mini Gifts Distributors Ltd.,+1 415-555-1450,San Rafael,USA,210500,ljennings@classicmodelcars.com,Sales Rep,San Francisco,+1 650-219-4782,USA,,Leslie Jennings,Susan Nelson,100 Market Street Suite 300 94080,5677 Strong St.  97562
44,159.8,2018-11-12,2018-11-21,2018-11-18,Shipped,,1917 Grand Touring Sedan,Vintage Cars,1:18,Welly Diecast Productions,2724,86.7,170.0,Mini Gifts Distributors Ltd.,+1 415-555-1450,San Rafael,USA,210500,ljennings@classicmodelcars.com,Sales Rep,San Francisco,+1 650-219-4782,USA,,Leslie Jennings,Susan Nelson,100 Market Street Suite 300 94080,5677 Strong St.  97562
38,54.49,2018-11-12,2018-11-21,2018-11-18,Shipped,,1911 Ford Town Car,Vintage Cars,1:18,Motor City Art Classics,540,33.3,60.54,Mini Gifts Distributors Ltd.,+1 415-555-1450,San Rafael,USA,210500,ljennings@classicmodelcars.com,Sales Rep,San Francisco,+1 650-219-4782,USA,,Leslie Jennings,Susan Nelson,100 Market Street Suite 300 94080,5677 Strong St.  97562
20,105.52,2018-11-12,2018-11-21,2018-11-18,Shipped,,1932 Model A Ford J-Coupe,Vintage Cars,1:18,Autoart Studio Design,9354,58.48,127.13,Mini Gifts Distributors Ltd.,+1 415-555-1450,San Rafael,USA,210500,ljennings@classicmodelcars.com,Sales Rep,San Francisco,+1 650-219-4782,USA,,Leslie Jennings,Susan Nelson,100 Market Street Suite 300 94080,5677 Strong St.  97562
21,135.0,2018-11-12,2018-11-21,2018-11-18,Shipped,,1928 Mercedes-Benz SSK,Vintage Cars,1:18,Gearbox Collectibles,548,72.56,168.75,Mini Gifts Distributors Ltd.,+1 415-555-1450,San Rafael,USA,210500,ljennings@classicmodelcars.com,Sales Rep,San Francisco,+1 650-219-4782,USA,,Leslie Jennings,Susan Nelson,100 Market Street Suite 300 94080,5677 Strong St.  97562
33,86.31,2018-11-12,2018-11-21,2018-11-18,Shipped,,1917 Maxwell Touring Car,Vintage Cars,1:18,Exoto Designs,7913,57.54,99.21,Mini Gifts Distributors Ltd.,+1 415-555-1450,San Rafael,USA,210500,ljennings@classicmodelcars.com,Sales Rep,San Francisco,+1 650-219-4782,USA,,Leslie Jennings,Susan Nelson,100 Market Street Suite 300 94080,5677 Strong St.  97562
36,88.35,2018-11-12,2018-11-21,2018-11-18,Shipped,,1932 Alfa Romeo 8C2300 Spider Sport,Vintage Cars,1:18,Exoto Designs,6553,43.26,92.03,Mini Gifts Distributors Ltd.,+1 415-555-1450,San Rafael,USA,210500,ljennings@classicmodelcars.com,Sales Rep,San Francisco,+1 650-219-4782,USA,,Leslie Jennings,Susan Nelson,100 Market Street Suite 300 94080,5677 Strong St.  97562
44,61.29,2018-11-12,2018-11-21,2018-11-18,Shipped,,1957 Ford Thunderbird,Classic Cars,1:18,Studio M Art Models,3209,34.21,71.27,Mini Gifts Distributors Ltd.,+1 415-555-1450,San Rafael,USA,210500,ljennings@classicmodelcars.com,Sales Rep,San Francisco,+1 650-219-4782,USA,,Leslie Jennings,Susan Nelson,100 Market Street Suite 300 94080,5677 Strong St.  97562
47,63.2,2018-11-12,2018-11-21,2018-11-18,Shipped,,1970 Chevy Chevelle SS 454,Classic Cars,1:24,Unimax Art Galleries,1005,49.24,73.49,Mini Gifts Distributors Ltd.,+1 415-555-1450,San Rafael,USA,210500,ljennings@classicmodelcars.com,Sales Rep,San Francisco,+1 650-219-4782,USA,,Leslie Jennings,Susan Nelson,100 Market Street Suite 300 94080,5677 Strong St.  97562
39,31.86,2018-11-12,2018-11-21,2018-11-18,Shipped,,1939 Chevrolet Deluxe Coupe,Vintage Cars,1:24,Motor City Art Classics,7332,22.57,33.19,Mini Gifts Distributors Ltd.,+1 415-555-1450,San Rafael,USA,210500,ljennings@classicmodelcars.com,Sales Rep,San Francisco,+1 650-219-4782,USA,,Leslie Jennings,Susan Nelson,100 Market Street Suite 300 94080,5677 Strong St.  97562
31,39.87,2018-11-12,2018-11-21,2018-11-18,Shipped,,1938 Cadillac V-16 Presidential Limousine,Vintage Cars,1:24,Classic Metal Creations,2847,20.61,44.8,Mini Gifts Distributors Ltd.,+1 415-555-1450,San Rafael,USA,210500,ljennings@classicmodelcars.com,Sales Rep,San Francisco,+1 650-219-4782,USA,,Leslie Jennings,Susan Nelson,100 Market Street Suite 300 94080,5677 Strong St.  97562
36,87.24,2018-11-12,2018-11-21,2018-11-18,Shipped,,1949 Jaguar XK 120,Classic Cars,1:24,Classic Metal Creations,2350,47.25,90.87,Mini Gifts Distributors Ltd.,+1 415-555-1450,San Rafael,USA,210500,ljennings@classicmodelcars.com,Sales Rep,San Francisco,+1 650-219-4782,USA,,Leslie Jennings,Susan Nelson,100 Market Street Suite 300 94080,5677 Strong St.  97562
20,116.27,2018-11-12,2018-11-21,2018-11-18,Shipped,,1952 Citroen-15CV,Classic Cars,1:24,Exoto Designs,1452,72.82,117.44,Mini Gifts Distributors Ltd.,+1 415-555-1450,San Rafael,USA,210500,ljennings@classicmodelcars.com,Sales Rep,San Francisco,+1 650-219-4782,USA,,Leslie Jennings,Susan Nelson,100 Market Street Suite 300 94080,5677 Strong St.  97562
33,73.62,2018-11-12,2018-11-21,2018-11-18,Shipped,,1969 Chevrolet Camaro Z28,Classic Cars,1:24,Exoto Designs,4695,50.51,85.61,Mini Gifts Distributors Ltd.,+1 415-555-1450,San Rafael,USA,210500,ljennings@classicmodelcars.com,Sales Rep,San Francisco,+1 650-219-4782,USA,,Leslie Jennings,Susan Nelson,100 Market Street Suite 300 94080,5677 Strong St.  97562
49,95.3,2018-11-12,2018-11-21,2018-11-18,Shipped,,2002 Chevy Corvette,Classic Cars,1:24,Gearbox Collectibles,9446,62.11,107.08,Mini Gifts Distributors Ltd.,+1 415-555-1450,San Rafael,USA,210500,ljennings@classicmodelcars.com,Sales Rep,San Francisco,+1 650-219-4782,USA,,Leslie Jennings,Susan Nelson,100 Market Street Suite 300 94080,5677 Strong St.  97562
23,34.88,2018-11-12,2018-11-21,2018-11-18,Shipped,,1936 Mercedes Benz 500k Roadster,Vintage Cars,1:24,Red Start Diecast,2081,21.75,41.03,Mini Gifts Distributors Ltd.,+1 415-555-1450,San Rafael,USA,210500,ljennings@classicmodelcars.com,Sales Rep,San Francisco,+1 650-219-4782,USA,,Leslie Jennings,Susan Nelson,100 Market Street Suite 300 94080,5677 Strong St.  97562
23,180.01,2018-11-13,2018-11-22,2018-11-15,Shipped,We need to keep in close contact with their Marketing VP. He is the decision maker for all their purchases.,1952 Alpine Renault 1300,Classic Cars,1:10,Classic Metal Creations,7305,98.58,214.3,"Classic Gift Ideas, Inc",+1 215-555-4695,Philadelphia,USA,81100,jfirrelli@classicmodelcars.com,Sales Rep,Boston,+1 215-837-0825,USA,,Julie Firrelli,Francisca Cervantes,1550 Court Place Suite 102 02107,782 First Street  71270
28,127.06,2018-11-13,2018-11-22,2018-11-15,Shipped,We need to keep in close contact with their Marketing VP. He is the decision maker for all their purchases.,1962 LanciaA Delta 16V,Classic Cars,1:10,Second Gear Diecast,6791,103.42,147.74,"Classic Gift Ideas, Inc",+1 215-555-4695,Philadelphia,USA,81100,jfirrelli@classicmodelcars.com,Sales Rep,Boston,+1 215-837-0825,USA,,Julie Firrelli,Francisca Cervantes,1550 Court Place Suite 102 02107,782 First Street  71270
41,114.8,2018-11-13,2018-11-22,2018-11-15,Shipped,We need to keep in close contact with their Marketing VP. He is the decision maker for all their purchases.,1958 Setra Bus,Trucks and Buses,1:12,Welly Diecast Productions,1579,77.9,136.67,"Classic Gift Ideas, Inc",+1 215-555-4695,Philadelphia,USA,81100,jfirrelli@classicmodelcars.com,Sales Rep,Boston,+1 215-837-0825,USA,,Julie Firrelli,Francisca Cervantes,1550 Court Place Suite 102 02107,782 First Street  71270
21,108.5,2018-11-13,2018-11-22,2018-11-15,Shipped,We need to keep in close contact with their Marketing VP. He is the decision maker for all their purchases.,1940 Ford Pickup Truck,Trucks and Buses,1:18,Studio M Art Models,2613,58.33,116.67,"Classic Gift Ideas, Inc",+1 215-555-4695,Philadelphia,USA,81100,jfirrelli@classicmodelcars.com,Sales Rep,Boston,+1 215-837-0825,USA,,Julie Firrelli,Francisca Cervantes,1550 Court Place Suite 102 02107,782 First Street  71270
37,91.18,2018-11-13,2018-11-22,2018-11-15,Shipped,We need to keep in close contact with their Marketing VP. He is the decision maker for all their purchases.,1913 Ford Model T Speedster,Vintage Cars,1:18,Carousel DieCast Legends,4189,60.78,101.31,"Classic Gift Ideas, Inc",+1 215-555-4695,Philadelphia,USA,81100,jfirrelli@classicmodelcars.com,Sales Rep,Boston,+1 215-837-0825,USA,,Julie Firrelli,Francisca Cervantes,1550 Court Place Suite 102 02107,782 First Street  71270
39,51.22,2018-11-13,2018-11-22,2018-11-15,Shipped,We need to keep in close contact with their Marketing VP. He is the decision maker for all their purchases.,1934 Ford V8 Coupe,Vintage Cars,1:18,Min Lin Diecast,5649,34.35,62.46,"Classic Gift Ideas, Inc",+1 215-555-4695,Philadelphia,USA,81100,jfirrelli@classicmodelcars.com,Sales Rep,Boston,+1 215-837-0825,USA,,Julie Firrelli,Francisca Cervantes,1550 Court Place Suite 102 02107,782 First Street  71270
22,90.06,2018-11-13,2018-11-22,2018-11-15,Shipped,We need to keep in close contact with their Marketing VP. He is the decision maker for all their purchases.,18th Century Vintage Horse Carriage,Vintage Cars,1:18,Red Start Diecast,5992,60.74,104.72,"Classic Gift Ideas, Inc",+1 215-555-4695,Philadelphia,USA,81100,jfirrelli@classicmodelcars.com,Sales Rep,Boston,+1 215-837-0825,USA,,Julie Firrelli,Francisca Cervantes,1550 Court Place Suite 102 02107,782 First Street  71270
21,118.66,2018-11-13,2018-11-22,2018-11-15,Shipped,We need to keep in close contact with their Marketing VP. He is the decision maker for all their purchases.,1940s Ford truck,Trucks and Buses,1:18,Motor City Art Classics,3128,84.76,121.08,"Classic Gift Ideas, Inc",+1 215-555-4695,Philadelphia,USA,81100,jfirrelli@classicmodelcars.com,Sales Rep,Boston,+1 215-837-0825,USA,,Julie Firrelli,Francisca Cervantes,1550 Court Place Suite 102 02107,782 First Street  71270
40,42.26,2018-11-13,2018-11-22,2018-11-15,Shipped,We need to keep in close contact with their Marketing VP. He is the decision maker for all their purchases.,1939 Cadillac Limousine,Vintage Cars,1:18,Studio M Art Models,6645,23.14,50.31,"Classic Gift Ideas, Inc",+1 215-555-4695,Philadelphia,USA,81100,jfirrelli@classicmodelcars.com,Sales Rep,Boston,+1 215-837-0825,USA,,Julie Firrelli,Francisca Cervantes,1550 Court Place Suite 102 02107,782 First Street  71270
47,81.81,2018-11-13,2018-11-22,2018-11-15,Shipped,We need to keep in close contact with their Marketing VP. He is the decision maker for all their purchases.,1936 Chrysler Airflow,Vintage Cars,1:24,Second Gear Diecast,4710,57.46,97.39,"Classic Gift Ideas, Inc",+1 215-555-4695,Philadelphia,USA,81100,jfirrelli@classicmodelcars.com,Sales Rep,Boston,+1 215-837-0825,USA,,Julie Firrelli,Francisca Cervantes,1550 Court Place Suite 102 02107,782 First Street  71270
49,52.36,2018-11-13,2018-11-22,2018-11-15,Shipped,We need to keep in close contact with their Marketing VP. He is the decision maker for all their purchases.,1996 Peterbilt 379 Stake Bed with Outrigger,Trucks and Buses,1:32,Red Start Diecast,814,33.61,64.64,"Classic Gift Ideas, Inc",+1 215-555-4695,Philadelphia,USA,81100,jfirrelli@classicmodelcars.com,Sales Rep,Boston,+1 215-837-0825,USA,,Julie Firrelli,Francisca Cervantes,1550 Court Place Suite 102 02107,782 First Street  71270
23,85.98,2018-11-13,2018-11-22,2018-11-15,Shipped,We need to keep in close contact with their Marketing VP. He is the decision maker for all their purchases.,1982 Camaro Z28,Classic Cars,1:18,Carousel DieCast Legends,6934,46.53,101.15,"Classic Gift Ideas, Inc",+1 215-555-4695,Philadelphia,USA,81100,jfirrelli@classicmodelcars.com,Sales Rep,Boston,+1 215-837-0825,USA,,Julie Firrelli,Francisca Cervantes,1550 Court Place Suite 102 02107,782 First Street  71270
37,105.47,2018-11-14,2018-11-22,2018-11-20,Shipped,,1957 Chevy Pickup,Trucks and Buses,1:12,Exoto Designs,6125,55.7,118.5,"Iberia Gift Imports, Corp.",+34 955 55 82 82,Sevilla,Spain,65700,mgerard@classicmodelcars.com,Sales Rep,Paris,+33 1 47 23 44 04,France,EMEA,Martin Gerard,José Pedro  Roel,43 Rue Jouffroy Dabbans  75017,"C/ Romero, 33  41101"
46,145.72,2018-11-14,2018-11-22,2018-11-20,Shipped,,1998 Chrysler Plymouth Prowler,Classic Cars,1:18,Gearbox Collectibles,4724,101.51,163.73,"Iberia Gift Imports, Corp.",+34 955 55 82 82,Sevilla,Spain,65700,mgerard@classicmodelcars.com,Sales Rep,Paris,+33 1 47 23 44 04,France,EMEA,Martin Gerard,José Pedro  Roel,43 Rue Jouffroy Dabbans  75017,"C/ Romero, 33  41101"
46,119.05,2018-11-14,2018-11-22,2018-11-20,Shipped,,1964 Mercedes Tour Bus,Trucks and Buses,1:18,Unimax Art Galleries,8258,74.86,122.73,"Iberia Gift Imports, Corp.",+34 955 55 82 82,Sevilla,Spain,65700,mgerard@classicmodelcars.com,Sales Rep,Paris,+33 1 47 23 44 04,France,EMEA,Martin Gerard,José Pedro  Roel,43 Rue Jouffroy Dabbans  75017,"C/ Romero, 33  41101"
44,60.77,2018-11-14,2018-11-22,2018-11-20,Shipped,,1926 Ford Fire Engine,Trucks and Buses,1:18,Carousel DieCast Legends,2019,24.92,60.77,"Iberia Gift Imports, Corp.",+34 955 55 82 82,Sevilla,Spain,65700,mgerard@classicmodelcars.com,Sales Rep,Paris,+33 1 47 23 44 04,France,EMEA,Martin Gerard,José Pedro  Roel,43 Rue Jouffroy Dabbans  75017,"C/ Romero, 33  41101"
28,165.95,2018-11-14,2018-11-22,2018-11-20,Shipped,,1992 Ferrari 360 Spider red,Classic Cars,1:18,Unimax Art Galleries,8347,77.9,169.34,"Iberia Gift Imports, Corp.",+34 955 55 82 82,Sevilla,Spain,65700,mgerard@classicmodelcars.com,Sales Rep,Paris,+33 1 47 23 44 04,France,EMEA,Martin Gerard,José Pedro  Roel,43 Rue Jouffroy Dabbans  75017,"C/ Romero, 33  41101"
31,57.22,2018-11-14,2018-11-22,2018-11-20,Shipped,,1970 Dodge Coronet,Classic Cars,1:24,Highway 66 Mini Classics,4074,32.37,57.8,"Iberia Gift Imports, Corp.",+34 955 55 82 82,Sevilla,Spain,65700,mgerard@classicmodelcars.com,Sales Rep,Paris,+33 1 47 23 44 04,France,EMEA,Martin Gerard,José Pedro  Roel,43 Rue Jouffroy Dabbans  75017,"C/ Romero, 33  41101"
24,117.57,2018-11-14,2018-11-22,2018-11-20,Shipped,,1962 Volkswagen Microbus,Trucks and Buses,1:24,Autoart Studio Design,2327,61.34,127.79,"Iberia Gift Imports, Corp.",+34 955 55 82 82,Sevilla,Spain,65700,mgerard@classicmodelcars.com,Sales Rep,Paris,+33 1 47 23 44 04,France,EMEA,Martin Gerard,José Pedro  Roel,43 Rue Jouffroy Dabbans  75017,"C/ Romero, 33  41101"
42,30.06,2018-11-14,2018-11-22,2018-11-20,Shipped,,1958 Chevy Corvette Limited Edition,Classic Cars,1:24,Carousel DieCast Legends,2542,15.91,35.36,"Iberia Gift Imports, Corp.",+34 955 55 82 82,Sevilla,Spain,65700,mgerard@classicmodelcars.com,Sales Rep,Paris,+33 1 47 23 44 04,France,EMEA,Martin Gerard,José Pedro  Roel,43 Rue Jouffroy Dabbans  75017,"C/ Romero, 33  41101"
49,114.73,2018-11-14,2018-11-22,2018-11-20,Shipped,,1992 Porsche Cayenne Turbo Silver,Classic Cars,1:24,Exoto Designs,6582,69.78,118.28,"Iberia Gift Imports, Corp.",+34 955 55 82 82,Sevilla,Spain,65700,mgerard@classicmodelcars.com,Sales Rep,Paris,+33 1 47 23 44 04,France,EMEA,Martin Gerard,José Pedro  Roel,43 Rue Jouffroy Dabbans  75017,"C/ Romero, 33  41101"
46,84.75,2018-11-14,2018-11-22,2018-11-20,Shipped,,1980’s GM Manhattan Express,Trucks and Buses,1:32,Motor City Art Classics,5099,53.93,96.31,"Iberia Gift Imports, Corp.",+34 955 55 82 82,Sevilla,Spain,65700,mgerard@classicmodelcars.com,Sales Rep,Paris,+33 1 47 23 44 04,France,EMEA,Martin Gerard,José Pedro  Roel,43 Rue Jouffroy Dabbans  75017,"C/ Romero, 33  41101"
33,52.49,2018-11-14,2018-11-22,2018-11-20,Shipped,,1954 Greyhound Scenicruiser,Trucks and Buses,1:32,Classic Metal Creations,2874,25.98,54.11,"Iberia Gift Imports, Corp.",+34 955 55 82 82,Sevilla,Spain,65700,mgerard@classicmodelcars.com,Sales Rep,Paris,+33 1 47 23 44 04,France,EMEA,Martin Gerard,José Pedro  Roel,43 Rue Jouffroy Dabbans  75017,"C/ Romero, 33  41101"
48,59.03,2018-11-14,2018-11-22,2018-11-20,Shipped,,1950s Chicago Surface Lines Streetcar,Trains,1:32,Gearbox Collectibles,8601,26.72,62.14,"Iberia Gift Imports, Corp.",+34 955 55 82 82,Sevilla,Spain,65700,mgerard@classicmodelcars.com,Sales Rep,Paris,+33 1 47 23 44 04,France,EMEA,Martin Gerard,José Pedro  Roel,43 Rue Jouffroy Dabbans  75017,"C/ Romero, 33  41101"
45,92.6,2018-11-14,2018-11-22,2018-11-20,Shipped,,Diamond T620 Semi-Skirted Tanker,Trucks and Buses,1:50,Highway 66 Mini Classics,1016,68.29,115.75,"Iberia Gift Imports, Corp.",+34 955 55 82 82,Sevilla,Spain,65700,mgerard@classicmodelcars.com,Sales Rep,Paris,+33 1 47 23 44 04,France,EMEA,Martin Gerard,José Pedro  Roel,43 Rue Jouffroy Dabbans  75017,"C/ Romero, 33  41101"
21,195.33,2018-11-14,2018-11-21,2018-11-20,Shipped,,2001 Ferrari Enzo,Classic Cars,1:12,Second Gear Diecast,3619,95.59,207.8,Mini Creations Ltd.,+1 508-555-9555,New Bedford,USA,94500,jfirrelli@classicmodelcars.com,Sales Rep,Boston,+1 215-837-0825,USA,,Julie Firrelli,Wing Huang,1550 Court Place Suite 102 02107,4575 Hillside Dr.  50553
33,146.55,2018-11-14,2018-11-21,2018-11-20,Shipped,,1969 Corvair Monza,Classic Cars,1:18,Welly Diecast Productions,6906,89.14,151.08,Mini Creations Ltd.,+1 508-555-9555,New Bedford,USA,94500,jfirrelli@classicmodelcars.com,Sales Rep,Boston,+1 215-837-0825,USA,,Julie Firrelli,Wing Huang,1550 Court Place Suite 102 02107,4575 Hillside Dr.  50553
43,147.07,2018-11-14,2018-11-21,2018-11-20,Shipped,,1969 Ford Falcon,Classic Cars,1:12,Second Gear Diecast,1049,83.05,173.02,Mini Creations Ltd.,+1 508-555-9555,New Bedford,USA,94500,jfirrelli@classicmodelcars.com,Sales Rep,Boston,+1 215-837-0825,USA,,Julie Firrelli,Wing Huang,1550 Court Place Suite 102 02107,4575 Hillside Dr.  50553
28,124.3,2018-11-14,2018-11-21,2018-11-20,Shipped,,1903 Ford Model A,Vintage Cars,1:18,Unimax Art Galleries,3913,68.3,136.59,Mini Creations Ltd.,+1 508-555-9555,New Bedford,USA,94500,jfirrelli@classicmodelcars.com,Sales Rep,Boston,+1 215-837-0825,USA,,Julie Firrelli,Wing Huang,1550 Court Place Suite 102 02107,4575 Hillside Dr.  50553
49,94.79,2018-11-14,2018-11-21,2018-11-20,Shipped,,Collectable Wooden Train,Trains,1:18,Carousel DieCast Legends,6450,67.56,100.84,Mini Creations Ltd.,+1 508-555-9555,New Bedford,USA,94500,jfirrelli@classicmodelcars.com,Sales Rep,Boston,+1 215-837-0825,USA,,Julie Firrelli,Wing Huang,1550 Court Place Suite 102 02107,4575 Hillside Dr.  50553
39,127.82,2018-11-14,2018-11-21,2018-11-20,Shipped,,1970 Triumph Spitfire,Classic Cars,1:18,Min Lin Diecast,5545,91.92,143.62,Mini Creations Ltd.,+1 508-555-9555,New Bedford,USA,94500,jfirrelli@classicmodelcars.com,Sales Rep,Boston,+1 215-837-0825,USA,,Julie Firrelli,Wing Huang,1550 Court Place Suite 102 02107,4575 Hillside Dr.  50553
47,87.77,2018-11-14,2018-11-21,2018-11-20,Shipped,,1904 Buick Runabout,Vintage Cars,1:18,Exoto Designs,8290,52.66,87.77,Mini Creations Ltd.,+1 508-555-9555,New Bedford,USA,94500,jfirrelli@classicmodelcars.com,Sales Rep,Boston,+1 215-837-0825,USA,,Julie Firrelli,Wing Huang,1550 Court Place Suite 102 02107,4575 Hillside Dr.  50553
30,105.69,2018-11-14,2018-11-21,2018-11-20,Shipped,,18th century schooner,Ships,1:24,Carousel DieCast Legends,1898,82.34,122.89,Mini Creations Ltd.,+1 508-555-9555,New Bedford,USA,94500,jfirrelli@classicmodelcars.com,Sales Rep,Boston,+1 215-837-0825,USA,,Julie Firrelli,Wing Huang,1550 Court Place Suite 102 02107,4575 Hillside Dr.  50553
33,83.2,2018-11-14,2018-11-21,2018-11-20,Shipped,,1912 Ford Model T Delivery Wagon,Vintage Cars,1:24,Min Lin Diecast,9173,46.91,88.51,Mini Creations Ltd.,+1 508-555-9555,New Bedford,USA,94500,jfirrelli@classicmodelcars.com,Sales Rep,Boston,+1 215-837-0825,USA,,Julie Firrelli,Wing Huang,1550 Court Place Suite 102 02107,4575 Hillside Dr.  50553
20,46.86,2018-11-14,2018-11-21,2018-11-20,Shipped,,1962 City of Detroit Streetcar,Trains,1:50,Classic Metal Creations,1645,37.49,58.58,Mini Creations Ltd.,+1 508-555-9555,New Bedford,USA,94500,jfirrelli@classicmodelcars.com,Sales Rep,Boston,+1 215-837-0825,USA,,Julie Firrelli,Wing Huang,1550 Court Place Suite 102 02107,4575 Hillside Dr.  50553
21,64.67,2018-11-14,2018-11-21,2018-11-20,Shipped,,The Schooner Bluenose,Ships,1:700,Autoart Studio Design,1897,34.0,66.67,Mini Creations Ltd.,+1 508-555-9555,New Bedford,USA,94500,jfirrelli@classicmodelcars.com,Sales Rep,Boston,+1 215-837-0825,USA,,Julie Firrelli,Wing Huang,1550 Court Place Suite 102 02107,4575 Hillside Dr.  50553
30,79.68,2018-11-14,2018-11-21,2018-11-20,Shipped,,The Mayflower,Ships,1:700,Studio M Art Models,737,43.3,86.61,Mini Creations Ltd.,+1 508-555-9555,New Bedford,USA,94500,jfirrelli@classicmodelcars.com,Sales Rep,Boston,+1 215-837-0825,USA,,Julie Firrelli,Wing Huang,1550 Court Place Suite 102 02107,4575 Hillside Dr.  50553
39,61.44,2018-11-14,2018-11-21,2018-11-20,Shipped,,The USS Constitution Ship,Ships,1:700,Red Start Diecast,7083,33.97,72.28,Mini Creations Ltd.,+1 508-555-9555,New Bedford,USA,94500,jfirrelli@classicmodelcars.com,Sales Rep,Boston,+1 215-837-0825,USA,,Julie Firrelli,Wing Huang,1550 Court Place Suite 102 02107,4575 Hillside Dr.  50553
37,99.17,2018-11-14,2018-11-21,2018-11-20,Shipped,,The Titanic,Ships,1:700,Carousel DieCast Legends,1956,51.09,100.17,Mini Creations Ltd.,+1 508-555-9555,New Bedford,USA,94500,jfirrelli@classicmodelcars.com,Sales Rep,Boston,+1 215-837-0825,USA,,Julie Firrelli,Wing Huang,1550 Court Place Suite 102 02107,4575 Hillside Dr.  50553
22,93.35,2018-11-14,2018-11-21,2018-11-20,Shipped,,The Queen Mary,Ships,1:700,Welly Diecast Productions,5088,53.63,99.31,Mini Creations Ltd.,+1 508-555-9555,New Bedford,USA,94500,jfirrelli@classicmodelcars.com,Sales Rep,Boston,+1 215-837-0825,USA,,Julie Firrelli,Wing Huang,1550 Court Place Suite 102 02107,4575 Hillside Dr.  50553
28,47.5,2018-11-14,2018-11-21,2018-11-20,Shipped,,Pont Yacht,Ships,1:72,Unimax Art Galleries,414,33.3,54.6,Mini Creations Ltd.,+1 508-555-9555,New Bedford,USA,94500,jfirrelli@classicmodelcars.com,Sales Rep,Boston,+1 215-837-0825,USA,,Julie Firrelli,Wing Huang,1550 Court Place Suite 102 02107,4575 Hillside Dr.  50553
26,108.8,2018-11-14,2018-11-20,2018-11-18,Shipped,They want to reevaluate their terms agreement with the VP of Sales,1972 Alfa Romeo GTA,Classic Cars,1:10,Motor City Art Classics,3252,85.68,136.0,"Double Decker Gift Stores, Ltd",,London,UK,43300,lbott@classicmodelcars.com,Sales Rep,London,+44 20 7877 2041,UK,EMEA,Larry Bott,Thomas  Smith,25 Old Broad Street Level 7 EC2N 1HN,120 Hanover Sq.  WA1 1DP
32,137.19,2018-11-14,2018-11-20,2018-11-18,Shipped,They want to reevaluate their terms agreement with the VP of Sales,1980s Black Hawk Helicopter,Planes,1:18,Red Start Diecast,5330,77.27,157.69,"Double Decker Gift Stores, Ltd",,London,UK,43300,lbott@classicmodelcars.com,Sales Rep,London,+44 20 7877 2041,UK,EMEA,Larry Bott,Thomas  Smith,25 Old Broad Street Level 7 EC2N 1HN,120 Hanover Sq.  WA1 1DP
32,73.12,2018-11-14,2018-11-20,2018-11-18,Shipped,They want to reevaluate their terms agreement with the VP of Sales,1999 Yamaha Speed Boat,Ships,1:18,Min Lin Diecast,4259,51.61,86.02,"Double Decker Gift Stores, Ltd",,London,UK,43300,lbott@classicmodelcars.com,Sales Rep,London,+44 20 7877 2041,UK,EMEA,Larry Bott,Thomas  Smith,25 Old Broad Street Level 7 EC2N 1HN,120 Hanover Sq.  WA1 1DP
46,98.46,2018-11-14,2018-11-20,2018-11-18,Shipped,They want to reevaluate their terms agreement with the VP of Sales,1941 Chevrolet Special Deluxe Cabriolet,Vintage Cars,1:18,Exoto Designs,2378,64.58,105.87,"Double Decker Gift Stores, Ltd",,London,UK,43300,lbott@classicmodelcars.com,Sales Rep,London,+44 20 7877 2041,UK,EMEA,Larry Bott,Thomas  Smith,25 Old Broad Street Level 7 EC2N 1HN,120 Hanover Sq.  WA1 1DP
22,60.29,2018-11-14,2018-11-20,2018-11-18,Shipped,They want to reevaluate their terms agreement with the VP of Sales,1900s Vintage Bi-Plane,Planes,1:24,Autoart Studio Design,5942,34.25,68.51,"Double Decker Gift Stores, Ltd",,London,UK,43300,lbott@classicmodelcars.com,Sales Rep,London,+44 20 7877 2041,UK,EMEA,Larry Bott,Thomas  Smith,25 Old Broad Street Level 7 EC2N 1HN,120 Hanover Sq.  WA1 1DP
21,59.83,2018-11-14,2018-11-20,2018-11-18,Shipped,They want to reevaluate their terms agreement with the VP of Sales,1937 Horch 930V Limousine,Vintage Cars,1:24,Autoart Studio Design,2902,26.3,65.75,"Double Decker Gift Stores, Ltd",,London,UK,43300,lbott@classicmodelcars.com,Sales Rep,London,+44 20 7877 2041,UK,EMEA,Larry Bott,Thomas  Smith,25 Old Broad Street Level 7 EC2N 1HN,120 Hanover Sq.  WA1 1DP
36,68.77,2018-11-14,2018-11-20,2018-11-18,Shipped,They want to reevaluate their terms agreement with the VP of Sales,1940 Ford Delivery Sedan,Vintage Cars,1:24,Carousel DieCast Legends,6621,48.64,83.86,"Double Decker Gift Stores, Ltd",,London,UK,43300,lbott@classicmodelcars.com,Sales Rep,London,+44 20 7877 2041,UK,EMEA,Larry Bott,Thomas  Smith,25 Old Broad Street Level 7 EC2N 1HN,120 Hanover Sq.  WA1 1DP
24,80.56,2018-11-14,2018-11-20,2018-11-18,Shipped,They want to reevaluate their terms agreement with the VP of Sales,HMS Bounty,Ships,1:700,Unimax Art Galleries,3501,39.83,90.52,"Double Decker Gift Stores, Ltd",,London,UK,43300,lbott@classicmodelcars.com,Sales Rep,London,+44 20 7877 2041,UK,EMEA,Larry Bott,Thomas  Smith,25 Old Broad Street Level 7 EC2N 1HN,120 Hanover Sq.  WA1 1DP
28,42.71,2018-11-14,2018-11-20,2018-11-18,Shipped,They want to reevaluate their terms agreement with the VP of Sales,Boeing X-32A JSF,Planes,1:72,Motor City Art Classics,4857,32.77,49.66,"Double Decker Gift Stores, Ltd",,London,UK,43300,lbott@classicmodelcars.com,Sales Rep,London,+44 20 7877 2041,UK,EMEA,Larry Bott,Thomas  Smith,25 Old Broad Street Level 7 EC2N 1HN,120 Hanover Sq.  WA1 1DP
45,70.12,2018-11-15,2018-11-24,2018-11-16,Shipped,,P-51-D Mustang,Planes,1:72,Gearbox Collectibles,992,49.0,84.48,"King Kong Collectables, Co.",+852 2251 1555,Central Hong Kong,Hong Kong,58600,mnishi@classicmodelcars.com,Sales Rep,Tokyo,+81 3-3224-5000,Japan,Japan,Mami Nishi,Mike Gao,4-1 Kioicho  102-8578,Bank of China Tower 1 Garden Road
46,96.29,2018-11-15,2018-11-24,2018-11-16,Shipped,,1928 British Royal Navy Airplane,Planes,1:24,Classic Metal Creations,3627,66.74,109.42,"King Kong Collectables, Co.",+852 2251 1555,Central Hong Kong,Hong Kong,58600,mnishi@classicmodelcars.com,Sales Rep,Tokyo,+81 3-3224-5000,Japan,Japan,Mami Nishi,Mike Gao,4-1 Kioicho  102-8578,Bank of China Tower 1 Garden Road
43,55.96,2018-11-15,2018-11-24,2018-11-16,Shipped,,Corsair F4U ( Bird Cage),Planes,1:24,Second Gear Diecast,6812,29.34,68.24,"King Kong Collectables, Co.",+852 2251 1555,Central Hong Kong,Hong Kong,58600,mnishi@classicmodelcars.com,Sales Rep,Tokyo,+81 3-3224-5000,Japan,Japan,Mami Nishi,Mike Gao,4-1 Kioicho  102-8578,Bank of China Tower 1 Garden Road
33,64.48,2018-11-15,2018-11-24,2018-11-16,Shipped,,1900s Vintage Tri-Plane,Planes,1:24,Unimax Art Galleries,2756,36.23,72.45,"King Kong Collectables, Co.",+852 2251 1555,Central Hong Kong,Hong Kong,58600,mnishi@classicmodelcars.com,Sales Rep,Tokyo,+81 3-3224-5000,Japan,Japan,Mami Nishi,Mike Gao,4-1 Kioicho  102-8578,Bank of China Tower 1 Garden Road
31,61.22,2018-11-15,2018-11-24,2018-11-16,Shipped,,1928 Ford Phaeton Deluxe,Vintage Cars,1:32,Highway 66 Mini Classics,136,33.02,68.79,"King Kong Collectables, Co.",+852 2251 1555,Central Hong Kong,Hong Kong,58600,mnishi@classicmodelcars.com,Sales Rep,Tokyo,+81 3-3224-5000,Japan,Japan,Mami Nishi,Mike Gao,4-1 Kioicho  102-8578,Bank of China Tower 1 Garden Road
41,39.71,2018-11-15,2018-11-24,2018-11-16,Shipped,,1930 Buick Marquette Phaeton,Vintage Cars,1:50,Studio M Art Models,7062,27.06,43.64,"King Kong Collectables, Co.",+852 2251 1555,Central Hong Kong,Hong Kong,58600,mnishi@classicmodelcars.com,Sales Rep,Tokyo,+81 3-3224-5000,Japan,Japan,Mami Nishi,Mike Gao,4-1 Kioicho  102-8578,Bank of China Tower 1 Garden Road
34,84.95,2018-11-15,2018-11-24,2018-11-16,Shipped,,American Airlines: B767-300,Planes,1:700,Min Lin Diecast,5841,51.15,91.34,"King Kong Collectables, Co.",+852 2251 1555,Central Hong Kong,Hong Kong,58600,mnishi@classicmodelcars.com,Sales Rep,Tokyo,+81 3-3224-5000,Japan,Japan,Mami Nishi,Mike Gao,4-1 Kioicho  102-8578,Bank of China Tower 1 Garden Road
44,95.73,2018-11-15,2018-11-24,2018-11-16,Shipped,,America West Airlines B757-200,Planes,1:700,Motor City Art Classics,9653,68.8,99.72,"King Kong Collectables, Co.",+852 2251 1555,Central Hong Kong,Hong Kong,58600,mnishi@classicmodelcars.com,Sales Rep,Tokyo,+81 3-3224-5000,Japan,Japan,Mami Nishi,Mike Gao,4-1 Kioicho  102-8578,Bank of China Tower 1 Garden Road
34,72.0,2018-11-15,2018-11-24,2018-11-16,Shipped,,F/A 18 Hornet 1/72,Planes,1:72,Motor City Art Classics,551,54.4,80.0,"King Kong Collectables, Co.",+852 2251 1555,Central Hong Kong,Hong Kong,58600,mnishi@classicmodelcars.com,Sales Rep,Tokyo,+81 3-3224-5000,Japan,Japan,Mami Nishi,Mike Gao,4-1 Kioicho  102-8578,Bank of China Tower 1 Garden Road
44,70.33,2018-11-15,2018-11-24,2018-11-16,Shipped,,American Airlines: MD-11S,Planes,1:700,Second Gear Diecast,8820,36.27,74.03,"King Kong Collectables, Co.",+852 2251 1555,Central Hong Kong,Hong Kong,58600,mnishi@classicmodelcars.com,Sales Rep,Tokyo,+81 3-3224-5000,Japan,Japan,Mami Nishi,Mike Gao,4-1 Kioicho  102-8578,Bank of China Tower 1 Garden Road
48,95.7,2018-11-18,2018-11-26,2018-11-24,Shipped,,1969 Harley Davidson Ultimate Chopper,Motorcycles,1:10,Min Lin Diecast,7933,48.81,95.7,Herkku Gifts,+47 22 67 32 15,Bergen,Norway,96800,bjones@classicmodelcars.com,Sales Rep,London,+44 20 7877 2041,UK,EMEA,Barry Jones,Veysel Oeztan,25 Old Broad Street Level 7 EC2N 1HN,Brehmen St. 121 PR 334 Sentrum N 5804
38,111.8,2018-11-18,2018-11-26,2018-11-24,Shipped,,1996 Moto Guzzi 1100i,Motorcycles,1:10,Highway 66 Mini Classics,6625,68.99,118.94,Herkku Gifts,+47 22 67 32 15,Bergen,Norway,96800,bjones@classicmodelcars.com,Sales Rep,London,+44 20 7877 2041,UK,EMEA,Barry Jones,Veysel Oeztan,25 Old Broad Street Level 7 EC2N 1HN,Brehmen St. 121 PR 334 Sentrum N 5804
45,182.04,2018-11-18,2018-11-26,2018-11-24,Shipped,,2003 Harley-Davidson Eagle Drag Bike,Motorcycles,1:10,Red Start Diecast,5582,91.02,193.66,Herkku Gifts,+47 22 67 32 15,Bergen,Norway,96800,bjones@classicmodelcars.com,Sales Rep,London,+44 20 7877 2041,UK,EMEA,Barry Jones,Veysel Oeztan,25 Old Broad Street Level 7 EC2N 1HN,Brehmen St. 121 PR 334 Sentrum N 5804
32,52.09,2018-11-18,2018-11-26,2018-11-24,Shipped,,1936 Harley Davidson El Knucklehead,Motorcycles,1:18,Welly Diecast Productions,4357,24.23,60.57,Herkku Gifts,+47 22 67 32 15,Bergen,Norway,96800,bjones@classicmodelcars.com,Sales Rep,London,+44 20 7877 2041,UK,EMEA,Barry Jones,Veysel Oeztan,25 Old Broad Street Level 7 EC2N 1HN,Brehmen St. 121 PR 334 Sentrum N 5804
25,95.8,2018-11-18,2018-11-26,2018-11-24,Shipped,,1997 BMW R 1100 S,Motorcycles,1:24,Autoart Studio Design,7003,60.86,112.7,Herkku Gifts,+47 22 67 32 15,Bergen,Norway,96800,bjones@classicmodelcars.com,Sales Rep,London,+44 20 7877 2041,UK,EMEA,Barry Jones,Veysel Oeztan,25 Old Broad Street Level 7 EC2N 1HN,Brehmen St. 121 PR 334 Sentrum N 5804
40,61.7,2018-11-18,2018-11-26,2018-11-24,Shipped,,1960 BSA Gold Star DBD34,Motorcycles,1:24,Highway 66 Mini Classics,15,37.32,76.17,Herkku Gifts,+47 22 67 32 15,Bergen,Norway,96800,bjones@classicmodelcars.com,Sales Rep,London,+44 20 7877 2041,UK,EMEA,Barry Jones,Veysel Oeztan,25 Old Broad Street Level 7 EC2N 1HN,Brehmen St. 121 PR 334 Sentrum N 5804
44,81.91,2018-11-18,2018-11-26,2018-11-24,Shipped,,1997 BMW F650 ST,Motorcycles,1:32,Exoto Designs,178,66.92,99.89,Herkku Gifts,+47 22 67 32 15,Bergen,Norway,96800,bjones@classicmodelcars.com,Sales Rep,London,+44 20 7877 2041,UK,EMEA,Barry Jones,Veysel Oeztan,25 Old Broad Street Level 7 EC2N 1HN,Brehmen St. 121 PR 334 Sentrum N 5804
29,96.11,2018-11-18,2018-11-26,2018-11-24,Shipped,,ATA: B757-300,Planes,1:700,Highway 66 Mini Classics,7106,59.33,118.65,Herkku Gifts,+47 22 67 32 15,Bergen,Norway,96800,bjones@classicmodelcars.com,Sales Rep,London,+44 20 7877 2041,UK,EMEA,Barry Jones,Veysel Oeztan,25 Old Broad Street Level 7 EC2N 1HN,Brehmen St. 121 PR 334 Sentrum N 5804
28,138.57,2018-11-18,2018-11-25,2018-11-24,Shipped,They want to reevaluate their terms agreement with Finance.,2002 Suzuki XREO,Motorcycles,1:12,Unimax Art Galleries,9997,66.27,150.62,Toys4GrownUps.com,+1 626-555-7265,Pasadena,USA,90700,lthompson@classicmodelcars.com,Sales Rep,San Francisco,+1 650-219-4782,USA,,Leslie Thompson,Julie Young,100 Market Street Suite 300 94080,78934 Hillside Dr.  90003
42,58.87,2018-11-19,2018-11-29,2018-11-20,Shipped,,1982 Ducati 900 Monster,Motorcycles,1:24,Highway 66 Mini Classics,6840,47.1,69.26,Euro+ Shopping Channel,+34 915 55 94 44,Madrid,Spain,227600,ghernande@classicmodelcars.com,Sales Rep,Paris,+33 1 47 23 44 04,France,EMEA,Gerard Hernandez,Diego  Freyre,43 Rue Jouffroy Dabbans  75017,"C/ Moralzarzal, 86  28034"
46,38.62,2018-11-19,2018-11-29,2018-11-20,Shipped,,1982 Ducati 996 R,Motorcycles,1:32,Gearbox Collectibles,9241,24.14,40.23,Euro+ Shopping Channel,+34 915 55 94 44,Madrid,Spain,227600,ghernande@classicmodelcars.com,Sales Rep,Paris,+33 1 47 23 44 04,France,EMEA,Gerard Hernandez,Diego  Freyre,43 Rue Jouffroy Dabbans  75017,"C/ Moralzarzal, 86  28034"
42,89.8,2018-11-19,2018-11-29,2018-11-20,Shipped,,1974 Ducati 350 Mk3 Desmo,Motorcycles,1:32,Second Gear Diecast,3341,56.13,102.05,Euro+ Shopping Channel,+34 915 55 94 44,Madrid,Spain,227600,ghernande@classicmodelcars.com,Sales Rep,Paris,+33 1 47 23 44 04,France,EMEA,Gerard Hernandez,Diego  Freyre,43 Rue Jouffroy Dabbans  75017,"C/ Moralzarzal, 86  28034"
40,67.53,2018-11-19,2018-11-29,2018-11-20,Shipped,,2002 Yamaha YZR M1,Motorcycles,1:50,Autoart Studio Design,600,34.17,81.36,Euro+ Shopping Channel,+34 915 55 94 44,Madrid,Spain,227600,ghernande@classicmodelcars.com,Sales Rep,Paris,+33 1 47 23 44 04,France,EMEA,Gerard Hernandez,Diego  Freyre,43 Rue Jouffroy Dabbans  75017,"C/ Moralzarzal, 86  28034"
21,155.66,2018-11-20,2018-11-30,2018-11-24,Shipped,We must be cautions with this customer. Their VP of Sales resigned. Company may be heading down.,1968 Ford Mustang,Classic Cars,1:12,Autoart Studio Design,68,95.34,194.57,"Toms Spezialitäten, Ltd",+49 221 5554327,Köln,Germany,120400,bjones@classicmodelcars.com,Sales Rep,London,+44 20 7877 2041,UK,EMEA,Barry Jones,Henriette  Pfalzheim,25 Old Broad Street Level 7 EC2N 1HN,Mehrheimerstr. 369  50739
40,104.52,2018-11-20,2018-11-30,2018-11-24,Shipped,We must be cautions with this customer. Their VP of Sales resigned. Company may be heading down.,1968 Dodge Charger,Classic Cars,1:12,Welly Diecast Productions,9123,75.16,117.44,"Toms Spezialitäten, Ltd",+49 221 5554327,Köln,Germany,120400,bjones@classicmodelcars.com,Sales Rep,London,+44 20 7877 2041,UK,EMEA,Barry Jones,Henriette  Pfalzheim,25 Old Broad Street Level 7 EC2N 1HN,Mehrheimerstr. 369  50739
30,70.22,2018-11-20,2018-11-30,2018-11-24,Shipped,We must be cautions with this customer. Their VP of Sales resigned. Company may be heading down.,1970 Plymouth Hemi Cuda,Classic Cars,1:12,Studio M Art Models,5663,31.92,79.8,"Toms Spezialitäten, Ltd",+49 221 5554327,Köln,Germany,120400,bjones@classicmodelcars.com,Sales Rep,London,+44 20 7877 2041,UK,EMEA,Barry Jones,Henriette  Pfalzheim,25 Old Broad Street Level 7 EC2N 1HN,Mehrheimerstr. 369  50739
36,75.59,2018-11-20,2018-11-30,2018-11-24,Shipped,We must be cautions with this customer. Their VP of Sales resigned. Company may be heading down.,1969 Dodge Super Bee,Classic Cars,1:18,Min Lin Diecast,1917,49.05,80.41,"Toms Spezialitäten, Ltd",+49 221 5554327,Köln,Germany,120400,bjones@classicmodelcars.com,Sales Rep,London,+44 20 7877 2041,UK,EMEA,Barry Jones,Henriette  Pfalzheim,25 Old Broad Street Level 7 EC2N 1HN,Mehrheimerstr. 369  50739
23,119.06,2018-11-20,2018-11-30,2018-11-24,Shipped,We must be cautions with this customer. Their VP of Sales resigned. Company may be heading down.,1976 Ford Gran Torino,Classic Cars,1:18,Gearbox Collectibles,9127,73.49,146.99,"Toms Spezialitäten, Ltd",+49 221 5554327,Köln,Germany,120400,bjones@classicmodelcars.com,Sales Rep,London,+44 20 7877 2041,UK,EMEA,Barry Jones,Henriette  Pfalzheim,25 Old Broad Street Level 7 EC2N 1HN,Mehrheimerstr. 369  50739
43,60.93,2018-11-20,2018-11-30,2018-11-24,Shipped,We must be cautions with this customer. Their VP of Sales resigned. Company may be heading down.,1957 Vespa GS150,Motorcycles,1:18,Studio M Art Models,7689,32.95,62.17,"Toms Spezialitäten, Ltd",+49 221 5554327,Köln,Germany,120400,bjones@classicmodelcars.com,Sales Rep,London,+44 20 7877 2041,UK,EMEA,Barry Jones,Henriette  Pfalzheim,25 Old Broad Street Level 7 EC2N 1HN,Mehrheimerstr. 369  50739
32,136.9,2018-11-20,2018-11-30,2018-11-24,Shipped,We must be cautions with this customer. Their VP of Sales resigned. Company may be heading down.,1957 Corvette Convertible,Classic Cars,1:18,Classic Metal Creations,1249,69.93,148.8,"Toms Spezialitäten, Ltd",+49 221 5554327,Köln,Germany,120400,bjones@classicmodelcars.com,Sales Rep,London,+44 20 7877 2041,UK,EMEA,Barry Jones,Henriette  Pfalzheim,25 Old Broad Street Level 7 EC2N 1HN,Mehrheimerstr. 369  50739
48,53.27,2018-11-20,2018-11-30,2018-11-24,Shipped,We must be cautions with this customer. Their VP of Sales resigned. Company may be heading down.,1971 Alpine Renault 1600s,Classic Cars,1:24,Welly Diecast Productions,7995,38.58,61.23,"Toms Spezialitäten, Ltd",+49 221 5554327,Köln,Germany,120400,bjones@classicmodelcars.com,Sales Rep,London,+44 20 7877 2041,UK,EMEA,Barry Jones,Henriette  Pfalzheim,25 Old Broad Street Level 7 EC2N 1HN,Mehrheimerstr. 369  50739
44,77.61,2018-11-20,2018-11-30,2018-11-24,Shipped,We must be cautions with this customer. Their VP of Sales resigned. Company may be heading down.,1961 Chevrolet Impala,Classic Cars,1:18,Classic Metal Creations,7869,32.33,80.84,"Toms Spezialitäten, Ltd",+49 221 5554327,Köln,Germany,120400,bjones@classicmodelcars.com,Sales Rep,London,+44 20 7877 2041,UK,EMEA,Barry Jones,Henriette  Pfalzheim,25 Old Broad Street Level 7 EC2N 1HN,Mehrheimerstr. 369  50739
27,99.04,2018-11-20,2018-11-29,2018-11-25,Shipped,,1969 Dodge Charger,Classic Cars,1:12,Welly Diecast Productions,7323,58.73,115.16,Online Diecast Creations Co.,+1 603-555-8647,Nashua,USA,114200,spatterson@classicmodelcars.com,Sales Rep,Boston,+1 215-837-0825,USA,,Steve Patterson,Dorothy Young,1550 Court Place Suite 102 02107,2304 Long Airport Avenue  62005
22,140.12,2018-11-20,2018-11-29,2018-11-25,Shipped,,1993 Mazda RX-7,Classic Cars,1:18,Highway 66 Mini Classics,3975,83.51,141.54,Online Diecast Creations Co.,+1 603-555-8647,Nashua,USA,114200,spatterson@classicmodelcars.com,Sales Rep,Boston,+1 215-837-0825,USA,,Steve Patterson,Dorothy Young,1550 Court Place Suite 102 02107,2304 Long Airport Avenue  62005
29,100.8,2018-11-20,2018-11-29,2018-11-25,Shipped,,1965 Aston Martin DB5,Classic Cars,1:18,Classic Metal Creations,9042,65.96,124.44,Online Diecast Creations Co.,+1 603-555-8647,Nashua,USA,114200,spatterson@classicmodelcars.com,Sales Rep,Boston,+1 215-837-0825,USA,,Steve Patterson,Dorothy Young,1550 Court Place Suite 102 02107,2304 Long Airport Avenue  62005
45,70.84,2018-11-20,2018-11-29,2018-11-25,Shipped,,1948 Porsche 356-A Roadster,Classic Cars,1:18,Gearbox Collectibles,8826,53.9,77.0,Online Diecast Creations Co.,+1 603-555-8647,Nashua,USA,114200,spatterson@classicmodelcars.com,Sales Rep,Boston,+1 215-837-0825,USA,,Steve Patterson,Dorothy Young,1550 Court Place Suite 102 02107,2304 Long Airport Avenue  62005
47,128.03,2018-11-20,2018-11-29,2018-11-25,Shipped,,1995 Honda Civic,Classic Cars,1:18,Min Lin Diecast,9772,93.89,142.25,Online Diecast Creations Co.,+1 603-555-8647,Nashua,USA,114200,spatterson@classicmodelcars.com,Sales Rep,Boston,+1 215-837-0825,USA,,Steve Patterson,Dorothy Young,1550 Court Place Suite 102 02107,2304 Long Airport Avenue  62005
38,110.88,2018-11-20,2018-11-29,2018-11-25,Shipped,,1999 Indy 500 Monte Carlo SS,Classic Cars,1:18,Red Start Diecast,8164,56.76,132.0,Online Diecast Creations Co.,+1 603-555-8647,Nashua,USA,114200,spatterson@classicmodelcars.com,Sales Rep,Boston,+1 215-837-0825,USA,,Steve Patterson,Dorothy Young,1550 Court Place Suite 102 02107,2304 Long Airport Avenue  62005
26,137.17,2018-11-20,2018-11-29,2018-11-25,Shipped,,1992 Ferrari 360 Spider red,Classic Cars,1:18,Unimax Art Galleries,8347,77.9,169.34,Online Diecast Creations Co.,+1 603-555-8647,Nashua,USA,114200,spatterson@classicmodelcars.com,Sales Rep,Boston,+1 215-837-0825,USA,,Steve Patterson,Dorothy Young,1550 Court Place Suite 102 02107,2304 Long Airport Avenue  62005
45,125.74,2018-11-20,2018-11-29,2018-11-25,Shipped,,1948 Porsche Type 356 Roadster,Classic Cars,1:18,Gearbox Collectibles,8990,62.16,141.28,Online Diecast Creations Co.,+1 603-555-8647,Nashua,USA,114200,spatterson@classicmodelcars.com,Sales Rep,Boston,+1 215-837-0825,USA,,Steve Patterson,Dorothy Young,1550 Court Place Suite 102 02107,2304 Long Airport Avenue  62005
37,72.02,2018-11-20,2018-11-29,2018-11-25,Shipped,,1970 Chevy Chevelle SS 454,Classic Cars,1:24,Unimax Art Galleries,1005,49.24,73.49,Online Diecast Creations Co.,+1 603-555-8647,Nashua,USA,114200,spatterson@classicmodelcars.com,Sales Rep,Boston,+1 215-837-0825,USA,,Steve Patterson,Dorothy Young,1550 Court Place Suite 102 02107,2304 Long Airport Avenue  62005
47,49.3,2018-11-20,2018-11-29,2018-11-25,Shipped,,1966 Shelby Cobra 427 S/C,Classic Cars,1:24,Carousel DieCast Legends,8197,29.18,50.31,Online Diecast Creations Co.,+1 603-555-8647,Nashua,USA,114200,spatterson@classicmodelcars.com,Sales Rep,Boston,+1 215-837-0825,USA,,Steve Patterson,Dorothy Young,1550 Court Place Suite 102 02107,2304 Long Airport Avenue  62005
46,86.33,2018-11-20,2018-11-29,2018-11-25,Shipped,,1949 Jaguar XK 120,Classic Cars,1:24,Classic Metal Creations,2350,47.25,90.87,Online Diecast Creations Co.,+1 603-555-8647,Nashua,USA,114200,spatterson@classicmodelcars.com,Sales Rep,Boston,+1 215-837-0825,USA,,Steve Patterson,Dorothy Young,1550 Court Place Suite 102 02107,2304 Long Airport Avenue  62005
23,112.74,2018-11-20,2018-11-29,2018-11-25,Shipped,,1952 Citroen-15CV,Classic Cars,1:24,Exoto Designs,1452,72.82,117.44,Online Diecast Creations Co.,+1 603-555-8647,Nashua,USA,114200,spatterson@classicmodelcars.com,Sales Rep,Boston,+1 215-837-0825,USA,,Steve Patterson,Dorothy Young,1550 Court Place Suite 102 02107,2304 Long Airport Avenue  62005
30,33.23,2018-11-20,2018-11-29,2018-11-25,Shipped,,1982 Lamborghini Diablo,Classic Cars,1:24,Second Gear Diecast,7723,16.24,37.76,Online Diecast Creations Co.,+1 603-555-8647,Nashua,USA,114200,spatterson@classicmodelcars.com,Sales Rep,Boston,+1 215-837-0825,USA,,Steve Patterson,Dorothy Young,1550 Court Place Suite 102 02107,2304 Long Airport Avenue  62005
32,69.34,2018-11-20,2018-11-29,2018-11-25,Shipped,,1969 Chevrolet Camaro Z28,Classic Cars,1:24,Exoto Designs,4695,50.51,85.61,Online Diecast Creations Co.,+1 603-555-8647,Nashua,USA,114200,spatterson@classicmodelcars.com,Sales Rep,Boston,+1 215-837-0825,USA,,Steve Patterson,Dorothy Young,1550 Court Place Suite 102 02107,2304 Long Airport Avenue  62005
46,93.16,2018-11-20,2018-11-29,2018-11-25,Shipped,,2002 Chevy Corvette,Classic Cars,1:24,Gearbox Collectibles,9446,62.11,107.08,Online Diecast Creations Co.,+1 603-555-8647,Nashua,USA,114200,spatterson@classicmodelcars.com,Sales Rep,Boston,+1 215-837-0825,USA,,Steve Patterson,Dorothy Young,1550 Court Place Suite 102 02107,2304 Long Airport Avenue  62005
45,112.34,2018-11-20,2018-11-29,2018-11-25,Shipped,,1956 Porsche 356A Coupe,Classic Cars,1:18,Classic Metal Creations,6600,98.3,140.43,Online Diecast Creations Co.,+1 603-555-8647,Nashua,USA,114200,spatterson@classicmodelcars.com,Sales Rep,Boston,+1 215-837-0825,USA,,Steve Patterson,Dorothy Young,1550 Court Place Suite 102 02107,2304 Long Airport Avenue  62005
28,92.47,2018-11-21,2018-11-28,2018-11-27,Shipped,,1937 Lincoln Berline,Vintage Cars,1:18,Motor City Art Classics,8693,60.62,102.74,"Australian Collectables, Ltd",,Glen Waverly,Australia,60300,afixter@classicmodelcars.com,Sales Rep,Sydney,+61 2 9264 2451,Australia,APAC,Andy Fixter,Sean Clenahan,5-11 Wentworth Avenue Floor #2 NSW 2010,7 Allen Street  3150
46,46.36,2018-11-21,2018-11-28,2018-11-27,Shipped,,1936 Mercedes-Benz 500K Special Roadster,Vintage Cars,1:18,Studio M Art Models,8635,24.26,53.91,"Australian Collectables, Ltd",,Glen Waverly,Australia,60300,afixter@classicmodelcars.com,Sales Rep,Sydney,+61 2 9264 2451,Australia,APAC,Andy Fixter,Sean Clenahan,5-11 Wentworth Avenue Floor #2 NSW 2010,7 Allen Street  3150
21,153.0,2018-11-21,2018-11-28,2018-11-27,Shipped,,1917 Grand Touring Sedan,Vintage Cars,1:18,Welly Diecast Productions,2724,86.7,170.0,"Australian Collectables, Ltd",,Glen Waverly,Australia,60300,afixter@classicmodelcars.com,Sales Rep,Sydney,+61 2 9264 2451,Australia,APAC,Andy Fixter,Sean Clenahan,5-11 Wentworth Avenue Floor #2 NSW 2010,7 Allen Street  3150
42,60.54,2018-11-21,2018-11-28,2018-11-27,Shipped,,1911 Ford Town Car,Vintage Cars,1:18,Motor City Art Classics,540,33.3,60.54,"Australian Collectables, Ltd",,Glen Waverly,Australia,60300,afixter@classicmodelcars.com,Sales Rep,Sydney,+61 2 9264 2451,Australia,APAC,Andy Fixter,Sean Clenahan,5-11 Wentworth Avenue Floor #2 NSW 2010,7 Allen Street  3150
44,115.69,2018-11-21,2018-11-28,2018-11-27,Shipped,,1932 Model A Ford J-Coupe,Vintage Cars,1:18,Autoart Studio Design,9354,58.48,127.13,"Australian Collectables, Ltd",,Glen Waverly,Australia,60300,afixter@classicmodelcars.com,Sales Rep,Sydney,+61 2 9264 2451,Australia,APAC,Andy Fixter,Sean Clenahan,5-11 Wentworth Avenue Floor #2 NSW 2010,7 Allen Street  3150
22,143.44,2018-11-21,2018-11-28,2018-11-27,Shipped,,1928 Mercedes-Benz SSK,Vintage Cars,1:18,Gearbox Collectibles,548,72.56,168.75,"Australian Collectables, Ltd",,Glen Waverly,Australia,60300,afixter@classicmodelcars.com,Sales Rep,Sydney,+61 2 9264 2451,Australia,APAC,Andy Fixter,Sean Clenahan,5-11 Wentworth Avenue Floor #2 NSW 2010,7 Allen Street  3150
28,87.13,2018-11-21,2018-11-28,2018-11-27,Shipped,,1913 Ford Model T Speedster,Vintage Cars,1:18,Carousel DieCast Legends,4189,60.78,101.31,"Australian Collectables, Ltd",,Glen Waverly,Australia,60300,afixter@classicmodelcars.com,Sales Rep,Sydney,+61 2 9264 2451,Australia,APAC,Andy Fixter,Sean Clenahan,5-11 Wentworth Avenue Floor #2 NSW 2010,7 Allen Street  3150
24,53.09,2018-11-21,2018-11-28,2018-11-27,Shipped,,1934 Ford V8 Coupe,Vintage Cars,1:18,Min Lin Diecast,5649,34.35,62.46,"Australian Collectables, Ltd",,Glen Waverly,Australia,60300,afixter@classicmodelcars.com,Sales Rep,Sydney,+61 2 9264 2451,Australia,APAC,Andy Fixter,Sean Clenahan,5-11 Wentworth Avenue Floor #2 NSW 2010,7 Allen Street  3150
23,97.39,2018-11-21,2018-11-28,2018-11-27,Shipped,,18th Century Vintage Horse Carriage,Vintage Cars,1:18,Red Start Diecast,5992,60.74,104.72,"Australian Collectables, Ltd",,Glen Waverly,Australia,60300,afixter@classicmodelcars.com,Sales Rep,Sydney,+61 2 9264 2451,Australia,APAC,Andy Fixter,Sean Clenahan,5-11 Wentworth Avenue Floor #2 NSW 2010,7 Allen Street  3150
32,79.37,2018-11-21,2018-11-28,2018-11-27,Shipped,,1917 Maxwell Touring Car,Vintage Cars,1:18,Exoto Designs,7913,57.54,99.21,"Australian Collectables, Ltd",,Glen Waverly,Australia,60300,afixter@classicmodelcars.com,Sales Rep,Sydney,+61 2 9264 2451,Australia,APAC,Andy Fixter,Sean Clenahan,5-11 Wentworth Avenue Floor #2 NSW 2010,7 Allen Street  3150
24,92.03,2018-11-21,2018-11-28,2018-11-27,Shipped,,1932 Alfa Romeo 8C2300 Spider Sport,Vintage Cars,1:18,Exoto Designs,6553,43.26,92.03,"Australian Collectables, Ltd",,Glen Waverly,Australia,60300,afixter@classicmodelcars.com,Sales Rep,Sydney,+61 2 9264 2451,Australia,APAC,Andy Fixter,Sean Clenahan,5-11 Wentworth Avenue Floor #2 NSW 2010,7 Allen Street  3150
25,66.28,2018-11-21,2018-11-28,2018-11-27,Shipped,,1957 Ford Thunderbird,Classic Cars,1:18,Studio M Art Models,3209,34.21,71.27,"Australian Collectables, Ltd",,Glen Waverly,Australia,60300,afixter@classicmodelcars.com,Sales Rep,Sydney,+61 2 9264 2451,Australia,APAC,Andy Fixter,Sean Clenahan,5-11 Wentworth Avenue Floor #2 NSW 2010,7 Allen Street  3150
26,32.19,2018-11-21,2018-11-28,2018-11-27,Shipped,,1939 Chevrolet Deluxe Coupe,Vintage Cars,1:24,Motor City Art Classics,7332,22.57,33.19,"Australian Collectables, Ltd",,Glen Waverly,Australia,60300,afixter@classicmodelcars.com,Sales Rep,Sydney,+61 2 9264 2451,Australia,APAC,Andy Fixter,Sean Clenahan,5-11 Wentworth Avenue Floor #2 NSW 2010,7 Allen Street  3150
20,44.8,2018-11-21,2018-11-28,2018-11-27,Shipped,,1938 Cadillac V-16 Presidential Limousine,Vintage Cars,1:24,Classic Metal Creations,2847,20.61,44.8,"Australian Collectables, Ltd",,Glen Waverly,Australia,60300,afixter@classicmodelcars.com,Sales Rep,Sydney,+61 2 9264 2451,Australia,APAC,Andy Fixter,Sean Clenahan,5-11 Wentworth Avenue Floor #2 NSW 2010,7 Allen Street  3150
22,38.16,2018-11-21,2018-11-28,2018-11-27,Shipped,,1936 Mercedes Benz 500k Roadster,Vintage Cars,1:24,Red Start Diecast,2081,21.75,41.03,"Australian Collectables, Ltd",,Glen Waverly,Australia,60300,afixter@classicmodelcars.com,Sales Rep,Sydney,+61 2 9264 2451,Australia,APAC,Andy Fixter,Sean Clenahan,5-11 Wentworth Avenue Floor #2 NSW 2010,7 Allen Street  3150
20,92.52,2018-11-21,2018-11-28,2018-11-27,Shipped,,1936 Chrysler Airflow,Vintage Cars,1:24,Second Gear Diecast,4710,57.46,97.39,"Australian Collectables, Ltd",,Glen Waverly,Australia,60300,afixter@classicmodelcars.com,Sales Rep,Sydney,+61 2 9264 2451,Australia,APAC,Andy Fixter,Sean Clenahan,5-11 Wentworth Avenue Floor #2 NSW 2010,7 Allen Street  3150
42,203.59,2018-11-25,2018-12-02,2018-11-26,Shipped,,1952 Alpine Renault 1300,Classic Cars,1:10,Classic Metal Creations,7305,98.58,214.3,"Saveley & Henriot, Co.",,Lyon,France,123900,lbondur@classicmodelcars.com,Sales Rep,Paris,+33 1 47 23 44 04,France,EMEA,Loui Bondur,Mary  Saveley,43 Rue Jouffroy Dabbans  75017,"2, rue du Commerce  69004"
26,134.44,2018-11-25,2018-12-02,2018-11-26,Shipped,,1962 LanciaA Delta 16V,Classic Cars,1:10,Second Gear Diecast,6791,103.42,147.74,"Saveley & Henriot, Co.",,Lyon,France,123900,lbondur@classicmodelcars.com,Sales Rep,Paris,+33 1 47 23 44 04,France,EMEA,Loui Bondur,Mary  Saveley,43 Rue Jouffroy Dabbans  75017,"2, rue du Commerce  69004"
38,124.37,2018-11-25,2018-12-02,2018-11-26,Shipped,,1958 Setra Bus,Trucks and Buses,1:12,Welly Diecast Productions,1579,77.9,136.67,"Saveley & Henriot, Co.",,Lyon,France,123900,lbondur@classicmodelcars.com,Sales Rep,Paris,+33 1 47 23 44 04,France,EMEA,Loui Bondur,Mary  Saveley,43 Rue Jouffroy Dabbans  75017,"2, rue du Commerce  69004"
21,103.84,2018-11-25,2018-12-02,2018-11-26,Shipped,,1940 Ford Pickup Truck,Trucks and Buses,1:18,Studio M Art Models,2613,58.33,116.67,"Saveley & Henriot, Co.",,Lyon,France,123900,lbondur@classicmodelcars.com,Sales Rep,Paris,+33 1 47 23 44 04,France,EMEA,Loui Bondur,Mary  Saveley,43 Rue Jouffroy Dabbans  75017,"2, rue du Commerce  69004"
45,51.05,2018-11-25,2018-12-02,2018-11-26,Shipped,,1926 Ford Fire Engine,Trucks and Buses,1:18,Carousel DieCast Legends,2019,24.92,60.77,"Saveley & Henriot, Co.",,Lyon,France,123900,lbondur@classicmodelcars.com,Sales Rep,Paris,+33 1 47 23 44 04,France,EMEA,Loui Bondur,Mary  Saveley,43 Rue Jouffroy Dabbans  75017,"2, rue du Commerce  69004"
32,113.82,2018-11-25,2018-12-02,2018-11-26,Shipped,,1940s Ford truck,Trucks and Buses,1:18,Motor City Art Classics,3128,84.76,121.08,"Saveley & Henriot, Co.",,Lyon,France,123900,lbondur@classicmodelcars.com,Sales Rep,Paris,+33 1 47 23 44 04,France,EMEA,Loui Bondur,Mary  Saveley,43 Rue Jouffroy Dabbans  75017,"2, rue du Commerce  69004"
41,47.79,2018-11-25,2018-12-02,2018-11-26,Shipped,,1939 Cadillac Limousine,Vintage Cars,1:18,Studio M Art Models,6645,23.14,50.31,"Saveley & Henriot, Co.",,Lyon,France,123900,lbondur@classicmodelcars.com,Sales Rep,Paris,+33 1 47 23 44 04,France,EMEA,Loui Bondur,Mary  Saveley,43 Rue Jouffroy Dabbans  75017,"2, rue du Commerce  69004"
49,112.46,2018-11-25,2018-12-02,2018-11-26,Shipped,,1962 Volkswagen Microbus,Trucks and Buses,1:24,Autoart Studio Design,2327,61.34,127.79,"Saveley & Henriot, Co.",,Lyon,France,123900,lbondur@classicmodelcars.com,Sales Rep,Paris,+33 1 47 23 44 04,France,EMEA,Loui Bondur,Mary  Saveley,43 Rue Jouffroy Dabbans  75017,"2, rue du Commerce  69004"
37,77.05,2018-11-25,2018-12-02,2018-11-26,Shipped,,1980’s GM Manhattan Express,Trucks and Buses,1:32,Motor City Art Classics,5099,53.93,96.31,"Saveley & Henriot, Co.",,Lyon,France,123900,lbondur@classicmodelcars.com,Sales Rep,Paris,+33 1 47 23 44 04,France,EMEA,Loui Bondur,Mary  Saveley,43 Rue Jouffroy Dabbans  75017,"2, rue du Commerce  69004"
39,61.41,2018-11-25,2018-12-02,2018-11-26,Shipped,,1996 Peterbilt 379 Stake Bed with Outrigger,Trucks and Buses,1:32,Red Start Diecast,814,33.61,64.64,"Saveley & Henriot, Co.",,Lyon,France,123900,lbondur@classicmodelcars.com,Sales Rep,Paris,+33 1 47 23 44 04,France,EMEA,Loui Bondur,Mary  Saveley,43 Rue Jouffroy Dabbans  75017,"2, rue du Commerce  69004"
26,80.92,2018-11-25,2018-12-02,2018-11-26,Shipped,,1982 Camaro Z28,Classic Cars,1:18,Carousel DieCast Legends,6934,46.53,101.15,"Saveley & Henriot, Co.",,Lyon,France,123900,lbondur@classicmodelcars.com,Sales Rep,Paris,+33 1 47 23 44 04,France,EMEA,Loui Bondur,Mary  Saveley,43 Rue Jouffroy Dabbans  75017,"2, rue du Commerce  69004"
49,118.5,2018-11-25,2018-12-01,2018-11-28,Shipped,,1957 Chevy Pickup,Trucks and Buses,1:12,Exoto Designs,6125,55.7,118.5,Mini Classics,+1 914-555-4562,White Plains,USA,102700,gvanauf@classicmodelcars.com,Sales Rep,NYC,+1 212-555-3000,USA,,George Vanauf,Steve Frick,523 East 53rd Street apt. 5A 10022,3758 North Pendale Street  24067
27,139.17,2018-11-25,2018-12-01,2018-11-28,Shipped,,1998 Chrysler Plymouth Prowler,Classic Cars,1:18,Gearbox Collectibles,4724,101.51,163.73,Mini Classics,+1 914-555-4562,White Plains,USA,102700,gvanauf@classicmodelcars.com,Sales Rep,NYC,+1 212-555-3000,USA,,George Vanauf,Steve Frick,523 East 53rd Street apt. 5A 10022,3758 North Pendale Street  24067
35,112.91,2018-11-25,2018-12-01,2018-11-28,Shipped,,1964 Mercedes Tour Bus,Trucks and Buses,1:18,Unimax Art Galleries,8258,74.86,122.73,Mini Classics,+1 914-555-4562,White Plains,USA,102700,gvanauf@classicmodelcars.com,Sales Rep,NYC,+1 212-555-3000,USA,,George Vanauf,Steve Frick,523 East 53rd Street apt. 5A 10022,3758 North Pendale Street  24067
50,150.71,2018-11-25,2018-12-01,2018-11-28,Shipped,,1992 Ferrari 360 Spider red,Classic Cars,1:18,Unimax Art Galleries,8347,77.9,169.34,Mini Classics,+1 914-555-4562,White Plains,USA,102700,gvanauf@classicmodelcars.com,Sales Rep,NYC,+1 212-555-3000,USA,,George Vanauf,Steve Frick,523 East 53rd Street apt. 5A 10022,3758 North Pendale Street  24067
44,54.33,2018-11-25,2018-12-01,2018-11-28,Shipped,,1970 Dodge Coronet,Classic Cars,1:24,Highway 66 Mini Classics,4074,32.37,57.8,Mini Classics,+1 914-555-4562,White Plains,USA,102700,gvanauf@classicmodelcars.com,Sales Rep,NYC,+1 212-555-3000,USA,,George Vanauf,Steve Frick,523 East 53rd Street apt. 5A 10022,3758 North Pendale Street  24067
32,31.82,2018-11-25,2018-12-01,2018-11-28,Shipped,,1958 Chevy Corvette Limited Edition,Classic Cars,1:24,Carousel DieCast Legends,2542,15.91,35.36,Mini Classics,+1 914-555-4562,White Plains,USA,102700,gvanauf@classicmodelcars.com,Sales Rep,NYC,+1 212-555-3000,USA,,George Vanauf,Steve Frick,523 East 53rd Street apt. 5A 10022,3758 North Pendale Street  24067
34,95.81,2018-11-25,2018-12-01,2018-11-28,Shipped,,1992 Porsche Cayenne Turbo Silver,Classic Cars,1:24,Exoto Designs,6582,69.78,118.28,Mini Classics,+1 914-555-4562,White Plains,USA,102700,gvanauf@classicmodelcars.com,Sales Rep,NYC,+1 212-555-3000,USA,,George Vanauf,Steve Frick,523 East 53rd Street apt. 5A 10022,3758 North Pendale Street  24067
32,51.95,2018-11-25,2018-12-01,2018-11-28,Shipped,,1954 Greyhound Scenicruiser,Trucks and Buses,1:32,Classic Metal Creations,2874,25.98,54.11,Mini Classics,+1 914-555-4562,White Plains,USA,102700,gvanauf@classicmodelcars.com,Sales Rep,NYC,+1 212-555-3000,USA,,George Vanauf,Steve Frick,523 East 53rd Street apt. 5A 10022,3758 North Pendale Street  24067
33,59.03,2018-11-25,2018-12-01,2018-11-28,Shipped,,1950s Chicago Surface Lines Streetcar,Trains,1:32,Gearbox Collectibles,8601,26.72,62.14,Mini Classics,+1 914-555-4562,White Plains,USA,102700,gvanauf@classicmodelcars.com,Sales Rep,NYC,+1 212-555-3000,USA,,George Vanauf,Steve Frick,523 East 53rd Street apt. 5A 10022,3758 North Pendale Street  24067
49,97.23,2018-11-25,2018-12-01,2018-11-28,Shipped,,Diamond T620 Semi-Skirted Tanker,Trucks and Buses,1:50,Highway 66 Mini Classics,1016,68.29,115.75,Mini Classics,+1 914-555-4562,White Plains,USA,102700,gvanauf@classicmodelcars.com,Sales Rep,NYC,+1 212-555-3000,USA,,George Vanauf,Steve Frick,523 East 53rd Street apt. 5A 10022,3758 North Pendale Street  24067
47,203.64,2018-11-26,2018-12-03,2018-12-01,Shipped,,2001 Ferrari Enzo,Classic Cars,1:12,Second Gear Diecast,3619,95.59,207.8,Super Scale Inc.,+1 203-555-9545,New Haven,USA,95400,ftseng@classicmodelcars.com,Sales Rep,NYC,+1 212-555-3000,USA,,Foon Yue Tseng,Leslie Murphy,523 East 53rd Street apt. 5A 10022,567 North Pendale Street  97823
24,151.08,2018-11-26,2018-12-03,2018-12-01,Shipped,,1969 Corvair Monza,Classic Cars,1:18,Welly Diecast Productions,6906,89.14,151.08,Super Scale Inc.,+1 203-555-9545,New Haven,USA,95400,ftseng@classicmodelcars.com,Sales Rep,NYC,+1 212-555-3000,USA,,Foon Yue Tseng,Leslie Murphy,523 East 53rd Street apt. 5A 10022,567 North Pendale Street  97823
38,147.07,2018-11-26,2018-12-03,2018-12-01,Shipped,,1969 Ford Falcon,Classic Cars,1:12,Second Gear Diecast,1049,83.05,173.02,Super Scale Inc.,+1 203-555-9545,New Haven,USA,95400,ftseng@classicmodelcars.com,Sales Rep,NYC,+1 212-555-3000,USA,,Foon Yue Tseng,Leslie Murphy,523 East 53rd Street apt. 5A 10022,567 North Pendale Street  97823
49,127.03,2018-11-26,2018-12-03,2018-12-01,Shipped,,1903 Ford Model A,Vintage Cars,1:18,Unimax Art Galleries,3913,68.3,136.59,Super Scale Inc.,+1 203-555-9545,New Haven,USA,95400,ftseng@classicmodelcars.com,Sales Rep,NYC,+1 212-555-3000,USA,,Foon Yue Tseng,Leslie Murphy,523 East 53rd Street apt. 5A 10022,567 North Pendale Street  97823
35,81.68,2018-11-26,2018-12-03,2018-12-01,Shipped,,Collectable Wooden Train,Trains,1:18,Carousel DieCast Legends,6450,67.56,100.84,Super Scale Inc.,+1 203-555-9545,New Haven,USA,95400,ftseng@classicmodelcars.com,Sales Rep,NYC,+1 212-555-3000,USA,,Foon Yue Tseng,Leslie Murphy,523 East 53rd Street apt. 5A 10022,567 North Pendale Street  97823
27,126.39,2018-11-26,2018-12-03,2018-12-01,Shipped,,1970 Triumph Spitfire,Classic Cars,1:18,Min Lin Diecast,5545,91.92,143.62,Super Scale Inc.,+1 203-555-9545,New Haven,USA,95400,ftseng@classicmodelcars.com,Sales Rep,NYC,+1 212-555-3000,USA,,Foon Yue Tseng,Leslie Murphy,523 East 53rd Street apt. 5A 10022,567 North Pendale Street  97823
46,56.82,2018-11-26,2018-12-03,2018-12-01,Shipped,,1962 City of Detroit Streetcar,Trains,1:50,Classic Metal Creations,1645,37.49,58.58,Super Scale Inc.,+1 203-555-9545,New Haven,USA,95400,ftseng@classicmodelcars.com,Sales Rep,NYC,+1 212-555-3000,USA,,Foon Yue Tseng,Leslie Murphy,523 East 53rd Street apt. 5A 10022,567 North Pendale Street  97823
50,84.88,2018-11-26,2018-12-03,2018-12-01,Shipped,,The Mayflower,Ships,1:700,Studio M Art Models,737,43.3,86.61,Super Scale Inc.,+1 203-555-9545,New Haven,USA,95400,ftseng@classicmodelcars.com,Sales Rep,NYC,+1 212-555-3000,USA,,Foon Yue Tseng,Leslie Murphy,523 East 53rd Street apt. 5A 10022,567 North Pendale Street  97823
45,118.32,2018-11-26,2018-12-02,2018-12-01,Shipped,Customer inquired about remote controlled models and gold models.,1972 Alfa Romeo GTA,Classic Cars,1:10,Motor City Art Classics,3252,85.68,136.0,Enaco Distributors,+34 932 03 45 55,Barcelona,Spain,60300,mgerard@classicmodelcars.com,Sales Rep,Paris,+33 1 47 23 44 04,France,EMEA,Martin Gerard,Eduardo  Saavedra,43 Rue Jouffroy Dabbans  75017,"Rambla de Cataluña, 23  8022"
46,83.44,2018-11-26,2018-12-02,2018-12-01,Shipped,Customer inquired about remote controlled models and gold models.,1999 Yamaha Speed Boat,Ships,1:18,Min Lin Diecast,4259,51.61,86.02,Enaco Distributors,+34 932 03 45 55,Barcelona,Spain,60300,mgerard@classicmodelcars.com,Sales Rep,Paris,+33 1 47 23 44 04,France,EMEA,Martin Gerard,Eduardo  Saavedra,43 Rue Jouffroy Dabbans  75017,"Rambla de Cataluña, 23  8022"
22,85.75,2018-11-26,2018-12-02,2018-12-01,Shipped,Customer inquired about remote controlled models and gold models.,1941 Chevrolet Special Deluxe Cabriolet,Vintage Cars,1:18,Exoto Designs,2378,64.58,105.87,Enaco Distributors,+34 932 03 45 55,Barcelona,Spain,60300,mgerard@classicmodelcars.com,Sales Rep,Paris,+33 1 47 23 44 04,France,EMEA,Martin Gerard,Eduardo  Saavedra,43 Rue Jouffroy Dabbans  75017,"Rambla de Cataluña, 23  8022"
50,78.99,2018-11-26,2018-12-02,2018-12-01,Shipped,Customer inquired about remote controlled models and gold models.,1904 Buick Runabout,Vintage Cars,1:18,Exoto Designs,8290,52.66,87.77,Enaco Distributors,+34 932 03 45 55,Barcelona,Spain,60300,mgerard@classicmodelcars.com,Sales Rep,Paris,+33 1 47 23 44 04,France,EMEA,Martin Gerard,Eduardo  Saavedra,43 Rue Jouffroy Dabbans  75017,"Rambla de Cataluña, 23  8022"
41,109.37,2018-11-26,2018-12-02,2018-12-01,Shipped,Customer inquired about remote controlled models and gold models.,18th century schooner,Ships,1:24,Carousel DieCast Legends,1898,82.34,122.89,Enaco Distributors,+34 932 03 45 55,Barcelona,Spain,60300,mgerard@classicmodelcars.com,Sales Rep,Paris,+33 1 47 23 44 04,France,EMEA,Martin Gerard,Eduardo  Saavedra,43 Rue Jouffroy Dabbans  75017,"Rambla de Cataluña, 23  8022"
47,83.2,2018-11-26,2018-12-02,2018-12-01,Shipped,Customer inquired about remote controlled models and gold models.,1912 Ford Model T Delivery Wagon,Vintage Cars,1:24,Min Lin Diecast,9173,46.91,88.51,Enaco Distributors,+34 932 03 45 55,Barcelona,Spain,60300,mgerard@classicmodelcars.com,Sales Rep,Paris,+33 1 47 23 44 04,France,EMEA,Martin Gerard,Eduardo  Saavedra,43 Rue Jouffroy Dabbans  75017,"Rambla de Cataluña, 23  8022"
22,67.93,2018-11-26,2018-12-02,2018-12-01,Shipped,Customer inquired about remote controlled models and gold models.,1940 Ford Delivery Sedan,Vintage Cars,1:24,Carousel DieCast Legends,6621,48.64,83.86,Enaco Distributors,+34 932 03 45 55,Barcelona,Spain,60300,mgerard@classicmodelcars.com,Sales Rep,Paris,+33 1 47 23 44 04,France,EMEA,Martin Gerard,Eduardo  Saavedra,43 Rue Jouffroy Dabbans  75017,"Rambla de Cataluña, 23  8022"
23,60.0,2018-11-26,2018-12-02,2018-12-01,Shipped,Customer inquired about remote controlled models and gold models.,The Schooner Bluenose,Ships,1:700,Autoart Studio Design,1897,34.0,66.67,Enaco Distributors,+34 932 03 45 55,Barcelona,Spain,60300,mgerard@classicmodelcars.com,Sales Rep,Paris,+33 1 47 23 44 04,France,EMEA,Martin Gerard,Eduardo  Saavedra,43 Rue Jouffroy Dabbans  75017,"Rambla de Cataluña, 23  8022"
24,78.75,2018-11-26,2018-12-02,2018-12-01,Shipped,Customer inquired about remote controlled models and gold models.,HMS Bounty,Ships,1:700,Unimax Art Galleries,3501,39.83,90.52,Enaco Distributors,+34 932 03 45 55,Barcelona,Spain,60300,mgerard@classicmodelcars.com,Sales Rep,Paris,+33 1 47 23 44 04,France,EMEA,Martin Gerard,Eduardo  Saavedra,43 Rue Jouffroy Dabbans  75017,"Rambla de Cataluña, 23  8022"
50,66.5,2018-11-26,2018-12-02,2018-12-01,Shipped,Customer inquired about remote controlled models and gold models.,The USS Constitution Ship,Ships,1:700,Red Start Diecast,7083,33.97,72.28,Enaco Distributors,+34 932 03 45 55,Barcelona,Spain,60300,mgerard@classicmodelcars.com,Sales Rep,Paris,+33 1 47 23 44 04,France,EMEA,Martin Gerard,Eduardo  Saavedra,43 Rue Jouffroy Dabbans  75017,"Rambla de Cataluña, 23  8022"
27,100.17,2018-11-26,2018-12-02,2018-12-01,Shipped,Customer inquired about remote controlled models and gold models.,The Titanic,Ships,1:700,Carousel DieCast Legends,1956,51.09,100.17,Enaco Distributors,+34 932 03 45 55,Barcelona,Spain,60300,mgerard@classicmodelcars.com,Sales Rep,Paris,+33 1 47 23 44 04,France,EMEA,Martin Gerard,Eduardo  Saavedra,43 Rue Jouffroy Dabbans  75017,"Rambla de Cataluña, 23  8022"
35,88.39,2018-11-26,2018-12-02,2018-12-01,Shipped,Customer inquired about remote controlled models and gold models.,The Queen Mary,Ships,1:700,Welly Diecast Productions,5088,53.63,99.31,Enaco Distributors,+34 932 03 45 55,Barcelona,Spain,60300,mgerard@classicmodelcars.com,Sales Rep,Paris,+33 1 47 23 44 04,France,EMEA,Martin Gerard,Eduardo  Saavedra,43 Rue Jouffroy Dabbans  75017,"Rambla de Cataluña, 23  8022"
29,39.73,2018-11-26,2018-12-02,2018-12-01,Shipped,Customer inquired about remote controlled models and gold models.,Boeing X-32A JSF,Planes,1:72,Motor City Art Classics,4857,32.77,49.66,Enaco Distributors,+34 932 03 45 55,Barcelona,Spain,60300,mgerard@classicmodelcars.com,Sales Rep,Paris,+33 1 47 23 44 04,France,EMEA,Martin Gerard,Eduardo  Saavedra,43 Rue Jouffroy Dabbans  75017,"Rambla de Cataluña, 23  8022"
42,48.59,2018-11-26,2018-12-02,2018-12-01,Shipped,Customer inquired about remote controlled models and gold models.,Pont Yacht,Ships,1:72,Unimax Art Galleries,414,33.3,54.6,Enaco Distributors,+34 932 03 45 55,Barcelona,Spain,60300,mgerard@classicmodelcars.com,Sales Rep,Paris,+33 1 47 23 44 04,France,EMEA,Martin Gerard,Eduardo  Saavedra,43 Rue Jouffroy Dabbans  75017,"Rambla de Cataluña, 23  8022"
42,149.81,2018-11-27,2018-12-06,2018-12-03,Shipped,,1980s Black Hawk Helicopter,Planes,1:18,Red Start Diecast,5330,77.27,157.69,Cruz & Sons Co.,,Makati City,Philippines,81500,mnishi@classicmodelcars.com,Sales Rep,Tokyo,+81 3-3224-5000,Japan,Japan,Mami Nishi,Arnold Cruz,4-1 Kioicho  102-8578,15 McCallum Street NatWest Center #13-03 1227 MM
48,60.97,2018-11-27,2018-12-06,2018-12-03,Shipped,,1900s Vintage Bi-Plane,Planes,1:24,Autoart Studio Design,5942,34.25,68.51,Cruz & Sons Co.,,Makati City,Philippines,81500,mnishi@classicmodelcars.com,Sales Rep,Tokyo,+81 3-3224-5000,Japan,Japan,Mami Nishi,Arnold Cruz,4-1 Kioicho  102-8578,15 McCallum Street NatWest Center #13-03 1227 MM
27,61.81,2018-11-27,2018-12-06,2018-12-03,Shipped,,1937 Horch 930V Limousine,Vintage Cars,1:24,Autoart Studio Design,2902,26.3,65.75,Cruz & Sons Co.,,Makati City,Philippines,81500,mnishi@classicmodelcars.com,Sales Rep,Tokyo,+81 3-3224-5000,Japan,Japan,Mami Nishi,Arnold Cruz,4-1 Kioicho  102-8578,15 McCallum Street NatWest Center #13-03 1227 MM
43,65.51,2018-11-27,2018-12-06,2018-12-03,Shipped,,Corsair F4U ( Bird Cage),Planes,1:24,Second Gear Diecast,6812,29.34,68.24,Cruz & Sons Co.,,Makati City,Philippines,81500,mnishi@classicmodelcars.com,Sales Rep,Tokyo,+81 3-3224-5000,Japan,Japan,Mami Nishi,Arnold Cruz,4-1 Kioicho  102-8578,15 McCallum Street NatWest Center #13-03 1227 MM
42,94.73,2018-11-27,2018-12-06,2018-12-03,Shipped,,America West Airlines B757-200,Planes,1:700,Motor City Art Classics,9653,68.8,99.72,Cruz & Sons Co.,,Makati City,Philippines,81500,mnishi@classicmodelcars.com,Sales Rep,Tokyo,+81 3-3224-5000,Japan,Japan,Mami Nishi,Arnold Cruz,4-1 Kioicho  102-8578,15 McCallum Street NatWest Center #13-03 1227 MM
40,74.03,2018-11-27,2018-12-06,2018-12-03,Shipped,,American Airlines: MD-11S,Planes,1:700,Second Gear Diecast,8820,36.27,74.03,Cruz & Sons Co.,,Makati City,Philippines,81500,mnishi@classicmodelcars.com,Sales Rep,Tokyo,+81 3-3224-5000,Japan,Japan,Mami Nishi,Arnold Cruz,4-1 Kioicho  102-8578,15 McCallum Street NatWest Center #13-03 1227 MM
29,37.97,2018-12-01,2018-12-10,2018-12-06,Shipped,,1930 Buick Marquette Phaeton,Vintage Cars,1:50,Studio M Art Models,7062,27.06,43.64,West Coast Collectables Co.,+1 310-555-3722,Burbank,USA,55400,lthompson@classicmodelcars.com,Sales Rep,San Francisco,+1 650-219-4782,USA,,Leslie Thompson,Steve Thompson,100 Market Street Suite 300 94080,3675 Furth Circle  94019
48,81.29,2018-12-01,2018-12-10,2018-12-06,Shipped,,American Airlines: B767-300,Planes,1:700,Min Lin Diecast,5841,51.15,91.34,West Coast Collectables Co.,+1 310-555-3722,Burbank,USA,55400,lthompson@classicmodelcars.com,Sales Rep,San Francisco,+1 650-219-4782,USA,,Leslie Thompson,Steve Thompson,100 Market Street Suite 300 94080,3675 Furth Circle  94019
38,70.4,2018-12-01,2018-12-10,2018-12-06,Shipped,,F/A 18 Hornet 1/72,Planes,1:72,Motor City Art Classics,551,54.4,80.0,West Coast Collectables Co.,+1 310-555-3722,Burbank,USA,55400,lthompson@classicmodelcars.com,Sales Rep,San Francisco,+1 650-219-4782,USA,,Leslie Thompson,Steve Thompson,100 Market Street Suite 300 94080,3675 Furth Circle  94019
28,74.34,2018-12-01,2018-12-09,2018-12-06,Shipped,,P-51-D Mustang,Planes,1:72,Gearbox Collectibles,992,49.0,84.48,"King Kong Collectables, Co.",+852 2251 1555,Central Hong Kong,Hong Kong,58600,mnishi@classicmodelcars.com,Sales Rep,Tokyo,+81 3-3224-5000,Japan,Japan,Mami Nishi,Mike Gao,4-1 Kioicho  102-8578,Bank of China Tower 1 Garden Road
33,99.57,2018-12-01,2018-12-09,2018-12-06,Shipped,,1928 British Royal Navy Airplane,Planes,1:24,Classic Metal Creations,3627,66.74,109.42,"King Kong Collectables, Co.",+852 2251 1555,Central Hong Kong,Hong Kong,58600,mnishi@classicmodelcars.com,Sales Rep,Tokyo,+81 3-3224-5000,Japan,Japan,Mami Nishi,Mike Gao,4-1 Kioicho  102-8578,Bank of China Tower 1 Garden Road
39,70.28,2018-12-01,2018-12-09,2018-12-06,Shipped,,1900s Vintage Tri-Plane,Planes,1:24,Unimax Art Galleries,2756,36.23,72.45,"King Kong Collectables, Co.",+852 2251 1555,Central Hong Kong,Hong Kong,58600,mnishi@classicmodelcars.com,Sales Rep,Tokyo,+81 3-3224-5000,Japan,Japan,Mami Nishi,Mike Gao,4-1 Kioicho  102-8578,Bank of China Tower 1 Garden Road
35,80.91,2018-12-01,2018-12-09,2018-12-06,Shipped,,1997 BMW F650 ST,Motorcycles,1:32,Exoto Designs,178,66.92,99.89,"King Kong Collectables, Co.",+852 2251 1555,Central Hong Kong,Hong Kong,58600,mnishi@classicmodelcars.com,Sales Rep,Tokyo,+81 3-3224-5000,Japan,Japan,Mami Nishi,Mike Gao,4-1 Kioicho  102-8578,Bank of China Tower 1 Garden Road
27,65.35,2018-12-01,2018-12-09,2018-12-06,Shipped,,1928 Ford Phaeton Deluxe,Vintage Cars,1:32,Highway 66 Mini Classics,136,33.02,68.79,"King Kong Collectables, Co.",+852 2251 1555,Central Hong Kong,Hong Kong,58600,mnishi@classicmodelcars.com,Sales Rep,Tokyo,+81 3-3224-5000,Japan,Japan,Mami Nishi,Mike Gao,4-1 Kioicho  102-8578,Bank of China Tower 1 Garden Road
39,115.09,2018-12-01,2018-12-09,2018-12-06,Shipped,,ATA: B757-300,Planes,1:700,Highway 66 Mini Classics,7106,59.33,118.65,"King Kong Collectables, Co.",+852 2251 1555,Central Hong Kong,Hong Kong,58600,mnishi@classicmodelcars.com,Sales Rep,Tokyo,+81 3-3224-5000,Japan,Japan,Mami Nishi,Mike Gao,4-1 Kioicho  102-8578,Bank of China Tower 1 Garden Road
22,82.3,2018-12-01,2018-12-11,2018-12-02,Shipped,,1969 Harley Davidson Ultimate Chopper,Motorcycles,1:10,Min Lin Diecast,7933,48.81,95.7,Mini Wheels Co.,+1 650-555-5787,San Francisco,USA,64600,ljennings@classicmodelcars.com,Sales Rep,San Francisco,+1 650-219-4782,USA,,Leslie Jennings,Julie Murphy,100 Market Street Suite 300 94080,5557 North Pendale Street  94217
24,116.56,2018-12-01,2018-12-11,2018-12-02,Shipped,,1996 Moto Guzzi 1100i,Motorcycles,1:10,Highway 66 Mini Classics,6625,68.99,118.94,Mini Wheels Co.,+1 650-555-5787,San Francisco,USA,64600,ljennings@classicmodelcars.com,Sales Rep,San Francisco,+1 650-219-4782,USA,,Leslie Jennings,Julie Murphy,100 Market Street Suite 300 94080,5557 North Pendale Street  94217
49,191.72,2018-12-01,2018-12-11,2018-12-02,Shipped,,2003 Harley-Davidson Eagle Drag Bike,Motorcycles,1:10,Red Start Diecast,5582,91.02,193.66,Mini Wheels Co.,+1 650-555-5787,San Francisco,USA,64600,ljennings@classicmodelcars.com,Sales Rep,San Francisco,+1 650-219-4782,USA,,Leslie Jennings,Julie Murphy,100 Market Street Suite 300 94080,5557 North Pendale Street  94217
25,126.52,2018-12-01,2018-12-11,2018-12-02,Shipped,,2002 Suzuki XREO,Motorcycles,1:12,Unimax Art Galleries,9997,66.27,150.62,Mini Wheels Co.,+1 650-555-5787,San Francisco,USA,64600,ljennings@classicmodelcars.com,Sales Rep,San Francisco,+1 650-219-4782,USA,,Leslie Jennings,Julie Murphy,100 Market Street Suite 300 94080,5557 North Pendale Street  94217
30,48.46,2018-12-01,2018-12-11,2018-12-02,Shipped,,1936 Harley Davidson El Knucklehead,Motorcycles,1:18,Welly Diecast Productions,4357,24.23,60.57,Mini Wheels Co.,+1 650-555-5787,San Francisco,USA,64600,ljennings@classicmodelcars.com,Sales Rep,San Francisco,+1 650-219-4782,USA,,Leslie Jennings,Julie Murphy,100 Market Street Suite 300 94080,5557 North Pendale Street  94217
39,93.54,2018-12-01,2018-12-11,2018-12-02,Shipped,,1997 BMW R 1100 S,Motorcycles,1:24,Autoart Studio Design,7003,60.86,112.7,Mini Wheels Co.,+1 650-555-5787,San Francisco,USA,64600,ljennings@classicmodelcars.com,Sales Rep,San Francisco,+1 650-219-4782,USA,,Leslie Jennings,Julie Murphy,100 Market Street Suite 300 94080,5557 North Pendale Street  94217
25,66.27,2018-12-01,2018-12-11,2018-12-02,Shipped,,1960 BSA Gold Star DBD34,Motorcycles,1:24,Highway 66 Mini Classics,15,37.32,76.17,Mini Wheels Co.,+1 650-555-5787,San Francisco,USA,64600,ljennings@classicmodelcars.com,Sales Rep,San Francisco,+1 650-219-4782,USA,,Leslie Jennings,Julie Murphy,100 Market Street Suite 300 94080,5557 North Pendale Street  94217
30,55.33,2018-12-02,2018-12-09,2018-12-06,Shipped,,1957 Vespa GS150,Motorcycles,1:18,Studio M Art Models,7689,32.95,62.17,GiftsForHim.com,+64 9 376 3555,Auckland,New Zealand,77700,pmarsh@classicmodelcars.com,Sales Rep,Sydney,+61 2 9264 2451,Australia,APAC,Peter Marsh,Wales MacKinlay,5-11 Wentworth Avenue Floor #2 NSW 2010,199 Great North Road
43,124.99,2018-12-02,2018-12-09,2018-12-06,Shipped,,1957 Corvette Convertible,Classic Cars,1:18,Classic Metal Creations,1249,69.93,148.8,GiftsForHim.com,+64 9 376 3555,Auckland,New Zealand,77700,pmarsh@classicmodelcars.com,Sales Rep,Sydney,+61 2 9264 2451,Australia,APAC,Peter Marsh,Wales MacKinlay,5-11 Wentworth Avenue Floor #2 NSW 2010,199 Great North Road
50,56.1,2018-12-02,2018-12-09,2018-12-06,Shipped,,1982 Ducati 900 Monster,Motorcycles,1:24,Highway 66 Mini Classics,6840,47.1,69.26,GiftsForHim.com,+64 9 376 3555,Auckland,New Zealand,77700,pmarsh@classicmodelcars.com,Sales Rep,Sydney,+61 2 9264 2451,Australia,APAC,Peter Marsh,Wales MacKinlay,5-11 Wentworth Avenue Floor #2 NSW 2010,199 Great North Road
50,75.18,2018-12-02,2018-12-09,2018-12-06,Shipped,,1961 Chevrolet Impala,Classic Cars,1:18,Classic Metal Creations,7869,32.33,80.84,GiftsForHim.com,+64 9 376 3555,Auckland,New Zealand,77700,pmarsh@classicmodelcars.com,Sales Rep,Sydney,+61 2 9264 2451,Australia,APAC,Peter Marsh,Wales MacKinlay,5-11 Wentworth Avenue Floor #2 NSW 2010,199 Great North Road
27,33.39,2018-12-02,2018-12-09,2018-12-06,Shipped,,1982 Ducati 996 R,Motorcycles,1:32,Gearbox Collectibles,9241,24.14,40.23,GiftsForHim.com,+64 9 376 3555,Auckland,New Zealand,77700,pmarsh@classicmodelcars.com,Sales Rep,Sydney,+61 2 9264 2451,Australia,APAC,Peter Marsh,Wales MacKinlay,5-11 Wentworth Avenue Floor #2 NSW 2010,199 Great North Road
31,81.64,2018-12-02,2018-12-09,2018-12-06,Shipped,,1974 Ducati 350 Mk3 Desmo,Motorcycles,1:32,Second Gear Diecast,3341,56.13,102.05,GiftsForHim.com,+64 9 376 3555,Auckland,New Zealand,77700,pmarsh@classicmodelcars.com,Sales Rep,Sydney,+61 2 9264 2451,Australia,APAC,Peter Marsh,Wales MacKinlay,5-11 Wentworth Avenue Floor #2 NSW 2010,199 Great North Road
40,79.73,2018-12-02,2018-12-09,2018-12-06,Shipped,,2002 Yamaha YZR M1,Motorcycles,1:50,Autoart Studio Design,600,34.17,81.36,GiftsForHim.com,+64 9 376 3555,Auckland,New Zealand,77700,pmarsh@classicmodelcars.com,Sales Rep,Sydney,+61 2 9264 2451,Australia,APAC,Peter Marsh,Wales MacKinlay,5-11 Wentworth Avenue Floor #2 NSW 2010,199 Great North Road
20,161.49,2018-12-02,2018-12-11,2018-12-07,Shipped,,1968 Ford Mustang,Classic Cars,1:12,Autoart Studio Design,68,95.34,194.57,Euro+ Shopping Channel,+34 915 55 94 44,Madrid,Spain,227600,ghernande@classicmodelcars.com,Sales Rep,Paris,+33 1 47 23 44 04,France,EMEA,Gerard Hernandez,Diego  Freyre,43 Rue Jouffroy Dabbans  75017,"C/ Moralzarzal, 86  28034"
20,111.57,2018-12-02,2018-12-11,2018-12-07,Shipped,,1968 Dodge Charger,Classic Cars,1:12,Welly Diecast Productions,9123,75.16,117.44,Euro+ Shopping Channel,+34 915 55 94 44,Madrid,Spain,227600,ghernande@classicmodelcars.com,Sales Rep,Paris,+33 1 47 23 44 04,France,EMEA,Gerard Hernandez,Diego  Freyre,43 Rue Jouffroy Dabbans  75017,"C/ Moralzarzal, 86  28034"
44,63.84,2018-12-02,2018-12-11,2018-12-07,Shipped,,1970 Plymouth Hemi Cuda,Classic Cars,1:12,Studio M Art Models,5663,31.92,79.8,Euro+ Shopping Channel,+34 915 55 94 44,Madrid,Spain,227600,ghernande@classicmodelcars.com,Sales Rep,Paris,+33 1 47 23 44 04,France,EMEA,Gerard Hernandez,Diego  Freyre,43 Rue Jouffroy Dabbans  75017,"C/ Moralzarzal, 86  28034"
47,115.16,2018-12-02,2018-12-11,2018-12-07,Shipped,,1969 Dodge Charger,Classic Cars,1:12,Welly Diecast Productions,7323,58.73,115.16,Euro+ Shopping Channel,+34 915 55 94 44,Madrid,Spain,227600,ghernande@classicmodelcars.com,Sales Rep,Paris,+33 1 47 23 44 04,France,EMEA,Gerard Hernandez,Diego  Freyre,43 Rue Jouffroy Dabbans  75017,"C/ Moralzarzal, 86  28034"
45,73.15,2018-12-02,2018-12-11,2018-12-07,Shipped,,1948 Porsche 356-A Roadster,Classic Cars,1:18,Gearbox Collectibles,8826,53.9,77.0,Euro+ Shopping Channel,+34 915 55 94 44,Madrid,Spain,227600,ghernande@classicmodelcars.com,Sales Rep,Paris,+33 1 47 23 44 04,France,EMEA,Gerard Hernandez,Diego  Freyre,43 Rue Jouffroy Dabbans  75017,"C/ Moralzarzal, 86  28034"
48,157.49,2018-12-02,2018-12-11,2018-12-07,Shipped,,1992 Ferrari 360 Spider red,Classic Cars,1:18,Unimax Art Galleries,8347,77.9,169.34,Euro+ Shopping Channel,+34 915 55 94 44,Madrid,Spain,227600,ghernande@classicmodelcars.com,Sales Rep,Paris,+33 1 47 23 44 04,France,EMEA,Gerard Hernandez,Diego  Freyre,43 Rue Jouffroy Dabbans  75017,"C/ Moralzarzal, 86  28034"
33,66.74,2018-12-02,2018-12-11,2018-12-07,Shipped,,1969 Dodge Super Bee,Classic Cars,1:18,Min Lin Diecast,1917,49.05,80.41,Euro+ Shopping Channel,+34 915 55 94 44,Madrid,Spain,227600,ghernande@classicmodelcars.com,Sales Rep,Paris,+33 1 47 23 44 04,France,EMEA,Gerard Hernandez,Diego  Freyre,43 Rue Jouffroy Dabbans  75017,"C/ Moralzarzal, 86  28034"
32,127.88,2018-12-02,2018-12-11,2018-12-07,Shipped,,1976 Ford Gran Torino,Classic Cars,1:18,Gearbox Collectibles,9127,73.49,146.99,Euro+ Shopping Channel,+34 915 55 94 44,Madrid,Spain,227600,ghernande@classicmodelcars.com,Sales Rep,Paris,+33 1 47 23 44 04,France,EMEA,Gerard Hernandez,Diego  Freyre,43 Rue Jouffroy Dabbans  75017,"C/ Moralzarzal, 86  28034"
21,33.23,2018-12-02,2018-12-11,2018-12-07,Shipped,,1982 Lamborghini Diablo,Classic Cars,1:24,Second Gear Diecast,7723,16.24,37.76,Euro+ Shopping Channel,+34 915 55 94 44,Madrid,Spain,227600,ghernande@classicmodelcars.com,Sales Rep,Paris,+33 1 47 23 44 04,France,EMEA,Gerard Hernandez,Diego  Freyre,43 Rue Jouffroy Dabbans  75017,"C/ Moralzarzal, 86  28034"
34,56.94,2018-12-02,2018-12-11,2018-12-07,Shipped,,1971 Alpine Renault 1600s,Classic Cars,1:24,Welly Diecast Productions,7995,38.58,61.23,Euro+ Shopping Channel,+34 915 55 94 44,Madrid,Spain,227600,ghernande@classicmodelcars.com,Sales Rep,Paris,+33 1 47 23 44 04,France,EMEA,Gerard Hernandez,Diego  Freyre,43 Rue Jouffroy Dabbans  75017,"C/ Moralzarzal, 86  28034"
47,140.43,2018-12-02,2018-12-11,2018-12-07,Shipped,,1956 Porsche 356A Coupe,Classic Cars,1:18,Classic Metal Creations,6600,98.3,140.43,Euro+ Shopping Channel,+34 915 55 94 44,Madrid,Spain,227600,ghernande@classicmodelcars.com,Sales Rep,Paris,+33 1 47 23 44 04,France,EMEA,Gerard Hernandez,Diego  Freyre,43 Rue Jouffroy Dabbans  75017,"C/ Moralzarzal, 86  28034"
42,114.65,2018-12-02,2018-12-10,2018-12-04,Shipped,,1993 Mazda RX-7,Classic Cars,1:18,Highway 66 Mini Classics,3975,83.51,141.54,Muscle Machine Inc,+1 212-555-7413,NYC,USA,138500,ftseng@classicmodelcars.com,Sales Rep,NYC,+1 212-555-3000,USA,,Foon Yue Tseng,Jeff Young,523 East 53rd Street apt. 5A 10022,4092 Furth Circle Suite 400 10022
40,113.24,2018-12-02,2018-12-10,2018-12-04,Shipped,,1965 Aston Martin DB5,Classic Cars,1:18,Classic Metal Creations,9042,65.96,124.44,Muscle Machine Inc,+1 212-555-7413,NYC,USA,138500,ftseng@classicmodelcars.com,Sales Rep,NYC,+1 212-555-3000,USA,,Foon Yue Tseng,Jeff Young,523 East 53rd Street apt. 5A 10022,4092 Furth Circle Suite 400 10022
33,153.0,2018-12-02,2018-12-10,2018-12-04,Shipped,,1917 Grand Touring Sedan,Vintage Cars,1:18,Welly Diecast Productions,2724,86.7,170.0,Muscle Machine Inc,+1 212-555-7413,NYC,USA,138500,ftseng@classicmodelcars.com,Sales Rep,NYC,+1 212-555-3000,USA,,Foon Yue Tseng,Jeff Young,523 East 53rd Street apt. 5A 10022,4092 Furth Circle Suite 400 10022
38,133.72,2018-12-02,2018-12-10,2018-12-04,Shipped,,1995 Honda Civic,Classic Cars,1:18,Min Lin Diecast,9772,93.89,142.25,Muscle Machine Inc,+1 212-555-7413,NYC,USA,138500,ftseng@classicmodelcars.com,Sales Rep,NYC,+1 212-555-3000,USA,,Foon Yue Tseng,Jeff Young,523 East 53rd Street apt. 5A 10022,4092 Furth Circle Suite 400 10022
23,59.33,2018-12-02,2018-12-10,2018-12-04,Shipped,,1911 Ford Town Car,Vintage Cars,1:18,Motor City Art Classics,540,33.3,60.54,Muscle Machine Inc,+1 212-555-7413,NYC,USA,138500,ftseng@classicmodelcars.com,Sales Rep,NYC,+1 212-555-3000,USA,,Foon Yue Tseng,Jeff Young,523 East 53rd Street apt. 5A 10022,4092 Furth Circle Suite 400 10022
26,119.5,2018-12-02,2018-12-10,2018-12-04,Shipped,,1932 Model A Ford J-Coupe,Vintage Cars,1:18,Autoart Studio Design,9354,58.48,127.13,Muscle Machine Inc,+1 212-555-7413,NYC,USA,138500,ftseng@classicmodelcars.com,Sales Rep,NYC,+1 212-555-3000,USA,,Foon Yue Tseng,Jeff Young,523 East 53rd Street apt. 5A 10022,4092 Furth Circle Suite 400 10022
27,106.92,2018-12-02,2018-12-10,2018-12-04,Shipped,,1999 Indy 500 Monte Carlo SS,Classic Cars,1:18,Red Start Diecast,8164,56.76,132.0,Muscle Machine Inc,+1 212-555-7413,NYC,USA,138500,ftseng@classicmodelcars.com,Sales Rep,NYC,+1 212-555-3000,USA,,Foon Yue Tseng,Jeff Young,523 East 53rd Street apt. 5A 10022,4092 Furth Circle Suite 400 10022
35,132.8,2018-12-02,2018-12-10,2018-12-04,Shipped,,1948 Porsche Type 356 Roadster,Classic Cars,1:18,Gearbox Collectibles,8990,62.16,141.28,Muscle Machine Inc,+1 212-555-7413,NYC,USA,138500,ftseng@classicmodelcars.com,Sales Rep,NYC,+1 212-555-3000,USA,,Foon Yue Tseng,Jeff Young,523 East 53rd Street apt. 5A 10022,4092 Furth Circle Suite 400 10022
29,83.75,2018-12-02,2018-12-10,2018-12-04,Shipped,,1932 Alfa Romeo 8C2300 Spider Sport,Vintage Cars,1:18,Exoto Designs,6553,43.26,92.03,Muscle Machine Inc,+1 212-555-7413,NYC,USA,138500,ftseng@classicmodelcars.com,Sales Rep,NYC,+1 212-555-3000,USA,,Foon Yue Tseng,Jeff Young,523 East 53rd Street apt. 5A 10022,4092 Furth Circle Suite 400 10022
45,69.84,2018-12-02,2018-12-10,2018-12-04,Shipped,,1957 Ford Thunderbird,Classic Cars,1:18,Studio M Art Models,3209,34.21,71.27,Muscle Machine Inc,+1 212-555-7413,NYC,USA,138500,ftseng@classicmodelcars.com,Sales Rep,NYC,+1 212-555-3000,USA,,Foon Yue Tseng,Jeff Young,523 East 53rd Street apt. 5A 10022,4092 Furth Circle Suite 400 10022
20,69.82,2018-12-02,2018-12-10,2018-12-04,Shipped,,1970 Chevy Chevelle SS 454,Classic Cars,1:24,Unimax Art Galleries,1005,49.24,73.49,Muscle Machine Inc,+1 212-555-7413,NYC,USA,138500,ftseng@classicmodelcars.com,Sales Rep,NYC,+1 212-555-3000,USA,,Foon Yue Tseng,Jeff Young,523 East 53rd Street apt. 5A 10022,4092 Furth Circle Suite 400 10022
45,46.79,2018-12-02,2018-12-10,2018-12-04,Shipped,,1966 Shelby Cobra 427 S/C,Classic Cars,1:24,Carousel DieCast Legends,8197,29.18,50.31,Muscle Machine Inc,+1 212-555-7413,NYC,USA,138500,ftseng@classicmodelcars.com,Sales Rep,NYC,+1 212-555-3000,USA,,Foon Yue Tseng,Jeff Young,523 East 53rd Street apt. 5A 10022,4092 Furth Circle Suite 400 10022
47,79.06,2018-12-02,2018-12-10,2018-12-04,Shipped,,1949 Jaguar XK 120,Classic Cars,1:24,Classic Metal Creations,2350,47.25,90.87,Muscle Machine Inc,+1 212-555-7413,NYC,USA,138500,ftseng@classicmodelcars.com,Sales Rep,NYC,+1 212-555-3000,USA,,Foon Yue Tseng,Jeff Young,523 East 53rd Street apt. 5A 10022,4092 Furth Circle Suite 400 10022
42,112.74,2018-12-02,2018-12-10,2018-12-04,Shipped,,1952 Citroen-15CV,Classic Cars,1:24,Exoto Designs,1452,72.82,117.44,Muscle Machine Inc,+1 212-555-7413,NYC,USA,138500,ftseng@classicmodelcars.com,Sales Rep,NYC,+1 212-555-3000,USA,,Foon Yue Tseng,Jeff Young,523 East 53rd Street apt. 5A 10022,4092 Furth Circle Suite 400 10022
40,84.75,2018-12-02,2018-12-10,2018-12-04,Shipped,,1969 Chevrolet Camaro Z28,Classic Cars,1:24,Exoto Designs,4695,50.51,85.61,Muscle Machine Inc,+1 212-555-7413,NYC,USA,138500,ftseng@classicmodelcars.com,Sales Rep,NYC,+1 212-555-3000,USA,,Foon Yue Tseng,Jeff Young,523 East 53rd Street apt. 5A 10022,4092 Furth Circle Suite 400 10022
48,104.94,2018-12-02,2018-12-10,2018-12-04,Shipped,,2002 Chevy Corvette,Classic Cars,1:24,Gearbox Collectibles,9446,62.11,107.08,Muscle Machine Inc,+1 212-555-7413,NYC,USA,138500,ftseng@classicmodelcars.com,Sales Rep,NYC,+1 212-555-3000,USA,,Foon Yue Tseng,Jeff Young,523 East 53rd Street apt. 5A 10022,4092 Furth Circle Suite 400 10022
39,34.88,2018-12-02,2018-12-10,2018-12-04,Shipped,,1936 Mercedes Benz 500k Roadster,Vintage Cars,1:24,Red Start Diecast,2081,21.75,41.03,Muscle Machine Inc,+1 212-555-7413,NYC,USA,138500,ftseng@classicmodelcars.com,Sales Rep,NYC,+1 212-555-3000,USA,,Foon Yue Tseng,Jeff Young,523 East 53rd Street apt. 5A 10022,4092 Furth Circle Suite 400 10022
36,98.63,2018-12-03,2018-12-09,2018-12-07,Shipped, I need all the information I can get on our competitors.,1937 Lincoln Berline,Vintage Cars,1:18,Motor City Art Classics,8693,60.62,102.74,Euro+ Shopping Channel,+34 915 55 94 44,Madrid,Spain,227600,ghernande@classicmodelcars.com,Sales Rep,Paris,+33 1 47 23 44 04,France,EMEA,Gerard Hernandez,Diego  Freyre,43 Rue Jouffroy Dabbans  75017,"C/ Moralzarzal, 86  28034"
48,45.82,2018-12-03,2018-12-09,2018-12-07,Shipped, I need all the information I can get on our competitors.,1936 Mercedes-Benz 500K Special Roadster,Vintage Cars,1:18,Studio M Art Models,8635,24.26,53.91,Euro+ Shopping Channel,+34 915 55 94 44,Madrid,Spain,227600,ghernande@classicmodelcars.com,Sales Rep,Paris,+33 1 47 23 44 04,France,EMEA,Gerard Hernandez,Diego  Freyre,43 Rue Jouffroy Dabbans  75017,"C/ Moralzarzal, 86  28034"
40,138.38,2018-12-03,2018-12-09,2018-12-07,Shipped, I need all the information I can get on our competitors.,1928 Mercedes-Benz SSK,Vintage Cars,1:18,Gearbox Collectibles,548,72.56,168.75,Euro+ Shopping Channel,+34 915 55 94 44,Madrid,Spain,227600,ghernande@classicmodelcars.com,Sales Rep,Paris,+33 1 47 23 44 04,France,EMEA,Gerard Hernandez,Diego  Freyre,43 Rue Jouffroy Dabbans  75017,"C/ Moralzarzal, 86  28034"
32,27.88,2018-12-03,2018-12-09,2018-12-07,Shipped, I need all the information I can get on our competitors.,1939 Chevrolet Deluxe Coupe,Vintage Cars,1:24,Motor City Art Classics,7332,22.57,33.19,Euro+ Shopping Channel,+34 915 55 94 44,Madrid,Spain,227600,ghernande@classicmodelcars.com,Sales Rep,Paris,+33 1 47 23 44 04,France,EMEA,Gerard Hernandez,Diego  Freyre,43 Rue Jouffroy Dabbans  75017,"C/ Moralzarzal, 86  28034"
24,36.74,2018-12-03,2018-12-09,2018-12-07,Shipped, I need all the information I can get on our competitors.,1938 Cadillac V-16 Presidential Limousine,Vintage Cars,1:24,Classic Metal Creations,2847,20.61,44.8,Euro+ Shopping Channel,+34 915 55 94 44,Madrid,Spain,227600,ghernande@classicmodelcars.com,Sales Rep,Paris,+33 1 47 23 44 04,France,EMEA,Gerard Hernandez,Diego  Freyre,43 Rue Jouffroy Dabbans  75017,"C/ Moralzarzal, 86  28034"
47,203.59,2018-12-05,2018-12-13,2018-12-08,Shipped,Can we renegotiate this one?,1952 Alpine Renault 1300,Classic Cars,1:10,Classic Metal Creations,7305,98.58,214.3,Canadian Gift Exchange Network,+1 604-555-3392,Vancouver,Canada,90300,gvanauf@classicmodelcars.com,Sales Rep,NYC,+1 212-555-3000,USA,,George Vanauf,Yoshi  Tamuri,523 East 53rd Street apt. 5A 10022,1900 Oak St.  V3F 2K1
28,109.34,2018-12-05,2018-12-13,2018-12-08,Shipped,Can we renegotiate this one?,1958 Setra Bus,Trucks and Buses,1:12,Welly Diecast Productions,1579,77.9,136.67,Canadian Gift Exchange Network,+1 604-555-3392,Vancouver,Canada,90300,gvanauf@classicmodelcars.com,Sales Rep,NYC,+1 212-555-3000,USA,,George Vanauf,Yoshi  Tamuri,523 East 53rd Street apt. 5A 10022,1900 Oak St.  V3F 2K1
34,115.5,2018-12-05,2018-12-13,2018-12-08,Shipped,Can we renegotiate this one?,1940 Ford Pickup Truck,Trucks and Buses,1:18,Studio M Art Models,2613,58.33,116.67,Canadian Gift Exchange Network,+1 604-555-3392,Vancouver,Canada,90300,gvanauf@classicmodelcars.com,Sales Rep,NYC,+1 212-555-3000,USA,,George Vanauf,Yoshi  Tamuri,523 East 53rd Street apt. 5A 10022,1900 Oak St.  V3F 2K1
37,98.27,2018-12-05,2018-12-13,2018-12-08,Shipped,Can we renegotiate this one?,1913 Ford Model T Speedster,Vintage Cars,1:18,Carousel DieCast Legends,4189,60.78,101.31,Canadian Gift Exchange Network,+1 604-555-3392,Vancouver,Canada,90300,gvanauf@classicmodelcars.com,Sales Rep,NYC,+1 212-555-3000,USA,,George Vanauf,Yoshi  Tamuri,523 East 53rd Street apt. 5A 10022,1900 Oak St.  V3F 2K1
28,51.84,2018-12-05,2018-12-13,2018-12-08,Shipped,Can we renegotiate this one?,1934 Ford V8 Coupe,Vintage Cars,1:18,Min Lin Diecast,5649,34.35,62.46,Canadian Gift Exchange Network,+1 604-555-3392,Vancouver,Canada,90300,gvanauf@classicmodelcars.com,Sales Rep,NYC,+1 212-555-3000,USA,,George Vanauf,Yoshi  Tamuri,523 East 53rd Street apt. 5A 10022,1900 Oak St.  V3F 2K1
30,102.63,2018-12-05,2018-12-13,2018-12-08,Shipped,Can we renegotiate this one?,18th Century Vintage Horse Carriage,Vintage Cars,1:18,Red Start Diecast,5992,60.74,104.72,Canadian Gift Exchange Network,+1 604-555-3392,Vancouver,Canada,90300,gvanauf@classicmodelcars.com,Sales Rep,NYC,+1 212-555-3000,USA,,George Vanauf,Yoshi  Tamuri,523 East 53rd Street apt. 5A 10022,1900 Oak St.  V3F 2K1
28,99.21,2018-12-05,2018-12-13,2018-12-08,Shipped,Can we renegotiate this one?,1917 Maxwell Touring Car,Vintage Cars,1:18,Exoto Designs,7913,57.54,99.21,Canadian Gift Exchange Network,+1 604-555-3392,Vancouver,Canada,90300,gvanauf@classicmodelcars.com,Sales Rep,NYC,+1 212-555-3000,USA,,George Vanauf,Yoshi  Tamuri,523 East 53rd Street apt. 5A 10022,1900 Oak St.  V3F 2K1
21,45.78,2018-12-05,2018-12-13,2018-12-08,Shipped,Can we renegotiate this one?,1939 Cadillac Limousine,Vintage Cars,1:18,Studio M Art Models,6645,23.14,50.31,Canadian Gift Exchange Network,+1 604-555-3392,Vancouver,Canada,90300,gvanauf@classicmodelcars.com,Sales Rep,NYC,+1 212-555-3000,USA,,George Vanauf,Yoshi  Tamuri,523 East 53rd Street apt. 5A 10022,1900 Oak St.  V3F 2K1
33,95.44,2018-12-05,2018-12-13,2018-12-08,Shipped,Can we renegotiate this one?,1936 Chrysler Airflow,Vintage Cars,1:24,Second Gear Diecast,4710,57.46,97.39,Canadian Gift Exchange Network,+1 604-555-3392,Vancouver,Canada,90300,gvanauf@classicmodelcars.com,Sales Rep,NYC,+1 212-555-3000,USA,,George Vanauf,Yoshi  Tamuri,523 East 53rd Street apt. 5A 10022,1900 Oak St.  V3F 2K1
36,54.94,2018-12-05,2018-12-13,2018-12-08,Shipped,Can we renegotiate this one?,1996 Peterbilt 379 Stake Bed with Outrigger,Trucks and Buses,1:32,Red Start Diecast,814,33.61,64.64,Canadian Gift Exchange Network,+1 604-555-3392,Vancouver,Canada,90300,gvanauf@classicmodelcars.com,Sales Rep,NYC,+1 212-555-3000,USA,,George Vanauf,Yoshi  Tamuri,523 East 53rd Street apt. 5A 10022,1900 Oak St.  V3F 2K1
33,89.01,2018-12-05,2018-12-13,2018-12-08,Shipped,Can we renegotiate this one?,1982 Camaro Z28,Classic Cars,1:18,Carousel DieCast Legends,6934,46.53,101.15,Canadian Gift Exchange Network,+1 604-555-3392,Vancouver,Canada,90300,gvanauf@classicmodelcars.com,Sales Rep,NYC,+1 212-555-3000,USA,,George Vanauf,Yoshi  Tamuri,523 East 53rd Street apt. 5A 10022,1900 Oak St.  V3F 2K1
31,125.58,2018-12-09,2018-12-17,2018-12-11,Shipped,Check on availability.,1962 LanciaA Delta 16V,Classic Cars,1:10,Second Gear Diecast,6791,103.42,147.74,Diecast Collectables,+1 617-555-2555,Boston,USA,85100,jfirrelli@classicmodelcars.com,Sales Rep,Boston,+1 215-837-0825,USA,,Julie Firrelli,Valarie Franco,1550 Court Place Suite 102 02107,6251 Ingle Ln.  51003
34,95.99,2018-12-09,2018-12-17,2018-12-11,Shipped,Check on availability.,1957 Chevy Pickup,Trucks and Buses,1:12,Exoto Designs,6125,55.7,118.5,Diecast Collectables,+1 617-555-2555,Boston,USA,85100,jfirrelli@classicmodelcars.com,Sales Rep,Boston,+1 215-837-0825,USA,,Julie Firrelli,Valarie Franco,1550 Court Place Suite 102 02107,6251 Ingle Ln.  51003
44,140.81,2018-12-09,2018-12-17,2018-12-11,Shipped,Check on availability.,1998 Chrysler Plymouth Prowler,Classic Cars,1:18,Gearbox Collectibles,4724,101.51,163.73,Diecast Collectables,+1 617-555-2555,Boston,USA,85100,jfirrelli@classicmodelcars.com,Sales Rep,Boston,+1 215-837-0825,USA,,Julie Firrelli,Valarie Franco,1550 Court Place Suite 102 02107,6251 Ingle Ln.  51003
43,109.23,2018-12-09,2018-12-17,2018-12-11,Shipped,Check on availability.,1964 Mercedes Tour Bus,Trucks and Buses,1:18,Unimax Art Galleries,8258,74.86,122.73,Diecast Collectables,+1 617-555-2555,Boston,USA,85100,jfirrelli@classicmodelcars.com,Sales Rep,Boston,+1 215-837-0825,USA,,Julie Firrelli,Valarie Franco,1550 Court Place Suite 102 02107,6251 Ingle Ln.  51003
37,60.77,2018-12-09,2018-12-17,2018-12-11,Shipped,Check on availability.,1926 Ford Fire Engine,Trucks and Buses,1:18,Carousel DieCast Legends,2019,24.92,60.77,Diecast Collectables,+1 617-555-2555,Boston,USA,85100,jfirrelli@classicmodelcars.com,Sales Rep,Boston,+1 215-837-0825,USA,,Julie Firrelli,Valarie Franco,1550 Court Place Suite 102 02107,6251 Ingle Ln.  51003
25,140.55,2018-12-09,2018-12-17,2018-12-11,Shipped,Check on availability.,1992 Ferrari 360 Spider red,Classic Cars,1:18,Unimax Art Galleries,8347,77.9,169.34,Diecast Collectables,+1 617-555-2555,Boston,USA,85100,jfirrelli@classicmodelcars.com,Sales Rep,Boston,+1 215-837-0825,USA,,Julie Firrelli,Valarie Franco,1550 Court Place Suite 102 02107,6251 Ingle Ln.  51003
40,143.62,2018-12-09,2018-12-17,2018-12-11,Shipped,Check on availability.,1970 Triumph Spitfire,Classic Cars,1:18,Min Lin Diecast,5545,91.92,143.62,Diecast Collectables,+1 617-555-2555,Boston,USA,85100,jfirrelli@classicmodelcars.com,Sales Rep,Boston,+1 215-837-0825,USA,,Julie Firrelli,Valarie Franco,1550 Court Place Suite 102 02107,6251 Ingle Ln.  51003
47,119.87,2018-12-09,2018-12-17,2018-12-11,Shipped,Check on availability.,1940s Ford truck,Trucks and Buses,1:18,Motor City Art Classics,3128,84.76,121.08,Diecast Collectables,+1 617-555-2555,Boston,USA,85100,jfirrelli@classicmodelcars.com,Sales Rep,Boston,+1 215-837-0825,USA,,Julie Firrelli,Valarie Franco,1550 Court Place Suite 102 02107,6251 Ingle Ln.  51003
49,57.8,2018-12-09,2018-12-17,2018-12-11,Shipped,Check on availability.,1970 Dodge Coronet,Classic Cars,1:24,Highway 66 Mini Classics,4074,32.37,57.8,Diecast Collectables,+1 617-555-2555,Boston,USA,85100,jfirrelli@classicmodelcars.com,Sales Rep,Boston,+1 215-837-0825,USA,,Julie Firrelli,Valarie Franco,1550 Court Place Suite 102 02107,6251 Ingle Ln.  51003
46,127.79,2018-12-09,2018-12-17,2018-12-11,Shipped,Check on availability.,1962 Volkswagen Microbus,Trucks and Buses,1:24,Autoart Studio Design,2327,61.34,127.79,Diecast Collectables,+1 617-555-2555,Boston,USA,85100,jfirrelli@classicmodelcars.com,Sales Rep,Boston,+1 215-837-0825,USA,,Julie Firrelli,Valarie Franco,1550 Court Place Suite 102 02107,6251 Ingle Ln.  51003
42,30.76,2018-12-09,2018-12-17,2018-12-11,Shipped,Check on availability.,1958 Chevy Corvette Limited Edition,Classic Cars,1:24,Carousel DieCast Legends,2542,15.91,35.36,Diecast Collectables,+1 617-555-2555,Boston,USA,85100,jfirrelli@classicmodelcars.com,Sales Rep,Boston,+1 215-837-0825,USA,,Julie Firrelli,Valarie Franco,1550 Court Place Suite 102 02107,6251 Ingle Ln.  51003
28,108.82,2018-12-09,2018-12-17,2018-12-11,Shipped,Check on availability.,1992 Porsche Cayenne Turbo Silver,Classic Cars,1:24,Exoto Designs,6582,69.78,118.28,Diecast Collectables,+1 617-555-2555,Boston,USA,85100,jfirrelli@classicmodelcars.com,Sales Rep,Boston,+1 215-837-0825,USA,,Julie Firrelli,Valarie Franco,1550 Court Place Suite 102 02107,6251 Ingle Ln.  51003
49,84.75,2018-12-09,2018-12-17,2018-12-11,Shipped,Check on availability.,1980’s GM Manhattan Express,Trucks and Buses,1:32,Motor City Art Classics,5099,53.93,96.31,Diecast Collectables,+1 617-555-2555,Boston,USA,85100,jfirrelli@classicmodelcars.com,Sales Rep,Boston,+1 215-837-0825,USA,,Julie Firrelli,Valarie Franco,1550 Court Place Suite 102 02107,6251 Ingle Ln.  51003
27,51.95,2018-12-09,2018-12-17,2018-12-11,Shipped,Check on availability.,1954 Greyhound Scenicruiser,Trucks and Buses,1:32,Classic Metal Creations,2874,25.98,54.11,Diecast Collectables,+1 617-555-2555,Boston,USA,85100,jfirrelli@classicmodelcars.com,Sales Rep,Boston,+1 215-837-0825,USA,,Julie Firrelli,Valarie Franco,1550 Court Place Suite 102 02107,6251 Ingle Ln.  51003
45,55.3,2018-12-09,2018-12-17,2018-12-11,Shipped,Check on availability.,1950s Chicago Surface Lines Streetcar,Trains,1:32,Gearbox Collectibles,8601,26.72,62.14,Diecast Collectables,+1 617-555-2555,Boston,USA,85100,jfirrelli@classicmodelcars.com,Sales Rep,Boston,+1 215-837-0825,USA,,Julie Firrelli,Valarie Franco,1550 Court Place Suite 102 02107,6251 Ingle Ln.  51003
28,106.49,2018-12-09,2018-12-17,2018-12-11,Shipped,Check on availability.,Diamond T620 Semi-Skirted Tanker,Trucks and Buses,1:50,Highway 66 Mini Classics,1016,68.29,115.75,Diecast Collectables,+1 617-555-2555,Boston,USA,85100,jfirrelli@classicmodelcars.com,Sales Rep,Boston,+1 215-837-0825,USA,,Julie Firrelli,Valarie Franco,1550 Court Place Suite 102 02107,6251 Ingle Ln.  51003
46,176.63,2019-01-02,2019-01-11,2019-01-04,Shipped,,2001 Ferrari Enzo,Classic Cars,1:12,Second Gear Diecast,3619,95.59,207.8,"Saveley & Henriot, Co.",,Lyon,France,123900,lbondur@classicmodelcars.com,Sales Rep,Paris,+33 1 47 23 44 04,France,EMEA,Loui Bondur,Mary  Saveley,43 Rue Jouffroy Dabbans  75017,"2, rue du Commerce  69004"
26,128.42,2019-01-02,2019-01-11,2019-01-04,Shipped,,1969 Corvair Monza,Classic Cars,1:18,Welly Diecast Productions,6906,89.14,151.08,"Saveley & Henriot, Co.",,Lyon,France,123900,lbondur@classicmodelcars.com,Sales Rep,Paris,+33 1 47 23 44 04,France,EMEA,Loui Bondur,Mary  Saveley,43 Rue Jouffroy Dabbans  75017,"2, rue du Commerce  69004"
20,152.26,2019-01-02,2019-01-11,2019-01-04,Shipped,,1969 Ford Falcon,Classic Cars,1:12,Second Gear Diecast,1049,83.05,173.02,"Saveley & Henriot, Co.",,Lyon,France,123900,lbondur@classicmodelcars.com,Sales Rep,Paris,+33 1 47 23 44 04,France,EMEA,Loui Bondur,Mary  Saveley,43 Rue Jouffroy Dabbans  75017,"2, rue du Commerce  69004"
24,117.47,2019-01-02,2019-01-11,2019-01-04,Shipped,,1903 Ford Model A,Vintage Cars,1:18,Unimax Art Galleries,3913,68.3,136.59,"Saveley & Henriot, Co.",,Lyon,France,123900,lbondur@classicmodelcars.com,Sales Rep,Paris,+33 1 47 23 44 04,France,EMEA,Loui Bondur,Mary  Saveley,43 Rue Jouffroy Dabbans  75017,"2, rue du Commerce  69004"
48,96.81,2019-01-02,2019-01-11,2019-01-04,Shipped,,Collectable Wooden Train,Trains,1:18,Carousel DieCast Legends,6450,67.56,100.84,"Saveley & Henriot, Co.",,Lyon,France,123900,lbondur@classicmodelcars.com,Sales Rep,Paris,+33 1 47 23 44 04,France,EMEA,Loui Bondur,Mary  Saveley,43 Rue Jouffroy Dabbans  75017,"2, rue du Commerce  69004"
45,72.85,2019-01-02,2019-01-11,2019-01-04,Shipped,,1904 Buick Runabout,Vintage Cars,1:18,Exoto Designs,8290,52.66,87.77,"Saveley & Henriot, Co.",,Lyon,France,123900,lbondur@classicmodelcars.com,Sales Rep,Paris,+33 1 47 23 44 04,France,EMEA,Loui Bondur,Mary  Saveley,43 Rue Jouffroy Dabbans  75017,"2, rue du Commerce  69004"
35,122.89,2019-01-02,2019-01-11,2019-01-04,Shipped,,18th century schooner,Ships,1:24,Carousel DieCast Legends,1898,82.34,122.89,"Saveley & Henriot, Co.",,Lyon,France,123900,lbondur@classicmodelcars.com,Sales Rep,Paris,+33 1 47 23 44 04,France,EMEA,Loui Bondur,Mary  Saveley,43 Rue Jouffroy Dabbans  75017,"2, rue du Commerce  69004"
20,80.54,2019-01-02,2019-01-11,2019-01-04,Shipped,,1912 Ford Model T Delivery Wagon,Vintage Cars,1:24,Min Lin Diecast,9173,46.91,88.51,"Saveley & Henriot, Co.",,Lyon,France,123900,lbondur@classicmodelcars.com,Sales Rep,Paris,+33 1 47 23 44 04,France,EMEA,Loui Bondur,Mary  Saveley,43 Rue Jouffroy Dabbans  75017,"2, rue du Commerce  69004"
30,57.99,2019-01-02,2019-01-11,2019-01-04,Shipped,,1962 City of Detroit Streetcar,Trains,1:50,Classic Metal Creations,1645,37.49,58.58,"Saveley & Henriot, Co.",,Lyon,France,123900,lbondur@classicmodelcars.com,Sales Rep,Paris,+33 1 47 23 44 04,France,EMEA,Loui Bondur,Mary  Saveley,43 Rue Jouffroy Dabbans  75017,"2, rue du Commerce  69004"
38,56.67,2019-01-02,2019-01-11,2019-01-04,Shipped,,The Schooner Bluenose,Ships,1:700,Autoart Studio Design,1897,34.0,66.67,"Saveley & Henriot, Co.",,Lyon,France,123900,lbondur@classicmodelcars.com,Sales Rep,Paris,+33 1 47 23 44 04,France,EMEA,Loui Bondur,Mary  Saveley,43 Rue Jouffroy Dabbans  75017,"2, rue du Commerce  69004"
40,73.62,2019-01-02,2019-01-11,2019-01-04,Shipped,,The Mayflower,Ships,1:700,Studio M Art Models,737,43.3,86.61,"Saveley & Henriot, Co.",,Lyon,France,123900,lbondur@classicmodelcars.com,Sales Rep,Paris,+33 1 47 23 44 04,France,EMEA,Loui Bondur,Mary  Saveley,43 Rue Jouffroy Dabbans  75017,"2, rue du Commerce  69004"
46,63.61,2019-01-02,2019-01-11,2019-01-04,Shipped,,The USS Constitution Ship,Ships,1:700,Red Start Diecast,7083,33.97,72.28,"Saveley & Henriot, Co.",,Lyon,France,123900,lbondur@classicmodelcars.com,Sales Rep,Paris,+33 1 47 23 44 04,France,EMEA,Loui Bondur,Mary  Saveley,43 Rue Jouffroy Dabbans  75017,"2, rue du Commerce  69004"
37,95.16,2019-01-02,2019-01-11,2019-01-04,Shipped,,The Titanic,Ships,1:700,Carousel DieCast Legends,1956,51.09,100.17,"Saveley & Henriot, Co.",,Lyon,France,123900,lbondur@classicmodelcars.com,Sales Rep,Paris,+33 1 47 23 44 04,France,EMEA,Loui Bondur,Mary  Saveley,43 Rue Jouffroy Dabbans  75017,"2, rue du Commerce  69004"
33,95.34,2019-01-02,2019-01-11,2019-01-04,Shipped,,The Queen Mary,Ships,1:700,Welly Diecast Productions,5088,53.63,99.31,"Saveley & Henriot, Co.",,Lyon,France,123900,lbondur@classicmodelcars.com,Sales Rep,Paris,+33 1 47 23 44 04,France,EMEA,Loui Bondur,Mary  Saveley,43 Rue Jouffroy Dabbans  75017,"2, rue du Commerce  69004"
42,48.05,2019-01-02,2019-01-11,2019-01-04,Shipped,,Pont Yacht,Ships,1:72,Unimax Art Galleries,414,33.3,54.6,"Saveley & Henriot, Co.",,Lyon,France,123900,lbondur@classicmodelcars.com,Sales Rep,Paris,+33 1 47 23 44 04,France,EMEA,Loui Bondur,Mary  Saveley,43 Rue Jouffroy Dabbans  75017,"2, rue du Commerce  69004"
39,129.2,2019-01-09,2019-01-15,2019-01-12,Shipped,,1972 Alfa Romeo GTA,Classic Cars,1:10,Motor City Art Classics,3252,85.68,136.0,"Men R US Retailers, Ltd.",+1 215-555-4369,Los Angeles,USA,57700,lthompson@classicmodelcars.com,Sales Rep,San Francisco,+1 650-219-4782,USA,,Leslie Thompson,Brian Chandler,100 Market Street Suite 300 94080,6047 Douglas Av.  91003
28,82.58,2019-01-09,2019-01-15,2019-01-12,Shipped,,1999 Yamaha Speed Boat,Ships,1:18,Min Lin Diecast,4259,51.61,86.02,"Men R US Retailers, Ltd.",+1 215-555-4369,Los Angeles,USA,57700,lthompson@classicmodelcars.com,Sales Rep,San Francisco,+1 650-219-4782,USA,,Leslie Thompson,Brian Chandler,100 Market Street Suite 300 94080,6047 Douglas Av.  91003
20,97.4,2019-01-09,2019-01-15,2019-01-12,Shipped,,1941 Chevrolet Special Deluxe Cabriolet,Vintage Cars,1:18,Exoto Designs,2378,64.58,105.87,"Men R US Retailers, Ltd.",+1 215-555-4369,Los Angeles,USA,57700,lthompson@classicmodelcars.com,Sales Rep,San Francisco,+1 650-219-4782,USA,,Leslie Thompson,Brian Chandler,100 Market Street Suite 300 94080,6047 Douglas Av.  91003
43,66.45,2019-01-09,2019-01-15,2019-01-12,Shipped,,1900s Vintage Bi-Plane,Planes,1:24,Autoart Studio Design,5942,34.25,68.51,"Men R US Retailers, Ltd.",+1 215-555-4369,Los Angeles,USA,57700,lthompson@classicmodelcars.com,Sales Rep,San Francisco,+1 650-219-4782,USA,,Leslie Thompson,Brian Chandler,100 Market Street Suite 300 94080,6047 Douglas Av.  91003
36,56.55,2019-01-09,2019-01-15,2019-01-12,Shipped,,1937 Horch 930V Limousine,Vintage Cars,1:24,Autoart Studio Design,2902,26.3,65.75,"Men R US Retailers, Ltd.",+1 215-555-4369,Los Angeles,USA,57700,lthompson@classicmodelcars.com,Sales Rep,San Francisco,+1 650-219-4782,USA,,Leslie Thompson,Brian Chandler,100 Market Street Suite 300 94080,6047 Douglas Av.  91003
22,79.67,2019-01-09,2019-01-15,2019-01-12,Shipped,,1940 Ford Delivery Sedan,Vintage Cars,1:24,Carousel DieCast Legends,6621,48.64,83.86,"Men R US Retailers, Ltd.",+1 215-555-4369,Los Angeles,USA,57700,lthompson@classicmodelcars.com,Sales Rep,San Francisco,+1 650-219-4782,USA,,Leslie Thompson,Brian Chandler,100 Market Street Suite 300 94080,6047 Douglas Av.  91003
33,90.52,2019-01-09,2019-01-15,2019-01-12,Shipped,,HMS Bounty,Ships,1:700,Unimax Art Galleries,3501,39.83,90.52,"Men R US Retailers, Ltd.",+1 215-555-4369,Los Angeles,USA,57700,lthompson@classicmodelcars.com,Sales Rep,San Francisco,+1 650-219-4782,USA,,Leslie Thompson,Brian Chandler,100 Market Street Suite 300 94080,6047 Douglas Av.  91003
48,44.2,2019-01-09,2019-01-15,2019-01-12,Shipped,,Boeing X-32A JSF,Planes,1:72,Motor City Art Classics,4857,32.77,49.66,"Men R US Retailers, Ltd.",+1 215-555-4369,Los Angeles,USA,57700,lthompson@classicmodelcars.com,Sales Rep,San Francisco,+1 650-219-4782,USA,,Leslie Thompson,Brian Chandler,100 Market Street Suite 300 94080,6047 Douglas Av.  91003
23,112.99,2019-01-12,2019-01-22,2019-01-20,Shipped,,1996 Moto Guzzi 1100i,Motorcycles,1:10,Highway 66 Mini Classics,6625,68.99,118.94,Osaka Souveniers Co.,+81 6-6342-5555,Kita-ku,Japan,81200,mnishi@classicmodelcars.com,Sales Rep,Tokyo,+81 3-3224-5000,Japan,Japan,Mami Nishi,Mory Kentary,4-1 Kioicho  102-8578,1-6-20 Dojima   530-0003
34,189.79,2019-01-12,2019-01-22,2019-01-20,Shipped,,2003 Harley-Davidson Eagle Drag Bike,Motorcycles,1:10,Red Start Diecast,5582,91.02,193.66,Osaka Souveniers Co.,+81 6-6342-5555,Kita-ku,Japan,81200,mnishi@classicmodelcars.com,Sales Rep,Tokyo,+81 3-3224-5000,Japan,Japan,Mami Nishi,Mory Kentary,4-1 Kioicho  102-8578,1-6-20 Dojima   530-0003
31,141.92,2019-01-12,2019-01-22,2019-01-20,Shipped,,1980s Black Hawk Helicopter,Planes,1:18,Red Start Diecast,5330,77.27,157.69,Osaka Souveniers Co.,+81 6-6342-5555,Kita-ku,Japan,81200,mnishi@classicmodelcars.com,Sales Rep,Tokyo,+81 3-3224-5000,Japan,Japan,Mami Nishi,Mory Kentary,4-1 Kioicho  102-8578,1-6-20 Dojima   530-0003
50,68.43,2019-01-12,2019-01-22,2019-01-20,Shipped,,P-51-D Mustang,Planes,1:72,Gearbox Collectibles,992,49.0,84.48,Osaka Souveniers Co.,+81 6-6342-5555,Kita-ku,Japan,81200,mnishi@classicmodelcars.com,Sales Rep,Tokyo,+81 3-3224-5000,Japan,Japan,Mami Nishi,Mory Kentary,4-1 Kioicho  102-8578,1-6-20 Dojima   530-0003
40,51.48,2019-01-12,2019-01-22,2019-01-20,Shipped,,1936 Harley Davidson El Knucklehead,Motorcycles,1:18,Welly Diecast Productions,4357,24.23,60.57,Osaka Souveniers Co.,+81 6-6342-5555,Kita-ku,Japan,81200,mnishi@classicmodelcars.com,Sales Rep,Tokyo,+81 3-3224-5000,Japan,Japan,Mami Nishi,Mory Kentary,4-1 Kioicho  102-8578,1-6-20 Dojima   530-0003
27,100.67,2019-01-12,2019-01-22,2019-01-20,Shipped,,1928 British Royal Navy Airplane,Planes,1:24,Classic Metal Creations,3627,66.74,109.42,Osaka Souveniers Co.,+81 6-6342-5555,Kita-ku,Japan,81200,mnishi@classicmodelcars.com,Sales Rep,Tokyo,+81 3-3224-5000,Japan,Japan,Mami Nishi,Mory Kentary,4-1 Kioicho  102-8578,1-6-20 Dojima   530-0003
30,63.22,2019-01-12,2019-01-22,2019-01-20,Shipped,,1960 BSA Gold Star DBD34,Motorcycles,1:24,Highway 66 Mini Classics,15,37.32,76.17,Osaka Souveniers Co.,+81 6-6342-5555,Kita-ku,Japan,81200,mnishi@classicmodelcars.com,Sales Rep,Tokyo,+81 3-3224-5000,Japan,Japan,Mami Nishi,Mory Kentary,4-1 Kioicho  102-8578,1-6-20 Dojima   530-0003
29,56.64,2019-01-12,2019-01-22,2019-01-20,Shipped,,Corsair F4U ( Bird Cage),Planes,1:24,Second Gear Diecast,6812,29.34,68.24,Osaka Souveniers Co.,+81 6-6342-5555,Kita-ku,Japan,81200,mnishi@classicmodelcars.com,Sales Rep,Tokyo,+81 3-3224-5000,Japan,Japan,Mami Nishi,Mory Kentary,4-1 Kioicho  102-8578,1-6-20 Dojima   530-0003
40,68.1,2019-01-12,2019-01-22,2019-01-20,Shipped,,1900s Vintage Tri-Plane,Planes,1:24,Unimax Art Galleries,2756,36.23,72.45,Osaka Souveniers Co.,+81 6-6342-5555,Kita-ku,Japan,81200,mnishi@classicmodelcars.com,Sales Rep,Tokyo,+81 3-3224-5000,Japan,Japan,Mami Nishi,Mory Kentary,4-1 Kioicho  102-8578,1-6-20 Dojima   530-0003
46,84.91,2019-01-12,2019-01-22,2019-01-20,Shipped,,1997 BMW F650 ST,Motorcycles,1:32,Exoto Designs,178,66.92,99.89,Osaka Souveniers Co.,+81 6-6342-5555,Kita-ku,Japan,81200,mnishi@classicmodelcars.com,Sales Rep,Tokyo,+81 3-3224-5000,Japan,Japan,Mami Nishi,Mory Kentary,4-1 Kioicho  102-8578,1-6-20 Dojima   530-0003
39,57.1,2019-01-12,2019-01-22,2019-01-20,Shipped,,1928 Ford Phaeton Deluxe,Vintage Cars,1:32,Highway 66 Mini Classics,136,33.02,68.79,Osaka Souveniers Co.,+81 6-6342-5555,Kita-ku,Japan,81200,mnishi@classicmodelcars.com,Sales Rep,Tokyo,+81 3-3224-5000,Japan,Japan,Mami Nishi,Mory Kentary,4-1 Kioicho  102-8578,1-6-20 Dojima   530-0003
43,43.2,2019-01-12,2019-01-22,2019-01-20,Shipped,,1930 Buick Marquette Phaeton,Vintage Cars,1:50,Studio M Art Models,7062,27.06,43.64,Osaka Souveniers Co.,+81 6-6342-5555,Kita-ku,Japan,81200,mnishi@classicmodelcars.com,Sales Rep,Tokyo,+81 3-3224-5000,Japan,Japan,Mami Nishi,Mory Kentary,4-1 Kioicho  102-8578,1-6-20 Dojima   530-0003
21,87.69,2019-01-12,2019-01-22,2019-01-20,Shipped,,American Airlines: B767-300,Planes,1:700,Min Lin Diecast,5841,51.15,91.34,Osaka Souveniers Co.,+81 6-6342-5555,Kita-ku,Japan,81200,mnishi@classicmodelcars.com,Sales Rep,Tokyo,+81 3-3224-5000,Japan,Japan,Mami Nishi,Mory Kentary,4-1 Kioicho  102-8578,1-6-20 Dojima   530-0003
26,93.74,2019-01-12,2019-01-22,2019-01-20,Shipped,,America West Airlines B757-200,Planes,1:700,Motor City Art Classics,9653,68.8,99.72,Osaka Souveniers Co.,+81 6-6342-5555,Kita-ku,Japan,81200,mnishi@classicmodelcars.com,Sales Rep,Tokyo,+81 3-3224-5000,Japan,Japan,Mami Nishi,Mory Kentary,4-1 Kioicho  102-8578,1-6-20 Dojima   530-0003
25,98.48,2019-01-12,2019-01-22,2019-01-20,Shipped,,ATA: B757-300,Planes,1:700,Highway 66 Mini Classics,7106,59.33,118.65,Osaka Souveniers Co.,+81 6-6342-5555,Kita-ku,Japan,81200,mnishi@classicmodelcars.com,Sales Rep,Tokyo,+81 3-3224-5000,Japan,Japan,Mami Nishi,Mory Kentary,4-1 Kioicho  102-8578,1-6-20 Dojima   530-0003
31,64.0,2019-01-12,2019-01-22,2019-01-20,Shipped,,F/A 18 Hornet 1/72,Planes,1:72,Motor City Art Classics,551,54.4,80.0,Osaka Souveniers Co.,+81 6-6342-5555,Kita-ku,Japan,81200,mnishi@classicmodelcars.com,Sales Rep,Tokyo,+81 3-3224-5000,Japan,Japan,Mami Nishi,Mory Kentary,4-1 Kioicho  102-8578,1-6-20 Dojima   530-0003
42,60.7,2019-01-12,2019-01-22,2019-01-20,Shipped,,American Airlines: MD-11S,Planes,1:700,Second Gear Diecast,8820,36.27,74.03,Osaka Souveniers Co.,+81 6-6342-5555,Kita-ku,Japan,81200,mnishi@classicmodelcars.com,Sales Rep,Tokyo,+81 3-3224-5000,Japan,Japan,Mami Nishi,Mory Kentary,4-1 Kioicho  102-8578,1-6-20 Dojima   530-0003
41,90.92,2019-01-15,2019-01-25,2019-01-18,Shipped,,1969 Harley Davidson Ultimate Chopper,Motorcycles,1:10,Min Lin Diecast,7933,48.81,95.7,Auto Canal+ Petit,+33 1 47 55 65 55,Paris,France,95000,lbondur@classicmodelcars.com,Sales Rep,Paris,+33 1 47 23 44 04,France,EMEA,Loui Bondur,Dominique Perrier,43 Rue Jouffroy Dabbans  75017,"25, rue Lauriston  75016"
41,171.22,2019-01-15,2019-01-25,2019-01-18,Shipped,,1968 Ford Mustang,Classic Cars,1:12,Autoart Studio Design,68,95.34,194.57,Auto Canal+ Petit,+33 1 47 55 65 55,Paris,France,95000,lbondur@classicmodelcars.com,Sales Rep,Paris,+33 1 47 23 44 04,France,EMEA,Loui Bondur,Dominique Perrier,43 Rue Jouffroy Dabbans  75017,"25, rue Lauriston  75016"
36,126.52,2019-01-15,2019-01-25,2019-01-18,Shipped,,2002 Suzuki XREO,Motorcycles,1:12,Unimax Art Galleries,9997,66.27,150.62,Auto Canal+ Petit,+33 1 47 55 65 55,Paris,France,95000,lbondur@classicmodelcars.com,Sales Rep,Paris,+33 1 47 23 44 04,France,EMEA,Loui Bondur,Dominique Perrier,43 Rue Jouffroy Dabbans  75017,"25, rue Lauriston  75016"
28,79.8,2019-01-15,2019-01-25,2019-01-18,Shipped,,1970 Plymouth Hemi Cuda,Classic Cars,1:12,Studio M Art Models,5663,31.92,79.8,Auto Canal+ Petit,+33 1 47 55 65 55,Paris,France,95000,lbondur@classicmodelcars.com,Sales Rep,Paris,+33 1 47 23 44 04,France,EMEA,Loui Bondur,Dominique Perrier,43 Rue Jouffroy Dabbans  75017,"25, rue Lauriston  75016"
35,73.17,2019-01-15,2019-01-25,2019-01-18,Shipped,,1969 Dodge Super Bee,Classic Cars,1:18,Min Lin Diecast,1917,49.05,80.41,Auto Canal+ Petit,+33 1 47 55 65 55,Paris,France,95000,lbondur@classicmodelcars.com,Sales Rep,Paris,+33 1 47 23 44 04,France,EMEA,Loui Bondur,Dominique Perrier,43 Rue Jouffroy Dabbans  75017,"25, rue Lauriston  75016"
28,138.17,2019-01-15,2019-01-25,2019-01-18,Shipped,,1976 Ford Gran Torino,Classic Cars,1:18,Gearbox Collectibles,9127,73.49,146.99,Auto Canal+ Petit,+33 1 47 55 65 55,Paris,France,95000,lbondur@classicmodelcars.com,Sales Rep,Paris,+33 1 47 23 44 04,France,EMEA,Loui Bondur,Dominique Perrier,43 Rue Jouffroy Dabbans  75017,"25, rue Lauriston  75016"
46,60.3,2019-01-15,2019-01-25,2019-01-18,Shipped,,1957 Vespa GS150,Motorcycles,1:18,Studio M Art Models,7689,32.95,62.17,Auto Canal+ Petit,+33 1 47 55 65 55,Paris,France,95000,lbondur@classicmodelcars.com,Sales Rep,Paris,+33 1 47 23 44 04,France,EMEA,Loui Bondur,Dominique Perrier,43 Rue Jouffroy Dabbans  75017,"25, rue Lauriston  75016"
41,148.8,2019-01-15,2019-01-25,2019-01-18,Shipped,,1957 Corvette Convertible,Classic Cars,1:18,Classic Metal Creations,1249,69.93,148.8,Auto Canal+ Petit,+33 1 47 55 65 55,Paris,France,95000,lbondur@classicmodelcars.com,Sales Rep,Paris,+33 1 47 23 44 04,France,EMEA,Loui Bondur,Dominique Perrier,43 Rue Jouffroy Dabbans  75017,"25, rue Lauriston  75016"
25,109.32,2019-01-15,2019-01-25,2019-01-18,Shipped,,1997 BMW R 1100 S,Motorcycles,1:24,Autoart Studio Design,7003,60.86,112.7,Auto Canal+ Petit,+33 1 47 55 65 55,Paris,France,95000,lbondur@classicmodelcars.com,Sales Rep,Paris,+33 1 47 23 44 04,France,EMEA,Loui Bondur,Dominique Perrier,43 Rue Jouffroy Dabbans  75017,"25, rue Lauriston  75016"
21,62.33,2019-01-15,2019-01-25,2019-01-18,Shipped,,1982 Ducati 900 Monster,Motorcycles,1:24,Highway 66 Mini Classics,6840,47.1,69.26,Auto Canal+ Petit,+33 1 47 55 65 55,Paris,France,95000,lbondur@classicmodelcars.com,Sales Rep,Paris,+33 1 47 23 44 04,France,EMEA,Loui Bondur,Dominique Perrier,43 Rue Jouffroy Dabbans  75017,"25, rue Lauriston  75016"
48,52.66,2019-01-15,2019-01-25,2019-01-18,Shipped,,1971 Alpine Renault 1600s,Classic Cars,1:24,Welly Diecast Productions,7995,38.58,61.23,Auto Canal+ Petit,+33 1 47 55 65 55,Paris,France,95000,lbondur@classicmodelcars.com,Sales Rep,Paris,+33 1 47 23 44 04,France,EMEA,Loui Bondur,Dominique Perrier,43 Rue Jouffroy Dabbans  75017,"25, rue Lauriston  75016"
22,80.84,2019-01-15,2019-01-25,2019-01-18,Shipped,,1961 Chevrolet Impala,Classic Cars,1:18,Classic Metal Creations,7869,32.33,80.84,Auto Canal+ Petit,+33 1 47 55 65 55,Paris,France,95000,lbondur@classicmodelcars.com,Sales Rep,Paris,+33 1 47 23 44 04,France,EMEA,Loui Bondur,Dominique Perrier,43 Rue Jouffroy Dabbans  75017,"25, rue Lauriston  75016"
41,39.83,2019-01-15,2019-01-25,2019-01-18,Shipped,,1982 Ducati 996 R,Motorcycles,1:32,Gearbox Collectibles,9241,24.14,40.23,Auto Canal+ Petit,+33 1 47 55 65 55,Paris,France,95000,lbondur@classicmodelcars.com,Sales Rep,Paris,+33 1 47 23 44 04,France,EMEA,Loui Bondur,Dominique Perrier,43 Rue Jouffroy Dabbans  75017,"25, rue Lauriston  75016"
37,94.91,2019-01-15,2019-01-25,2019-01-18,Shipped,,1974 Ducati 350 Mk3 Desmo,Motorcycles,1:32,Second Gear Diecast,3341,56.13,102.05,Auto Canal+ Petit,+33 1 47 55 65 55,Paris,France,95000,lbondur@classicmodelcars.com,Sales Rep,Paris,+33 1 47 23 44 04,France,EMEA,Loui Bondur,Dominique Perrier,43 Rue Jouffroy Dabbans  75017,"25, rue Lauriston  75016"
40,70.78,2019-01-15,2019-01-25,2019-01-18,Shipped,,2002 Yamaha YZR M1,Motorcycles,1:50,Autoart Studio Design,600,34.17,81.36,Auto Canal+ Petit,+33 1 47 55 65 55,Paris,France,95000,lbondur@classicmodelcars.com,Sales Rep,Paris,+33 1 47 23 44 04,France,EMEA,Loui Bondur,Dominique Perrier,43 Rue Jouffroy Dabbans  75017,"25, rue Lauriston  75016"
39,99.82,2019-01-16,2019-01-24,2019-01-18,Shipped,,1968 Dodge Charger,Classic Cars,1:12,Welly Diecast Productions,9123,75.16,117.44,Euro+ Shopping Channel,+34 915 55 94 44,Madrid,Spain,227600,ghernande@classicmodelcars.com,Sales Rep,Paris,+33 1 47 23 44 04,France,EMEA,Gerard Hernandez,Diego  Freyre,43 Rue Jouffroy Dabbans  75017,"C/ Moralzarzal, 86  28034"
33,110.55,2019-01-16,2019-01-24,2019-01-18,Shipped,,1969 Dodge Charger,Classic Cars,1:12,Welly Diecast Productions,7323,58.73,115.16,Euro+ Shopping Channel,+34 915 55 94 44,Madrid,Spain,227600,ghernande@classicmodelcars.com,Sales Rep,Paris,+33 1 47 23 44 04,France,EMEA,Gerard Hernandez,Diego  Freyre,43 Rue Jouffroy Dabbans  75017,"C/ Moralzarzal, 86  28034"
29,117.48,2019-01-16,2019-01-24,2019-01-18,Shipped,,1993 Mazda RX-7,Classic Cars,1:18,Highway 66 Mini Classics,3975,83.51,141.54,Euro+ Shopping Channel,+34 915 55 94 44,Madrid,Spain,227600,ghernande@classicmodelcars.com,Sales Rep,Paris,+33 1 47 23 44 04,France,EMEA,Gerard Hernandez,Diego  Freyre,43 Rue Jouffroy Dabbans  75017,"C/ Moralzarzal, 86  28034"
38,105.77,2019-01-16,2019-01-24,2019-01-18,Shipped,,1965 Aston Martin DB5,Classic Cars,1:18,Classic Metal Creations,9042,65.96,124.44,Euro+ Shopping Channel,+34 915 55 94 44,Madrid,Spain,227600,ghernande@classicmodelcars.com,Sales Rep,Paris,+33 1 47 23 44 04,France,EMEA,Gerard Hernandez,Diego  Freyre,43 Rue Jouffroy Dabbans  75017,"C/ Moralzarzal, 86  28034"
20,64.68,2019-01-16,2019-01-24,2019-01-18,Shipped,,1948 Porsche 356-A Roadster,Classic Cars,1:18,Gearbox Collectibles,8826,53.9,77.0,Euro+ Shopping Channel,+34 915 55 94 44,Madrid,Spain,227600,ghernande@classicmodelcars.com,Sales Rep,Paris,+33 1 47 23 44 04,France,EMEA,Gerard Hernandez,Diego  Freyre,43 Rue Jouffroy Dabbans  75017,"C/ Moralzarzal, 86  28034"
41,133.72,2019-01-16,2019-01-24,2019-01-18,Shipped,,1995 Honda Civic,Classic Cars,1:18,Min Lin Diecast,9772,93.89,142.25,Euro+ Shopping Channel,+34 915 55 94 44,Madrid,Spain,227600,ghernande@classicmodelcars.com,Sales Rep,Paris,+33 1 47 23 44 04,France,EMEA,Gerard Hernandez,Diego  Freyre,43 Rue Jouffroy Dabbans  75017,"C/ Moralzarzal, 86  28034"
40,117.48,2019-01-16,2019-01-24,2019-01-18,Shipped,,1999 Indy 500 Monte Carlo SS,Classic Cars,1:18,Red Start Diecast,8164,56.76,132.0,Euro+ Shopping Channel,+34 915 55 94 44,Madrid,Spain,227600,ghernande@classicmodelcars.com,Sales Rep,Paris,+33 1 47 23 44 04,France,EMEA,Gerard Hernandez,Diego  Freyre,43 Rue Jouffroy Dabbans  75017,"C/ Moralzarzal, 86  28034"
40,155.79,2019-01-16,2019-01-24,2019-01-18,Shipped,,1992 Ferrari 360 Spider red,Classic Cars,1:18,Unimax Art Galleries,8347,77.9,169.34,Euro+ Shopping Channel,+34 915 55 94 44,Madrid,Spain,227600,ghernande@classicmodelcars.com,Sales Rep,Paris,+33 1 47 23 44 04,France,EMEA,Gerard Hernandez,Diego  Freyre,43 Rue Jouffroy Dabbans  75017,"C/ Moralzarzal, 86  28034"
45,115.85,2019-01-16,2019-01-24,2019-01-18,Shipped,,1948 Porsche Type 356 Roadster,Classic Cars,1:18,Gearbox Collectibles,8990,62.16,141.28,Euro+ Shopping Channel,+34 915 55 94 44,Madrid,Spain,227600,ghernande@classicmodelcars.com,Sales Rep,Paris,+33 1 47 23 44 04,France,EMEA,Gerard Hernandez,Diego  Freyre,43 Rue Jouffroy Dabbans  75017,"C/ Moralzarzal, 86  28034"
41,61.73,2019-01-16,2019-01-24,2019-01-18,Shipped,,1970 Chevy Chevelle SS 454,Classic Cars,1:24,Unimax Art Galleries,1005,49.24,73.49,Euro+ Shopping Channel,+34 915 55 94 44,Madrid,Spain,227600,ghernande@classicmodelcars.com,Sales Rep,Paris,+33 1 47 23 44 04,France,EMEA,Gerard Hernandez,Diego  Freyre,43 Rue Jouffroy Dabbans  75017,"C/ Moralzarzal, 86  28034"
45,43.27,2019-01-16,2019-01-24,2019-01-18,Shipped,,1966 Shelby Cobra 427 S/C,Classic Cars,1:24,Carousel DieCast Legends,8197,29.18,50.31,Euro+ Shopping Channel,+34 915 55 94 44,Madrid,Spain,227600,ghernande@classicmodelcars.com,Sales Rep,Paris,+33 1 47 23 44 04,France,EMEA,Gerard Hernandez,Diego  Freyre,43 Rue Jouffroy Dabbans  75017,"C/ Moralzarzal, 86  28034"
45,81.78,2019-01-16,2019-01-24,2019-01-18,Shipped,,1949 Jaguar XK 120,Classic Cars,1:24,Classic Metal Creations,2350,47.25,90.87,Euro+ Shopping Channel,+34 915 55 94 44,Madrid,Spain,227600,ghernande@classicmodelcars.com,Sales Rep,Paris,+33 1 47 23 44 04,France,EMEA,Gerard Hernandez,Diego  Freyre,43 Rue Jouffroy Dabbans  75017,"C/ Moralzarzal, 86  28034"
34,37.38,2019-01-16,2019-01-24,2019-01-18,Shipped,,1982 Lamborghini Diablo,Classic Cars,1:24,Second Gear Diecast,7723,16.24,37.76,Euro+ Shopping Channel,+34 915 55 94 44,Madrid,Spain,227600,ghernande@classicmodelcars.com,Sales Rep,Paris,+33 1 47 23 44 04,France,EMEA,Gerard Hernandez,Diego  Freyre,43 Rue Jouffroy Dabbans  75017,"C/ Moralzarzal, 86  28034"
27,77.91,2019-01-16,2019-01-24,2019-01-18,Shipped,,1969 Chevrolet Camaro Z28,Classic Cars,1:24,Exoto Designs,4695,50.51,85.61,Euro+ Shopping Channel,+34 915 55 94 44,Madrid,Spain,227600,ghernande@classicmodelcars.com,Sales Rep,Paris,+33 1 47 23 44 04,France,EMEA,Gerard Hernandez,Diego  Freyre,43 Rue Jouffroy Dabbans  75017,"C/ Moralzarzal, 86  28034"
46,100.66,2019-01-16,2019-01-24,2019-01-18,Shipped,,2002 Chevy Corvette,Classic Cars,1:24,Gearbox Collectibles,9446,62.11,107.08,Euro+ Shopping Channel,+34 915 55 94 44,Madrid,Spain,227600,ghernande@classicmodelcars.com,Sales Rep,Paris,+33 1 47 23 44 04,France,EMEA,Gerard Hernandez,Diego  Freyre,43 Rue Jouffroy Dabbans  75017,"C/ Moralzarzal, 86  28034"
49,117.96,2019-01-16,2019-01-24,2019-01-18,Shipped,,1956 Porsche 356A Coupe,Classic Cars,1:18,Classic Metal Creations,6600,98.3,140.43,Euro+ Shopping Channel,+34 915 55 94 44,Madrid,Spain,227600,ghernande@classicmodelcars.com,Sales Rep,Paris,+33 1 47 23 44 04,France,EMEA,Gerard Hernandez,Diego  Freyre,43 Rue Jouffroy Dabbans  75017,"C/ Moralzarzal, 86  28034"
38,84.67,2019-01-22,2019-01-28,2019-01-27,Shipped,Difficult to negotiate with customer. We need more marketing materials,1932 Alfa Romeo 8C2300 Spider Sport,Vintage Cars,1:18,Exoto Designs,6553,43.26,92.03,"Double Decker Gift Stores, Ltd",,London,UK,43300,lbott@classicmodelcars.com,Sales Rep,London,+44 20 7877 2041,UK,EMEA,Larry Bott,Thomas  Smith,25 Old Broad Street Level 7 EC2N 1HN,120 Hanover Sq.  WA1 1DP
25,58.44,2019-01-22,2019-01-28,2019-01-27,Shipped,Difficult to negotiate with customer. We need more marketing materials,1957 Ford Thunderbird,Classic Cars,1:18,Studio M Art Models,3209,34.21,71.27,"Double Decker Gift Stores, Ltd",,London,UK,43300,lbott@classicmodelcars.com,Sales Rep,London,+44 20 7877 2041,UK,EMEA,Larry Bott,Thomas  Smith,25 Old Broad Street Level 7 EC2N 1HN,120 Hanover Sq.  WA1 1DP
27,97.48,2019-01-22,2019-01-28,2019-01-27,Shipped,Difficult to negotiate with customer. We need more marketing materials,1952 Citroen-15CV,Classic Cars,1:24,Exoto Designs,1452,72.82,117.44,"Double Decker Gift Stores, Ltd",,London,UK,43300,lbott@classicmodelcars.com,Sales Rep,London,+44 20 7877 2041,UK,EMEA,Larry Bott,Thomas  Smith,25 Old Broad Street Level 7 EC2N 1HN,120 Hanover Sq.  WA1 1DP
30,166.6,2019-01-26,2019-02-04,2019-01-29,Shipped,,1917 Grand Touring Sedan,Vintage Cars,1:18,Welly Diecast Productions,2724,86.7,170.0,"Corrida Auto Replicas, Ltd",+34 915 55 22 82,Madrid,Spain,104600,mgerard@classicmodelcars.com,Sales Rep,Paris,+33 1 47 23 44 04,France,EMEA,Martin Gerard,Martín  Sommer,43 Rue Jouffroy Dabbans  75017,"C/ Araquil, 67  28023"
21,53.28,2019-01-26,2019-02-04,2019-01-29,Shipped,,1911 Ford Town Car,Vintage Cars,1:18,Motor City Art Classics,540,33.3,60.54,"Corrida Auto Replicas, Ltd",+34 915 55 22 82,Madrid,Spain,104600,mgerard@classicmodelcars.com,Sales Rep,Paris,+33 1 47 23 44 04,France,EMEA,Martin Gerard,Martín  Sommer,43 Rue Jouffroy Dabbans  75017,"C/ Araquil, 67  28023"
27,125.86,2019-01-26,2019-02-04,2019-01-29,Shipped,,1932 Model A Ford J-Coupe,Vintage Cars,1:18,Autoart Studio Design,9354,58.48,127.13,"Corrida Auto Replicas, Ltd",+34 915 55 22 82,Madrid,Spain,104600,mgerard@classicmodelcars.com,Sales Rep,Paris,+33 1 47 23 44 04,France,EMEA,Martin Gerard,Martín  Sommer,43 Rue Jouffroy Dabbans  75017,"C/ Araquil, 67  28023"
50,167.06,2019-01-26,2019-02-04,2019-01-29,Shipped,,1928 Mercedes-Benz SSK,Vintage Cars,1:18,Gearbox Collectibles,548,72.56,168.75,"Corrida Auto Replicas, Ltd",+34 915 55 22 82,Madrid,Spain,104600,mgerard@classicmodelcars.com,Sales Rep,Paris,+33 1 47 23 44 04,France,EMEA,Martin Gerard,Martín  Sommer,43 Rue Jouffroy Dabbans  75017,"C/ Araquil, 67  28023"
20,32.19,2019-01-26,2019-02-04,2019-01-29,Shipped,,1939 Chevrolet Deluxe Coupe,Vintage Cars,1:24,Motor City Art Classics,7332,22.57,33.19,"Corrida Auto Replicas, Ltd",+34 915 55 22 82,Madrid,Spain,104600,mgerard@classicmodelcars.com,Sales Rep,Paris,+33 1 47 23 44 04,France,EMEA,Martin Gerard,Martín  Sommer,43 Rue Jouffroy Dabbans  75017,"C/ Araquil, 67  28023"
49,39.87,2019-01-26,2019-02-04,2019-01-29,Shipped,,1938 Cadillac V-16 Presidential Limousine,Vintage Cars,1:24,Classic Metal Creations,2847,20.61,44.8,"Corrida Auto Replicas, Ltd",+34 915 55 22 82,Madrid,Spain,104600,mgerard@classicmodelcars.com,Sales Rep,Paris,+33 1 47 23 44 04,France,EMEA,Martin Gerard,Martín  Sommer,43 Rue Jouffroy Dabbans  75017,"C/ Araquil, 67  28023"
44,38.57,2019-01-26,2019-02-04,2019-01-29,Shipped,,1936 Mercedes Benz 500k Roadster,Vintage Cars,1:24,Red Start Diecast,2081,21.75,41.03,"Corrida Auto Replicas, Ltd",+34 915 55 22 82,Madrid,Spain,104600,mgerard@classicmodelcars.com,Sales Rep,Paris,+33 1 47 23 44 04,France,EMEA,Martin Gerard,Martín  Sommer,43 Rue Jouffroy Dabbans  75017,"C/ Araquil, 67  28023"
35,205.73,2019-01-29,2019-02-08,2019-02-01,Shipped,Customer requested that FedEx Ground is used for this shipping,1952 Alpine Renault 1300,Classic Cars,1:10,Classic Metal Creations,7305,98.58,214.3,West Coast Collectables Co.,+1 310-555-3722,Burbank,USA,55400,lthompson@classicmodelcars.com,Sales Rep,San Francisco,+1 650-219-4782,USA,,Leslie Thompson,Steve Thompson,100 Market Street Suite 300 94080,3675 Furth Circle  94019
46,100.34,2019-01-29,2019-02-08,2019-02-01,Shipped,Customer requested that FedEx Ground is used for this shipping,1940 Ford Pickup Truck,Trucks and Buses,1:18,Studio M Art Models,2613,58.33,116.67,West Coast Collectables Co.,+1 310-555-3722,Burbank,USA,55400,lthompson@classicmodelcars.com,Sales Rep,San Francisco,+1 650-219-4782,USA,,Leslie Thompson,Steve Thompson,100 Market Street Suite 300 94080,3675 Furth Circle  94019
27,92.47,2019-01-29,2019-02-08,2019-02-01,Shipped,Customer requested that FedEx Ground is used for this shipping,1937 Lincoln Berline,Vintage Cars,1:18,Motor City Art Classics,8693,60.62,102.74,West Coast Collectables Co.,+1 310-555-3722,Burbank,USA,55400,lthompson@classicmodelcars.com,Sales Rep,San Francisco,+1 650-219-4782,USA,,Leslie Thompson,Steve Thompson,100 Market Street Suite 300 94080,3675 Furth Circle  94019
33,53.91,2019-01-29,2019-02-08,2019-02-01,Shipped,Customer requested that FedEx Ground is used for this shipping,1936 Mercedes-Benz 500K Special Roadster,Vintage Cars,1:18,Studio M Art Models,8635,24.26,53.91,West Coast Collectables Co.,+1 310-555-3722,Burbank,USA,55400,lthompson@classicmodelcars.com,Sales Rep,San Francisco,+1 650-219-4782,USA,,Leslie Thompson,Steve Thompson,100 Market Street Suite 300 94080,3675 Furth Circle  94019
49,97.26,2019-01-29,2019-02-08,2019-02-01,Shipped,Customer requested that FedEx Ground is used for this shipping,1913 Ford Model T Speedster,Vintage Cars,1:18,Carousel DieCast Legends,4189,60.78,101.31,West Coast Collectables Co.,+1 310-555-3722,Burbank,USA,55400,lthompson@classicmodelcars.com,Sales Rep,San Francisco,+1 650-219-4782,USA,,Leslie Thompson,Steve Thompson,100 Market Street Suite 300 94080,3675 Furth Circle  94019
31,56.21,2019-01-29,2019-02-08,2019-02-01,Shipped,Customer requested that FedEx Ground is used for this shipping,1934 Ford V8 Coupe,Vintage Cars,1:18,Min Lin Diecast,5649,34.35,62.46,West Coast Collectables Co.,+1 310-555-3722,Burbank,USA,55400,lthompson@classicmodelcars.com,Sales Rep,San Francisco,+1 650-219-4782,USA,,Leslie Thompson,Steve Thompson,100 Market Street Suite 300 94080,3675 Furth Circle  94019
49,89.01,2019-01-29,2019-02-08,2019-02-01,Shipped,Customer requested that FedEx Ground is used for this shipping,18th Century Vintage Horse Carriage,Vintage Cars,1:18,Red Start Diecast,5992,60.74,104.72,West Coast Collectables Co.,+1 310-555-3722,Burbank,USA,55400,lthompson@classicmodelcars.com,Sales Rep,San Francisco,+1 650-219-4782,USA,,Leslie Thompson,Steve Thompson,100 Market Street Suite 300 94080,3675 Furth Circle  94019
41,84.33,2019-01-29,2019-02-08,2019-02-01,Shipped,Customer requested that FedEx Ground is used for this shipping,1917 Maxwell Touring Car,Vintage Cars,1:18,Exoto Designs,7913,57.54,99.21,West Coast Collectables Co.,+1 310-555-3722,Burbank,USA,55400,lthompson@classicmodelcars.com,Sales Rep,San Francisco,+1 650-219-4782,USA,,Leslie Thompson,Steve Thompson,100 Market Street Suite 300 94080,3675 Furth Circle  94019
46,42.76,2019-01-29,2019-02-08,2019-02-01,Shipped,Customer requested that FedEx Ground is used for this shipping,1939 Cadillac Limousine,Vintage Cars,1:18,Studio M Art Models,6645,23.14,50.31,West Coast Collectables Co.,+1 310-555-3722,Burbank,USA,55400,lthompson@classicmodelcars.com,Sales Rep,San Francisco,+1 650-219-4782,USA,,Leslie Thompson,Steve Thompson,100 Market Street Suite 300 94080,3675 Furth Circle  94019
39,94.47,2019-01-29,2019-02-08,2019-02-01,Shipped,Customer requested that FedEx Ground is used for this shipping,1936 Chrysler Airflow,Vintage Cars,1:24,Second Gear Diecast,4710,57.46,97.39,West Coast Collectables Co.,+1 310-555-3722,Burbank,USA,55400,lthompson@classicmodelcars.com,Sales Rep,San Francisco,+1 650-219-4782,USA,,Leslie Thompson,Steve Thompson,100 Market Street Suite 300 94080,3675 Furth Circle  94019
43,133.94,2019-02-02,2019-02-10,2019-02-04,Shipped,,1958 Setra Bus,Trucks and Buses,1:12,Welly Diecast Productions,1579,77.9,136.67,Auto Associés & Cie.,,Versailles,France,77900,ghernande@classicmodelcars.com,Sales Rep,Paris,+33 1 47 23 44 04,France,EMEA,Gerard Hernandez,Daniel  Tonini,43 Rue Jouffroy Dabbans  75017,"67, avenue de lEurope  78000"
48,132.97,2019-02-04,2019-02-14,2019-02-06,Shipped,,1962 LanciaA Delta 16V,Classic Cars,1:10,Second Gear Diecast,6791,103.42,147.74,Handji Gifts& Co,,Singapore,Singapore,97900,pmarsh@classicmodelcars.com,Sales Rep,Sydney,+61 2 9264 2451,Australia,APAC,Peter Marsh,Wendy Victorino,5-11 Wentworth Avenue Floor #2 NSW 2010,106 Linden Road Sandown 2nd Floor 69045
35,58.34,2019-02-04,2019-02-14,2019-02-06,Shipped,,1926 Ford Fire Engine,Trucks and Buses,1:18,Carousel DieCast Legends,2019,24.92,60.77,Handji Gifts& Co,,Singapore,Singapore,97900,pmarsh@classicmodelcars.com,Sales Rep,Sydney,+61 2 9264 2451,Australia,APAC,Peter Marsh,Wendy Victorino,5-11 Wentworth Avenue Floor #2 NSW 2010,106 Linden Road Sandown 2nd Floor 69045
38,118.66,2019-02-04,2019-02-14,2019-02-06,Shipped,,1940s Ford truck,Trucks and Buses,1:18,Motor City Art Classics,3128,84.76,121.08,Handji Gifts& Co,,Singapore,Singapore,97900,pmarsh@classicmodelcars.com,Sales Rep,Sydney,+61 2 9264 2451,Australia,APAC,Peter Marsh,Wendy Victorino,5-11 Wentworth Avenue Floor #2 NSW 2010,106 Linden Road Sandown 2nd Floor 69045
28,103.51,2019-02-04,2019-02-14,2019-02-06,Shipped,,1962 Volkswagen Microbus,Trucks and Buses,1:24,Autoart Studio Design,2327,61.34,127.79,Handji Gifts& Co,,Singapore,Singapore,97900,pmarsh@classicmodelcars.com,Sales Rep,Sydney,+61 2 9264 2451,Australia,APAC,Peter Marsh,Wendy Victorino,5-11 Wentworth Avenue Floor #2 NSW 2010,106 Linden Road Sandown 2nd Floor 69045
21,78.97,2019-02-04,2019-02-14,2019-02-06,Shipped,,1980’s GM Manhattan Express,Trucks and Buses,1:32,Motor City Art Classics,5099,53.93,96.31,Handji Gifts& Co,,Singapore,Singapore,97900,pmarsh@classicmodelcars.com,Sales Rep,Sydney,+61 2 9264 2451,Australia,APAC,Peter Marsh,Wendy Victorino,5-11 Wentworth Avenue Floor #2 NSW 2010,106 Linden Road Sandown 2nd Floor 69045
39,56.24,2019-02-04,2019-02-14,2019-02-06,Shipped,,1996 Peterbilt 379 Stake Bed with Outrigger,Trucks and Buses,1:32,Red Start Diecast,814,33.61,64.64,Handji Gifts& Co,,Singapore,Singapore,97900,pmarsh@classicmodelcars.com,Sales Rep,Sydney,+61 2 9264 2451,Australia,APAC,Peter Marsh,Wendy Victorino,5-11 Wentworth Avenue Floor #2 NSW 2010,106 Linden Road Sandown 2nd Floor 69045
31,90.02,2019-02-04,2019-02-14,2019-02-06,Shipped,,1982 Camaro Z28,Classic Cars,1:18,Carousel DieCast Legends,6934,46.53,101.15,Handji Gifts& Co,,Singapore,Singapore,97900,pmarsh@classicmodelcars.com,Sales Rep,Sydney,+61 2 9264 2451,Australia,APAC,Peter Marsh,Wendy Victorino,5-11 Wentworth Avenue Floor #2 NSW 2010,106 Linden Road Sandown 2nd Floor 69045
22,110.46,2019-02-09,2019-02-16,2019-02-11,Shipped,"Customer requested that ad materials (such as posters, pamphlets) be included in the shippment",1964 Mercedes Tour Bus,Trucks and Buses,1:18,Unimax Art Galleries,8258,74.86,122.73,Frau da Collezione,+39 02 251 5555,Milan,Italy,34800,pcastillo@classicmodelcars.com,Sales Rep,Paris,+33 1 47 23 44 04,France,EMEA,Pamela Castillo,Franco Ricotti,43 Rue Jouffroy Dabbans  75017,20093 Cologno Monzese Alessandro Volta 16
34,152.41,2019-02-09,2019-02-16,2019-02-11,Shipped,"Customer requested that ad materials (such as posters, pamphlets) be included in the shippment",1992 Ferrari 360 Spider red,Classic Cars,1:18,Unimax Art Galleries,8347,77.9,169.34,Frau da Collezione,+39 02 251 5555,Milan,Italy,34800,pcastillo@classicmodelcars.com,Sales Rep,Paris,+33 1 47 23 44 04,France,EMEA,Pamela Castillo,Franco Ricotti,43 Rue Jouffroy Dabbans  75017,20093 Cologno Monzese Alessandro Volta 16
48,94.8,2019-02-10,2019-02-17,2019-02-12,Shipped,,1957 Chevy Pickup,Trucks and Buses,1:12,Exoto Designs,6125,55.7,118.5,Signal Collectibles Ltd.,+1 415-555-4312,Brisbane,USA,60300,ljennings@classicmodelcars.com,Sales Rep,San Francisco,+1 650-219-4782,USA,,Leslie Jennings,Sue Taylor,100 Market Street Suite 300 94080,2793 Furth Circle  94217
43,132.62,2019-02-10,2019-02-17,2019-02-12,Shipped,,1998 Chrysler Plymouth Prowler,Classic Cars,1:18,Gearbox Collectibles,4724,101.51,163.73,Signal Collectibles Ltd.,+1 415-555-4312,Brisbane,USA,60300,ljennings@classicmodelcars.com,Sales Rep,San Francisco,+1 650-219-4782,USA,,Leslie Jennings,Sue Taylor,100 Market Street Suite 300 94080,2793 Furth Circle  94217
21,31.12,2019-02-10,2019-02-17,2019-02-12,Shipped,,1958 Chevy Corvette Limited Edition,Classic Cars,1:24,Carousel DieCast Legends,2542,15.91,35.36,Signal Collectibles Ltd.,+1 415-555-4312,Brisbane,USA,60300,ljennings@classicmodelcars.com,Sales Rep,San Francisco,+1 650-219-4782,USA,,Leslie Jennings,Sue Taylor,100 Market Street Suite 300 94080,2793 Furth Circle  94217
35,47.62,2019-02-10,2019-02-17,2019-02-12,Shipped,,1954 Greyhound Scenicruiser,Trucks and Buses,1:32,Classic Metal Creations,2874,25.98,54.11,Signal Collectibles Ltd.,+1 415-555-4312,Brisbane,USA,60300,ljennings@classicmodelcars.com,Sales Rep,San Francisco,+1 650-219-4782,USA,,Leslie Jennings,Sue Taylor,100 Market Street Suite 300 94080,2793 Furth Circle  94217
32,189.1,2019-02-12,2019-02-19,2019-02-16,Shipped,,2001 Ferrari Enzo,Classic Cars,1:12,Second Gear Diecast,3619,95.59,207.8,"Clover Collections, Co.",+353 1 862 1555,Dublin,Ireland,69400,bjones@classicmodelcars.com,Sales Rep,London,+44 20 7877 2041,UK,EMEA,Barry Jones,Dean Cassidy,25 Old Broad Street Level 7 EC2N 1HN,25 Maiden Lane Floor No. 4 2
30,151.08,2019-02-12,2019-02-19,2019-02-16,Shipped,,1969 Corvair Monza,Classic Cars,1:18,Welly Diecast Productions,6906,89.14,151.08,"Clover Collections, Co.",+353 1 862 1555,Dublin,Ireland,69400,bjones@classicmodelcars.com,Sales Rep,London,+44 20 7877 2041,UK,EMEA,Barry Jones,Dean Cassidy,25 Old Broad Street Level 7 EC2N 1HN,25 Maiden Lane Floor No. 4 2
27,166.1,2019-02-12,2019-02-19,2019-02-16,Shipped,,1969 Ford Falcon,Classic Cars,1:12,Second Gear Diecast,1049,83.05,173.02,"Clover Collections, Co.",+353 1 862 1555,Dublin,Ireland,69400,bjones@classicmodelcars.com,Sales Rep,London,+44 20 7877 2041,UK,EMEA,Barry Jones,Dean Cassidy,25 Old Broad Street Level 7 EC2N 1HN,25 Maiden Lane Floor No. 4 2
50,126.39,2019-02-12,2019-02-19,2019-02-16,Shipped,,1970 Triumph Spitfire,Classic Cars,1:18,Min Lin Diecast,5545,91.92,143.62,"Clover Collections, Co.",+353 1 862 1555,Dublin,Ireland,69400,bjones@classicmodelcars.com,Sales Rep,London,+44 20 7877 2041,UK,EMEA,Barry Jones,Dean Cassidy,25 Old Broad Street Level 7 EC2N 1HN,25 Maiden Lane Floor No. 4 2
26,48.55,2019-02-12,2019-02-19,2019-02-16,Shipped,,1970 Dodge Coronet,Classic Cars,1:24,Highway 66 Mini Classics,4074,32.37,57.8,"Clover Collections, Co.",+353 1 862 1555,Dublin,Ireland,69400,bjones@classicmodelcars.com,Sales Rep,London,+44 20 7877 2041,UK,EMEA,Barry Jones,Dean Cassidy,25 Old Broad Street Level 7 EC2N 1HN,25 Maiden Lane Floor No. 4 2
37,101.72,2019-02-12,2019-02-19,2019-02-16,Shipped,,1992 Porsche Cayenne Turbo Silver,Classic Cars,1:24,Exoto Designs,6582,69.78,118.28,"Clover Collections, Co.",+353 1 862 1555,Dublin,Ireland,69400,bjones@classicmodelcars.com,Sales Rep,London,+44 20 7877 2041,UK,EMEA,Barry Jones,Dean Cassidy,25 Old Broad Street Level 7 EC2N 1HN,25 Maiden Lane Floor No. 4 2
20,49.71,2019-02-12,2019-02-19,2019-02-16,Shipped,,1950s Chicago Surface Lines Streetcar,Trains,1:32,Gearbox Collectibles,8601,26.72,62.14,"Clover Collections, Co.",+353 1 862 1555,Dublin,Ireland,69400,bjones@classicmodelcars.com,Sales Rep,London,+44 20 7877 2041,UK,EMEA,Barry Jones,Dean Cassidy,25 Old Broad Street Level 7 EC2N 1HN,25 Maiden Lane Floor No. 4 2
37,92.6,2019-02-12,2019-02-19,2019-02-16,Shipped,,Diamond T620 Semi-Skirted Tanker,Trucks and Buses,1:50,Highway 66 Mini Classics,1016,68.29,115.75,"Clover Collections, Co.",+353 1 862 1555,Dublin,Ireland,69400,bjones@classicmodelcars.com,Sales Rep,London,+44 20 7877 2041,UK,EMEA,Barry Jones,Dean Cassidy,25 Old Broad Street Level 7 EC2N 1HN,25 Maiden Lane Floor No. 4 2
30,56.82,2019-02-12,2019-02-19,2019-02-16,Shipped,,1962 City of Detroit Streetcar,Trains,1:50,Classic Metal Creations,1645,37.49,58.58,"Clover Collections, Co.",+353 1 862 1555,Dublin,Ireland,69400,bjones@classicmodelcars.com,Sales Rep,London,+44 20 7877 2041,UK,EMEA,Barry Jones,Dean Cassidy,25 Old Broad Street Level 7 EC2N 1HN,25 Maiden Lane Floor No. 4 2
33,133.86,2019-02-18,2019-02-26,2019-02-19,Shipped,,1903 Ford Model A,Vintage Cars,1:18,Unimax Art Galleries,3913,68.3,136.59,Petit Auto,,Bruxelles,Belgium,79900,pcastillo@classicmodelcars.com,Sales Rep,Paris,+33 1 47 23 44 04,France,EMEA,Pamela Castillo,Catherine  Dewey,43 Rue Jouffroy Dabbans  75017,Rue Joseph-Bens 532  B-1180
23,89.75,2019-02-18,2019-02-26,2019-02-19,Shipped,,Collectable Wooden Train,Trains,1:18,Carousel DieCast Legends,6450,67.56,100.84,Petit Auto,,Bruxelles,Belgium,79900,pcastillo@classicmodelcars.com,Sales Rep,Paris,+33 1 47 23 44 04,France,EMEA,Pamela Castillo,Catherine  Dewey,43 Rue Jouffroy Dabbans  75017,Rue Joseph-Bens 532  B-1180
39,84.26,2019-02-18,2019-02-26,2019-02-19,Shipped,,1904 Buick Runabout,Vintage Cars,1:18,Exoto Designs,8290,52.66,87.77,Petit Auto,,Bruxelles,Belgium,79900,pcastillo@classicmodelcars.com,Sales Rep,Paris,+33 1 47 23 44 04,France,EMEA,Pamela Castillo,Catherine  Dewey,43 Rue Jouffroy Dabbans  75017,Rue Joseph-Bens 532  B-1180
49,113.06,2019-02-18,2019-02-26,2019-02-19,Shipped,,18th century schooner,Ships,1:24,Carousel DieCast Legends,1898,82.34,122.89,Petit Auto,,Bruxelles,Belgium,79900,pcastillo@classicmodelcars.com,Sales Rep,Paris,+33 1 47 23 44 04,France,EMEA,Pamela Castillo,Catherine  Dewey,43 Rue Jouffroy Dabbans  75017,Rue Joseph-Bens 532  B-1180
23,69.29,2019-02-18,2019-02-26,2019-02-19,Shipped,,The Mayflower,Ships,1:700,Studio M Art Models,737,43.3,86.61,Petit Auto,,Bruxelles,Belgium,79900,pcastillo@classicmodelcars.com,Sales Rep,Paris,+33 1 47 23 44 04,France,EMEA,Pamela Castillo,Catherine  Dewey,43 Rue Jouffroy Dabbans  75017,Rue Joseph-Bens 532  B-1180
49,133.28,2019-02-19,2019-02-27,2019-02-20,Shipped,,1972 Alfa Romeo GTA,Classic Cars,1:10,Motor City Art Classics,3252,85.68,136.0,Collectable Mini Designs Co.,+1 760-555-8146,San Diego,USA,105000,lthompson@classicmodelcars.com,Sales Rep,San Francisco,+1 650-219-4782,USA,,Leslie Thompson,Valarie Thompson,100 Market Street Suite 300 94080,361 Furth Circle  91217
49,137.19,2019-02-19,2019-02-27,2019-02-20,Shipped,,1980s Black Hawk Helicopter,Planes,1:18,Red Start Diecast,5330,77.27,157.69,Collectable Mini Designs Co.,+1 760-555-8146,San Diego,USA,105000,lthompson@classicmodelcars.com,Sales Rep,San Francisco,+1 650-219-4782,USA,,Leslie Thompson,Valarie Thompson,100 Market Street Suite 300 94080,361 Furth Circle  91217
49,79.14,2019-02-19,2019-02-27,2019-02-20,Shipped,,1999 Yamaha Speed Boat,Ships,1:18,Min Lin Diecast,4259,51.61,86.02,Collectable Mini Designs Co.,+1 760-555-8146,San Diego,USA,105000,lthompson@classicmodelcars.com,Sales Rep,San Francisco,+1 650-219-4782,USA,,Leslie Thompson,Valarie Thompson,100 Market Street Suite 300 94080,361 Furth Circle  91217
45,88.93,2019-02-19,2019-02-27,2019-02-20,Shipped,,1941 Chevrolet Special Deluxe Cabriolet,Vintage Cars,1:18,Exoto Designs,2378,64.58,105.87,Collectable Mini Designs Co.,+1 760-555-8146,San Diego,USA,105000,lthompson@classicmodelcars.com,Sales Rep,San Francisco,+1 650-219-4782,USA,,Leslie Thompson,Valarie Thompson,100 Market Street Suite 300 94080,361 Furth Circle  91217
32,56.86,2019-02-19,2019-02-27,2019-02-20,Shipped,,1900s Vintage Bi-Plane,Planes,1:24,Autoart Studio Design,5942,34.25,68.51,Collectable Mini Designs Co.,+1 760-555-8146,San Diego,USA,105000,lthompson@classicmodelcars.com,Sales Rep,San Francisco,+1 650-219-4782,USA,,Leslie Thompson,Valarie Thompson,100 Market Street Suite 300 94080,361 Furth Circle  91217
47,74.35,2019-02-19,2019-02-27,2019-02-20,Shipped,,1912 Ford Model T Delivery Wagon,Vintage Cars,1:24,Min Lin Diecast,9173,46.91,88.51,Collectable Mini Designs Co.,+1 760-555-8146,San Diego,USA,105000,lthompson@classicmodelcars.com,Sales Rep,San Francisco,+1 650-219-4782,USA,,Leslie Thompson,Valarie Thompson,100 Market Street Suite 300 94080,361 Furth Circle  91217
43,61.15,2019-02-19,2019-02-27,2019-02-20,Shipped,,1937 Horch 930V Limousine,Vintage Cars,1:24,Autoart Studio Design,2902,26.3,65.75,Collectable Mini Designs Co.,+1 760-555-8146,San Diego,USA,105000,lthompson@classicmodelcars.com,Sales Rep,San Francisco,+1 650-219-4782,USA,,Leslie Thompson,Valarie Thompson,100 Market Street Suite 300 94080,361 Furth Circle  91217
46,77.99,2019-02-19,2019-02-27,2019-02-20,Shipped,,1940 Ford Delivery Sedan,Vintage Cars,1:24,Carousel DieCast Legends,6621,48.64,83.86,Collectable Mini Designs Co.,+1 760-555-8146,San Diego,USA,105000,lthompson@classicmodelcars.com,Sales Rep,San Francisco,+1 650-219-4782,USA,,Leslie Thompson,Valarie Thompson,100 Market Street Suite 300 94080,361 Furth Circle  91217
48,55.27,2019-02-19,2019-02-27,2019-02-20,Shipped,,Corsair F4U ( Bird Cage),Planes,1:24,Second Gear Diecast,6812,29.34,68.24,Collectable Mini Designs Co.,+1 760-555-8146,San Diego,USA,105000,lthompson@classicmodelcars.com,Sales Rep,San Francisco,+1 650-219-4782,USA,,Leslie Thompson,Valarie Thompson,100 Market Street Suite 300 94080,361 Furth Circle  91217
31,58.67,2019-02-19,2019-02-27,2019-02-20,Shipped,,The Schooner Bluenose,Ships,1:700,Autoart Studio Design,1897,34.0,66.67,Collectable Mini Designs Co.,+1 760-555-8146,San Diego,USA,105000,lthompson@classicmodelcars.com,Sales Rep,San Francisco,+1 650-219-4782,USA,,Leslie Thompson,Valarie Thompson,100 Market Street Suite 300 94080,361 Furth Circle  91217
26,80.56,2019-02-19,2019-02-27,2019-02-20,Shipped,,HMS Bounty,Ships,1:700,Unimax Art Galleries,3501,39.83,90.52,Collectable Mini Designs Co.,+1 760-555-8146,San Diego,USA,105000,lthompson@classicmodelcars.com,Sales Rep,San Francisco,+1 650-219-4782,USA,,Leslie Thompson,Valarie Thompson,100 Market Street Suite 300 94080,361 Furth Circle  91217
37,90.75,2019-02-19,2019-02-27,2019-02-20,Shipped,,America West Airlines B757-200,Planes,1:700,Motor City Art Classics,9653,68.8,99.72,Collectable Mini Designs Co.,+1 760-555-8146,San Diego,USA,105000,lthompson@classicmodelcars.com,Sales Rep,San Francisco,+1 650-219-4782,USA,,Leslie Thompson,Valarie Thompson,100 Market Street Suite 300 94080,361 Furth Circle  91217
36,69.39,2019-02-19,2019-02-27,2019-02-20,Shipped,,The USS Constitution Ship,Ships,1:700,Red Start Diecast,7083,33.97,72.28,Collectable Mini Designs Co.,+1 760-555-8146,San Diego,USA,105000,lthompson@classicmodelcars.com,Sales Rep,San Francisco,+1 650-219-4782,USA,,Leslie Thompson,Valarie Thompson,100 Market Street Suite 300 94080,361 Furth Circle  91217
38,84.14,2019-02-19,2019-02-27,2019-02-20,Shipped,,The Titanic,Ships,1:700,Carousel DieCast Legends,1956,51.09,100.17,Collectable Mini Designs Co.,+1 760-555-8146,San Diego,USA,105000,lthompson@classicmodelcars.com,Sales Rep,San Francisco,+1 650-219-4782,USA,,Leslie Thompson,Valarie Thompson,100 Market Street Suite 300 94080,361 Furth Circle  91217
31,81.43,2019-02-19,2019-02-27,2019-02-20,Shipped,,The Queen Mary,Ships,1:700,Welly Diecast Productions,5088,53.63,99.31,Collectable Mini Designs Co.,+1 760-555-8146,San Diego,USA,105000,lthompson@classicmodelcars.com,Sales Rep,San Francisco,+1 650-219-4782,USA,,Leslie Thompson,Valarie Thompson,100 Market Street Suite 300 94080,361 Furth Circle  91217
43,66.63,2019-02-19,2019-02-27,2019-02-20,Shipped,,American Airlines: MD-11S,Planes,1:700,Second Gear Diecast,8820,36.27,74.03,Collectable Mini Designs Co.,+1 760-555-8146,San Diego,USA,105000,lthompson@classicmodelcars.com,Sales Rep,San Francisco,+1 650-219-4782,USA,,Leslie Thompson,Valarie Thompson,100 Market Street Suite 300 94080,361 Furth Circle  91217
31,45.19,2019-02-19,2019-02-27,2019-02-20,Shipped,,Boeing X-32A JSF,Planes,1:72,Motor City Art Classics,4857,32.77,49.66,Collectable Mini Designs Co.,+1 760-555-8146,San Diego,USA,105000,lthompson@classicmodelcars.com,Sales Rep,San Francisco,+1 650-219-4782,USA,,Leslie Thompson,Valarie Thompson,100 Market Street Suite 300 94080,361 Furth Circle  91217
36,48.59,2019-02-19,2019-02-27,2019-02-20,Shipped,,Pont Yacht,Ships,1:72,Unimax Art Galleries,414,33.3,54.6,Collectable Mini Designs Co.,+1 760-555-8146,San Diego,USA,105000,lthompson@classicmodelcars.com,Sales Rep,San Francisco,+1 650-219-4782,USA,,Leslie Thompson,Valarie Thompson,100 Market Street Suite 300 94080,361 Furth Circle  91217
37,80.39,2019-02-20,,2019-02-24,Shipped,,1969 Harley Davidson Ultimate Chopper,Motorcycles,1:10,Min Lin Diecast,7933,48.81,95.7,"Australian Collectors, Co.",+61 3 9520 4555,Melbourne,Australia,117300,afixter@classicmodelcars.com,Sales Rep,Sydney,+61 2 9264 2451,Australia,APAC,Andy Fixter,Peter Ferguson,5-11 Wentworth Avenue Floor #2 NSW 2010,636 St Kilda Road Level 3 3004
47,110.61,2019-02-20,,2019-02-24,Shipped,,1996 Moto Guzzi 1100i,Motorcycles,1:10,Highway 66 Mini Classics,6625,68.99,118.94,"Australian Collectors, Co.",+61 3 9520 4555,Melbourne,Australia,117300,afixter@classicmodelcars.com,Sales Rep,Sydney,+61 2 9264 2451,Australia,APAC,Andy Fixter,Peter Ferguson,5-11 Wentworth Avenue Floor #2 NSW 2010,636 St Kilda Road Level 3 3004
49,189.79,2019-02-20,,2019-02-24,Shipped,,2003 Harley-Davidson Eagle Drag Bike,Motorcycles,1:10,Red Start Diecast,5582,91.02,193.66,"Australian Collectors, Co.",+61 3 9520 4555,Melbourne,Australia,117300,afixter@classicmodelcars.com,Sales Rep,Sydney,+61 2 9264 2451,Australia,APAC,Andy Fixter,Peter Ferguson,5-11 Wentworth Avenue Floor #2 NSW 2010,636 St Kilda Road Level 3 3004
47,67.58,2019-02-20,,2019-02-24,Shipped,,P-51-D Mustang,Planes,1:72,Gearbox Collectibles,992,49.0,84.48,"Australian Collectors, Co.",+61 3 9520 4555,Melbourne,Australia,117300,afixter@classicmodelcars.com,Sales Rep,Sydney,+61 2 9264 2451,Australia,APAC,Andy Fixter,Peter Ferguson,5-11 Wentworth Avenue Floor #2 NSW 2010,636 St Kilda Road Level 3 3004
28,58.75,2019-02-20,,2019-02-24,Shipped,,1936 Harley Davidson El Knucklehead,Motorcycles,1:18,Welly Diecast Productions,4357,24.23,60.57,"Australian Collectors, Co.",+61 3 9520 4555,Melbourne,Australia,117300,afixter@classicmodelcars.com,Sales Rep,Sydney,+61 2 9264 2451,Australia,APAC,Andy Fixter,Peter Ferguson,5-11 Wentworth Avenue Floor #2 NSW 2010,636 St Kilda Road Level 3 3004
32,104.81,2019-02-20,,2019-02-24,Shipped,,1997 BMW R 1100 S,Motorcycles,1:24,Autoart Studio Design,7003,60.86,112.7,"Australian Collectors, Co.",+61 3 9520 4555,Melbourne,Australia,117300,afixter@classicmodelcars.com,Sales Rep,Sydney,+61 2 9264 2451,Australia,APAC,Andy Fixter,Peter Ferguson,5-11 Wentworth Avenue Floor #2 NSW 2010,636 St Kilda Road Level 3 3004
34,87.54,2019-02-20,,2019-02-24,Shipped,,1928 British Royal Navy Airplane,Planes,1:24,Classic Metal Creations,3627,66.74,109.42,"Australian Collectors, Co.",+61 3 9520 4555,Melbourne,Australia,117300,afixter@classicmodelcars.com,Sales Rep,Sydney,+61 2 9264 2451,Australia,APAC,Andy Fixter,Peter Ferguson,5-11 Wentworth Avenue Floor #2 NSW 2010,636 St Kilda Road Level 3 3004
38,60.94,2019-02-20,,2019-02-24,Shipped,,1960 BSA Gold Star DBD34,Motorcycles,1:24,Highway 66 Mini Classics,15,37.32,76.17,"Australian Collectors, Co.",+61 3 9520 4555,Melbourne,Australia,117300,afixter@classicmodelcars.com,Sales Rep,Sydney,+61 2 9264 2451,Australia,APAC,Andy Fixter,Peter Ferguson,5-11 Wentworth Avenue Floor #2 NSW 2010,636 St Kilda Road Level 3 3004
23,68.1,2019-02-20,,2019-02-24,Shipped,,1900s Vintage Tri-Plane,Planes,1:24,Unimax Art Galleries,2756,36.23,72.45,"Australian Collectors, Co.",+61 3 9520 4555,Melbourne,Australia,117300,afixter@classicmodelcars.com,Sales Rep,Sydney,+61 2 9264 2451,Australia,APAC,Andy Fixter,Peter Ferguson,5-11 Wentworth Avenue Floor #2 NSW 2010,636 St Kilda Road Level 3 3004
21,90.9,2019-02-20,,2019-02-24,Shipped,,1997 BMW F650 ST,Motorcycles,1:32,Exoto Designs,178,66.92,99.89,"Australian Collectors, Co.",+61 3 9520 4555,Melbourne,Australia,117300,afixter@classicmodelcars.com,Sales Rep,Sydney,+61 2 9264 2451,Australia,APAC,Andy Fixter,Peter Ferguson,5-11 Wentworth Avenue Floor #2 NSW 2010,636 St Kilda Road Level 3 3004
20,66.73,2019-02-20,,2019-02-24,Shipped,,1928 Ford Phaeton Deluxe,Vintage Cars,1:32,Highway 66 Mini Classics,136,33.02,68.79,"Australian Collectors, Co.",+61 3 9520 4555,Melbourne,Australia,117300,afixter@classicmodelcars.com,Sales Rep,Sydney,+61 2 9264 2451,Australia,APAC,Andy Fixter,Peter Ferguson,5-11 Wentworth Avenue Floor #2 NSW 2010,636 St Kilda Road Level 3 3004
41,41.02,2019-02-20,,2019-02-24,Shipped,,1930 Buick Marquette Phaeton,Vintage Cars,1:50,Studio M Art Models,7062,27.06,43.64,"Australian Collectors, Co.",+61 3 9520 4555,Melbourne,Australia,117300,afixter@classicmodelcars.com,Sales Rep,Sydney,+61 2 9264 2451,Australia,APAC,Andy Fixter,Peter Ferguson,5-11 Wentworth Avenue Floor #2 NSW 2010,636 St Kilda Road Level 3 3004
25,84.03,2019-02-20,,2019-02-24,Shipped,,American Airlines: B767-300,Planes,1:700,Min Lin Diecast,5841,51.15,91.34,"Australian Collectors, Co.",+61 3 9520 4555,Melbourne,Australia,117300,afixter@classicmodelcars.com,Sales Rep,Sydney,+61 2 9264 2451,Australia,APAC,Andy Fixter,Peter Ferguson,5-11 Wentworth Avenue Floor #2 NSW 2010,636 St Kilda Road Level 3 3004
29,113.9,2019-02-20,,2019-02-24,Shipped,,ATA: B757-300,Planes,1:700,Highway 66 Mini Classics,7106,59.33,118.65,"Australian Collectors, Co.",+61 3 9520 4555,Melbourne,Australia,117300,afixter@classicmodelcars.com,Sales Rep,Sydney,+61 2 9264 2451,Australia,APAC,Andy Fixter,Peter Ferguson,5-11 Wentworth Avenue Floor #2 NSW 2010,636 St Kilda Road Level 3 3004
26,79.2,2019-02-20,,2019-02-24,Shipped,,F/A 18 Hornet 1/72,Planes,1:72,Motor City Art Classics,551,54.4,80.0,"Australian Collectors, Co.",+61 3 9520 4555,Melbourne,Australia,117300,afixter@classicmodelcars.com,Sales Rep,Sydney,+61 2 9264 2451,Australia,APAC,Andy Fixter,Peter Ferguson,5-11 Wentworth Avenue Floor #2 NSW 2010,636 St Kilda Road Level 3 3004
43,141.58,2019-02-21,2019-03-02,2019-02-26,Shipped,Customer has worked with some of our vendors in the past and is aware of their MSRP,2002 Suzuki XREO,Motorcycles,1:12,Unimax Art Galleries,9997,66.27,150.62,Daedalus Designs Imports,,Lille,France,82900,ghernande@classicmodelcars.com,Sales Rep,Paris,+33 1 47 23 44 04,France,EMEA,Gerard Hernandez,Martine  Rancé,43 Rue Jouffroy Dabbans  75017,"184, chaussée de Tournai  59000"
38,57.2,2019-02-21,2019-03-02,2019-02-26,Shipped,Customer has worked with some of our vendors in the past and is aware of their MSRP,1957 Vespa GS150,Motorcycles,1:18,Studio M Art Models,7689,32.95,62.17,Daedalus Designs Imports,,Lille,France,82900,ghernande@classicmodelcars.com,Sales Rep,Paris,+33 1 47 23 44 04,France,EMEA,Gerard Hernandez,Martine  Rancé,43 Rue Jouffroy Dabbans  75017,"184, chaussée de Tournai  59000"
37,60.26,2019-02-21,2019-03-02,2019-02-26,Shipped,Customer has worked with some of our vendors in the past and is aware of their MSRP,1982 Ducati 900 Monster,Motorcycles,1:24,Highway 66 Mini Classics,6840,47.1,69.26,Daedalus Designs Imports,,Lille,France,82900,ghernande@classicmodelcars.com,Sales Rep,Paris,+33 1 47 23 44 04,France,EMEA,Gerard Hernandez,Martine  Rancé,43 Rue Jouffroy Dabbans  75017,"184, chaussée de Tournai  59000"
43,37.01,2019-02-21,2019-03-02,2019-02-26,Shipped,Customer has worked with some of our vendors in the past and is aware of their MSRP,1982 Ducati 996 R,Motorcycles,1:32,Gearbox Collectibles,9241,24.14,40.23,Daedalus Designs Imports,,Lille,France,82900,ghernande@classicmodelcars.com,Sales Rep,Paris,+33 1 47 23 44 04,France,EMEA,Gerard Hernandez,Martine  Rancé,43 Rue Jouffroy Dabbans  75017,"184, chaussée de Tournai  59000"
30,94.91,2019-02-21,2019-03-02,2019-02-26,Shipped,Customer has worked with some of our vendors in the past and is aware of their MSRP,1974 Ducati 350 Mk3 Desmo,Motorcycles,1:32,Second Gear Diecast,3341,56.13,102.05,Daedalus Designs Imports,,Lille,France,82900,ghernande@classicmodelcars.com,Sales Rep,Paris,+33 1 47 23 44 04,France,EMEA,Gerard Hernandez,Martine  Rancé,43 Rue Jouffroy Dabbans  75017,"184, chaussée de Tournai  59000"
50,81.36,2019-02-21,2019-03-02,2019-02-26,Shipped,Customer has worked with some of our vendors in the past and is aware of their MSRP,2002 Yamaha YZR M1,Motorcycles,1:50,Autoart Studio Design,600,34.17,81.36,Daedalus Designs Imports,,Lille,France,82900,ghernande@classicmodelcars.com,Sales Rep,Paris,+33 1 47 23 44 04,France,EMEA,Gerard Hernandez,Martine  Rancé,43 Rue Jouffroy Dabbans  75017,"184, chaussée de Tournai  59000"
27,157.6,2019-02-22,2019-03-01,2019-02-24,Shipped,,1968 Ford Mustang,Classic Cars,1:12,Autoart Studio Design,68,95.34,194.57,"Vida Sport, Ltd",,Genève,Switzerland,141300,mgerard@classicmodelcars.com,Sales Rep,Paris,+33 1 47 23 44 04,France,EMEA,Martin Gerard,Mihael Holz,43 Rue Jouffroy Dabbans  75017,Grenzacherweg 237  1203
25,101.0,2019-02-22,2019-03-01,2019-02-24,Shipped,,1968 Dodge Charger,Classic Cars,1:12,Welly Diecast Productions,9123,75.16,117.44,"Vida Sport, Ltd",,Genève,Switzerland,141300,mgerard@classicmodelcars.com,Sales Rep,Paris,+33 1 47 23 44 04,France,EMEA,Martin Gerard,Mihael Holz,43 Rue Jouffroy Dabbans  75017,Grenzacherweg 237  1203
37,64.64,2019-02-22,2019-03-01,2019-02-24,Shipped,,1970 Plymouth Hemi Cuda,Classic Cars,1:12,Studio M Art Models,5663,31.92,79.8,"Vida Sport, Ltd",,Genève,Switzerland,141300,mgerard@classicmodelcars.com,Sales Rep,Paris,+33 1 47 23 44 04,France,EMEA,Martin Gerard,Mihael Holz,43 Rue Jouffroy Dabbans  75017,Grenzacherweg 237  1203
21,100.19,2019-02-22,2019-03-01,2019-02-24,Shipped,,1969 Dodge Charger,Classic Cars,1:12,Welly Diecast Productions,7323,58.73,115.16,"Vida Sport, Ltd",,Genève,Switzerland,141300,mgerard@classicmodelcars.com,Sales Rep,Paris,+33 1 47 23 44 04,France,EMEA,Martin Gerard,Mihael Holz,43 Rue Jouffroy Dabbans  75017,Grenzacherweg 237  1203
32,116.06,2019-02-22,2019-03-01,2019-02-24,Shipped,,1993 Mazda RX-7,Classic Cars,1:18,Highway 66 Mini Classics,3975,83.51,141.54,"Vida Sport, Ltd",,Genève,Switzerland,141300,mgerard@classicmodelcars.com,Sales Rep,Paris,+33 1 47 23 44 04,France,EMEA,Martin Gerard,Mihael Holz,43 Rue Jouffroy Dabbans  75017,Grenzacherweg 237  1203
47,71.61,2019-02-22,2019-03-01,2019-02-24,Shipped,,1948 Porsche 356-A Roadster,Classic Cars,1:18,Gearbox Collectibles,8826,53.9,77.0,"Vida Sport, Ltd",,Genève,Switzerland,141300,mgerard@classicmodelcars.com,Sales Rep,Paris,+33 1 47 23 44 04,France,EMEA,Martin Gerard,Mihael Holz,43 Rue Jouffroy Dabbans  75017,Grenzacherweg 237  1203
43,162.57,2019-02-22,2019-03-01,2019-02-24,Shipped,,1992 Ferrari 360 Spider red,Classic Cars,1:18,Unimax Art Galleries,8347,77.9,169.34,"Vida Sport, Ltd",,Genève,Switzerland,141300,mgerard@classicmodelcars.com,Sales Rep,Paris,+33 1 47 23 44 04,France,EMEA,Martin Gerard,Mihael Holz,43 Rue Jouffroy Dabbans  75017,Grenzacherweg 237  1203
37,69.96,2019-02-22,2019-03-01,2019-02-24,Shipped,,1969 Dodge Super Bee,Classic Cars,1:18,Min Lin Diecast,1917,49.05,80.41,"Vida Sport, Ltd",,Genève,Switzerland,141300,mgerard@classicmodelcars.com,Sales Rep,Paris,+33 1 47 23 44 04,France,EMEA,Martin Gerard,Mihael Holz,43 Rue Jouffroy Dabbans  75017,Grenzacherweg 237  1203
27,119.06,2019-02-22,2019-03-01,2019-02-24,Shipped,,1976 Ford Gran Torino,Classic Cars,1:18,Gearbox Collectibles,9127,73.49,146.99,"Vida Sport, Ltd",,Genève,Switzerland,141300,mgerard@classicmodelcars.com,Sales Rep,Paris,+33 1 47 23 44 04,France,EMEA,Martin Gerard,Mihael Holz,43 Rue Jouffroy Dabbans  75017,Grenzacherweg 237  1203
35,135.41,2019-02-22,2019-03-01,2019-02-24,Shipped,,1957 Corvette Convertible,Classic Cars,1:18,Classic Metal Creations,1249,69.93,148.8,"Vida Sport, Ltd",,Genève,Switzerland,141300,mgerard@classicmodelcars.com,Sales Rep,Paris,+33 1 47 23 44 04,France,EMEA,Martin Gerard,Mihael Holz,43 Rue Jouffroy Dabbans  75017,Grenzacherweg 237  1203
42,34.74,2019-02-22,2019-03-01,2019-02-24,Shipped,,1982 Lamborghini Diablo,Classic Cars,1:24,Second Gear Diecast,7723,16.24,37.76,"Vida Sport, Ltd",,Genève,Switzerland,141300,mgerard@classicmodelcars.com,Sales Rep,Paris,+33 1 47 23 44 04,France,EMEA,Martin Gerard,Mihael Holz,43 Rue Jouffroy Dabbans  75017,Grenzacherweg 237  1203
24,51.43,2019-02-22,2019-03-01,2019-02-24,Shipped,,1971 Alpine Renault 1600s,Classic Cars,1:24,Welly Diecast Productions,7995,38.58,61.23,"Vida Sport, Ltd",,Genève,Switzerland,141300,mgerard@classicmodelcars.com,Sales Rep,Paris,+33 1 47 23 44 04,France,EMEA,Martin Gerard,Mihael Holz,43 Rue Jouffroy Dabbans  75017,Grenzacherweg 237  1203
40,130.6,2019-02-22,2019-03-01,2019-02-24,Shipped,,1956 Porsche 356A Coupe,Classic Cars,1:18,Classic Metal Creations,6600,98.3,140.43,"Vida Sport, Ltd",,Genève,Switzerland,141300,mgerard@classicmodelcars.com,Sales Rep,Paris,+33 1 47 23 44 04,France,EMEA,Martin Gerard,Mihael Holz,43 Rue Jouffroy Dabbans  75017,Grenzacherweg 237  1203
46,77.61,2019-02-22,2019-03-01,2019-02-24,Shipped,,1961 Chevrolet Impala,Classic Cars,1:18,Classic Metal Creations,7869,32.33,80.84,"Vida Sport, Ltd",,Genève,Switzerland,141300,mgerard@classicmodelcars.com,Sales Rep,Paris,+33 1 47 23 44 04,France,EMEA,Martin Gerard,Mihael Holz,43 Rue Jouffroy Dabbans  75017,Grenzacherweg 237  1203
38,108.26,2019-02-26,2019-03-06,2019-03-02,Shipped,,1965 Aston Martin DB5,Classic Cars,1:18,Classic Metal Creations,9042,65.96,124.44,Collectable Mini Designs Co.,+1 760-555-8146,San Diego,USA,105000,lthompson@classicmodelcars.com,Sales Rep,San Francisco,+1 650-219-4782,USA,,Leslie Thompson,Valarie Thompson,100 Market Street Suite 300 94080,361 Furth Circle  91217
24,129.45,2019-02-26,2019-03-06,2019-03-02,Shipped,,1995 Honda Civic,Classic Cars,1:18,Min Lin Diecast,9772,93.89,142.25,Collectable Mini Designs Co.,+1 760-555-8146,San Diego,USA,105000,lthompson@classicmodelcars.com,Sales Rep,San Francisco,+1 650-219-4782,USA,,Leslie Thompson,Valarie Thompson,100 Market Street Suite 300 94080,361 Furth Circle  91217
24,125.4,2019-02-26,2019-03-06,2019-03-02,Shipped,,1999 Indy 500 Monte Carlo SS,Classic Cars,1:18,Red Start Diecast,8164,56.76,132.0,Collectable Mini Designs Co.,+1 760-555-8146,San Diego,USA,105000,lthompson@classicmodelcars.com,Sales Rep,San Francisco,+1 650-219-4782,USA,,Leslie Thompson,Valarie Thompson,100 Market Street Suite 300 94080,361 Furth Circle  91217
46,122.91,2019-02-26,2019-03-06,2019-03-02,Shipped,,1948 Porsche Type 356 Roadster,Classic Cars,1:18,Gearbox Collectibles,8990,62.16,141.28,Collectable Mini Designs Co.,+1 760-555-8146,San Diego,USA,105000,lthompson@classicmodelcars.com,Sales Rep,San Francisco,+1 650-219-4782,USA,,Leslie Thompson,Valarie Thompson,100 Market Street Suite 300 94080,361 Furth Circle  91217
21,65.41,2019-02-26,2019-03-06,2019-03-02,Shipped,,1970 Chevy Chevelle SS 454,Classic Cars,1:24,Unimax Art Galleries,1005,49.24,73.49,Collectable Mini Designs Co.,+1 760-555-8146,San Diego,USA,105000,lthompson@classicmodelcars.com,Sales Rep,San Francisco,+1 650-219-4782,USA,,Leslie Thompson,Valarie Thompson,100 Market Street Suite 300 94080,361 Furth Circle  91217
36,47.79,2019-02-26,2019-03-06,2019-03-02,Shipped,,1966 Shelby Cobra 427 S/C,Classic Cars,1:24,Carousel DieCast Legends,8197,29.18,50.31,Collectable Mini Designs Co.,+1 760-555-8146,San Diego,USA,105000,lthompson@classicmodelcars.com,Sales Rep,San Francisco,+1 650-219-4782,USA,,Leslie Thompson,Valarie Thompson,100 Market Street Suite 300 94080,361 Furth Circle  91217
48,95.3,2019-02-26,2019-03-06,2019-03-02,Shipped,,2002 Chevy Corvette,Classic Cars,1:24,Gearbox Collectibles,9446,62.11,107.08,Collectable Mini Designs Co.,+1 760-555-8146,San Diego,USA,105000,lthompson@classicmodelcars.com,Sales Rep,San Francisco,+1 650-219-4782,USA,,Leslie Thompson,Valarie Thompson,100 Market Street Suite 300 94080,361 Furth Circle  91217
25,85.27,2019-03-02,2019-03-12,2019-03-08,Shipped,,1937 Lincoln Berline,Vintage Cars,1:18,Motor City Art Classics,8693,60.62,102.74,"Saveley & Henriot, Co.",,Lyon,France,123900,lbondur@classicmodelcars.com,Sales Rep,Paris,+33 1 47 23 44 04,France,EMEA,Loui Bondur,Mary  Saveley,43 Rue Jouffroy Dabbans  75017,"2, rue du Commerce  69004"
31,50.14,2019-03-02,2019-03-12,2019-03-08,Shipped,,1936 Mercedes-Benz 500K Special Roadster,Vintage Cars,1:18,Studio M Art Models,8635,24.26,53.91,"Saveley & Henriot, Co.",,Lyon,France,123900,lbondur@classicmodelcars.com,Sales Rep,Paris,+33 1 47 23 44 04,France,EMEA,Loui Bondur,Mary  Saveley,43 Rue Jouffroy Dabbans  75017,"2, rue du Commerce  69004"
26,136.0,2019-03-02,2019-03-12,2019-03-08,Shipped,,1917 Grand Touring Sedan,Vintage Cars,1:18,Welly Diecast Productions,2724,86.7,170.0,"Saveley & Henriot, Co.",,Lyon,France,123900,lbondur@classicmodelcars.com,Sales Rep,Paris,+33 1 47 23 44 04,France,EMEA,Loui Bondur,Mary  Saveley,43 Rue Jouffroy Dabbans  75017,"2, rue du Commerce  69004"
28,59.93,2019-03-02,2019-03-12,2019-03-08,Shipped,,1911 Ford Town Car,Vintage Cars,1:18,Motor City Art Classics,540,33.3,60.54,"Saveley & Henriot, Co.",,Lyon,France,123900,lbondur@classicmodelcars.com,Sales Rep,Paris,+33 1 47 23 44 04,France,EMEA,Loui Bondur,Mary  Saveley,43 Rue Jouffroy Dabbans  75017,"2, rue du Commerce  69004"
46,118.23,2019-03-02,2019-03-12,2019-03-08,Shipped,,1932 Model A Ford J-Coupe,Vintage Cars,1:18,Autoart Studio Design,9354,58.48,127.13,"Saveley & Henriot, Co.",,Lyon,France,123900,lbondur@classicmodelcars.com,Sales Rep,Paris,+33 1 47 23 44 04,France,EMEA,Loui Bondur,Mary  Saveley,43 Rue Jouffroy Dabbans  75017,"2, rue du Commerce  69004"
29,146.81,2019-03-02,2019-03-12,2019-03-08,Shipped,,1928 Mercedes-Benz SSK,Vintage Cars,1:18,Gearbox Collectibles,548,72.56,168.75,"Saveley & Henriot, Co.",,Lyon,France,123900,lbondur@classicmodelcars.com,Sales Rep,Paris,+33 1 47 23 44 04,France,EMEA,Loui Bondur,Mary  Saveley,43 Rue Jouffroy Dabbans  75017,"2, rue du Commerce  69004"
33,99.21,2019-03-02,2019-03-12,2019-03-08,Shipped,,1917 Maxwell Touring Car,Vintage Cars,1:18,Exoto Designs,7913,57.54,99.21,"Saveley & Henriot, Co.",,Lyon,France,123900,lbondur@classicmodelcars.com,Sales Rep,Paris,+33 1 47 23 44 04,France,EMEA,Loui Bondur,Mary  Saveley,43 Rue Jouffroy Dabbans  75017,"2, rue du Commerce  69004"
34,87.43,2019-03-02,2019-03-12,2019-03-08,Shipped,,1932 Alfa Romeo 8C2300 Spider Sport,Vintage Cars,1:18,Exoto Designs,6553,43.26,92.03,"Saveley & Henriot, Co.",,Lyon,France,123900,lbondur@classicmodelcars.com,Sales Rep,Paris,+33 1 47 23 44 04,France,EMEA,Loui Bondur,Mary  Saveley,43 Rue Jouffroy Dabbans  75017,"2, rue du Commerce  69004"
37,70.56,2019-03-02,2019-03-12,2019-03-08,Shipped,,1957 Ford Thunderbird,Classic Cars,1:18,Studio M Art Models,3209,34.21,71.27,"Saveley & Henriot, Co.",,Lyon,France,123900,lbondur@classicmodelcars.com,Sales Rep,Paris,+33 1 47 23 44 04,France,EMEA,Loui Bondur,Mary  Saveley,43 Rue Jouffroy Dabbans  75017,"2, rue du Commerce  69004"
42,27.22,2019-03-02,2019-03-12,2019-03-08,Shipped,,1939 Chevrolet Deluxe Coupe,Vintage Cars,1:24,Motor City Art Classics,7332,22.57,33.19,"Saveley & Henriot, Co.",,Lyon,France,123900,lbondur@classicmodelcars.com,Sales Rep,Paris,+33 1 47 23 44 04,France,EMEA,Loui Bondur,Mary  Saveley,43 Rue Jouffroy Dabbans  75017,"2, rue du Commerce  69004"
24,39.42,2019-03-02,2019-03-12,2019-03-08,Shipped,,1938 Cadillac V-16 Presidential Limousine,Vintage Cars,1:24,Classic Metal Creations,2847,20.61,44.8,"Saveley & Henriot, Co.",,Lyon,France,123900,lbondur@classicmodelcars.com,Sales Rep,Paris,+33 1 47 23 44 04,France,EMEA,Loui Bondur,Mary  Saveley,43 Rue Jouffroy Dabbans  75017,"2, rue du Commerce  69004"
47,84.51,2019-03-02,2019-03-12,2019-03-08,Shipped,,1949 Jaguar XK 120,Classic Cars,1:24,Classic Metal Creations,2350,47.25,90.87,"Saveley & Henriot, Co.",,Lyon,France,123900,lbondur@classicmodelcars.com,Sales Rep,Paris,+33 1 47 23 44 04,France,EMEA,Loui Bondur,Mary  Saveley,43 Rue Jouffroy Dabbans  75017,"2, rue du Commerce  69004"
33,102.17,2019-03-02,2019-03-12,2019-03-08,Shipped,,1952 Citroen-15CV,Classic Cars,1:24,Exoto Designs,1452,72.82,117.44,"Saveley & Henriot, Co.",,Lyon,France,123900,lbondur@classicmodelcars.com,Sales Rep,Paris,+33 1 47 23 44 04,France,EMEA,Loui Bondur,Mary  Saveley,43 Rue Jouffroy Dabbans  75017,"2, rue du Commerce  69004"
40,78.76,2019-03-02,2019-03-12,2019-03-08,Shipped,,1969 Chevrolet Camaro Z28,Classic Cars,1:24,Exoto Designs,4695,50.51,85.61,"Saveley & Henriot, Co.",,Lyon,France,123900,lbondur@classicmodelcars.com,Sales Rep,Paris,+33 1 47 23 44 04,France,EMEA,Loui Bondur,Mary  Saveley,43 Rue Jouffroy Dabbans  75017,"2, rue du Commerce  69004"
27,34.88,2019-03-02,2019-03-12,2019-03-08,Shipped,,1936 Mercedes Benz 500k Roadster,Vintage Cars,1:24,Red Start Diecast,2081,21.75,41.03,"Saveley & Henriot, Co.",,Lyon,France,123900,lbondur@classicmodelcars.com,Sales Rep,Paris,+33 1 47 23 44 04,France,EMEA,Loui Bondur,Mary  Saveley,43 Rue Jouffroy Dabbans  75017,"2, rue du Commerce  69004"
29,214.3,2019-03-10,2019-03-18,2019-03-13,Shipped,,1952 Alpine Renault 1300,Classic Cars,1:10,Classic Metal Creations,7305,98.58,214.3,Cambridge Collectables Co.,+1 617-555-5555,Cambridge,USA,43400,jfirrelli@classicmodelcars.com,Sales Rep,Boston,+1 215-837-0825,USA,,Julie Firrelli,Jerry Tseng,1550 Court Place Suite 102 02107,4658 Baden Av.  51247
32,100.34,2019-03-10,2019-03-18,2019-03-13,Shipped,,1940 Ford Pickup Truck,Trucks and Buses,1:18,Studio M Art Models,2613,58.33,116.67,Cambridge Collectables Co.,+1 617-555-5555,Cambridge,USA,43400,jfirrelli@classicmodelcars.com,Sales Rep,Boston,+1 215-837-0825,USA,,Julie Firrelli,Jerry Tseng,1550 Court Place Suite 102 02107,4658 Baden Av.  51247
24,101.31,2019-03-10,2019-03-18,2019-03-13,Shipped,,1913 Ford Model T Speedster,Vintage Cars,1:18,Carousel DieCast Legends,4189,60.78,101.31,Cambridge Collectables Co.,+1 617-555-5555,Cambridge,USA,43400,jfirrelli@classicmodelcars.com,Sales Rep,Boston,+1 215-837-0825,USA,,Julie Firrelli,Jerry Tseng,1550 Court Place Suite 102 02107,4658 Baden Av.  51247
45,57.46,2019-03-10,2019-03-18,2019-03-13,Shipped,,1934 Ford V8 Coupe,Vintage Cars,1:18,Min Lin Diecast,5649,34.35,62.46,Cambridge Collectables Co.,+1 617-555-5555,Cambridge,USA,43400,jfirrelli@classicmodelcars.com,Sales Rep,Boston,+1 215-837-0825,USA,,Julie Firrelli,Jerry Tseng,1550 Court Place Suite 102 02107,4658 Baden Av.  51247
31,100.53,2019-03-10,2019-03-18,2019-03-13,Shipped,,18th Century Vintage Horse Carriage,Vintage Cars,1:18,Red Start Diecast,5992,60.74,104.72,Cambridge Collectables Co.,+1 617-555-5555,Cambridge,USA,43400,jfirrelli@classicmodelcars.com,Sales Rep,Boston,+1 215-837-0825,USA,,Julie Firrelli,Jerry Tseng,1550 Court Place Suite 102 02107,4658 Baden Av.  51247
33,84.73,2019-03-10,2019-03-18,2019-03-13,Shipped,,1936 Chrysler Airflow,Vintage Cars,1:24,Second Gear Diecast,4710,57.46,97.39,Cambridge Collectables Co.,+1 617-555-5555,Cambridge,USA,43400,jfirrelli@classicmodelcars.com,Sales Rep,Boston,+1 215-837-0825,USA,,Julie Firrelli,Jerry Tseng,1550 Court Place Suite 102 02107,4658 Baden Av.  51247
50,138.88,2019-03-11,2019-03-20,2019-03-12,Shipped,,1962 LanciaA Delta 16V,Classic Cars,1:10,Second Gear Diecast,6791,103.42,147.74,Mini Gifts Distributors Ltd.,+1 415-555-1450,San Rafael,USA,210500,ljennings@classicmodelcars.com,Sales Rep,San Francisco,+1 650-219-4782,USA,,Leslie Jennings,Susan Nelson,100 Market Street Suite 300 94080,5677 Strong St.  97562
25,110.7,2019-03-11,2019-03-20,2019-03-12,Shipped,,1958 Setra Bus,Trucks and Buses,1:12,Welly Diecast Productions,1579,77.9,136.67,Mini Gifts Distributors Ltd.,+1 415-555-1450,San Rafael,USA,210500,ljennings@classicmodelcars.com,Sales Rep,San Francisco,+1 650-219-4782,USA,,Leslie Jennings,Susan Nelson,100 Market Street Suite 300 94080,5677 Strong St.  97562
36,95.99,2019-03-11,2019-03-20,2019-03-12,Shipped,,1957 Chevy Pickup,Trucks and Buses,1:12,Exoto Designs,6125,55.7,118.5,Mini Gifts Distributors Ltd.,+1 415-555-1450,San Rafael,USA,210500,ljennings@classicmodelcars.com,Sales Rep,San Francisco,+1 650-219-4782,USA,,Leslie Jennings,Susan Nelson,100 Market Street Suite 300 94080,5677 Strong St.  97562
26,104.32,2019-03-11,2019-03-20,2019-03-12,Shipped,,1964 Mercedes Tour Bus,Trucks and Buses,1:18,Unimax Art Galleries,8258,74.86,122.73,Mini Gifts Distributors Ltd.,+1 415-555-1450,San Rafael,USA,210500,ljennings@classicmodelcars.com,Sales Rep,San Francisco,+1 650-219-4782,USA,,Leslie Jennings,Susan Nelson,100 Market Street Suite 300 94080,5677 Strong St.  97562
28,53.48,2019-03-11,2019-03-20,2019-03-12,Shipped,,1926 Ford Fire Engine,Trucks and Buses,1:18,Carousel DieCast Legends,2019,24.92,60.77,Mini Gifts Distributors Ltd.,+1 415-555-1450,San Rafael,USA,210500,ljennings@classicmodelcars.com,Sales Rep,San Francisco,+1 650-219-4782,USA,,Leslie Jennings,Susan Nelson,100 Market Street Suite 300 94080,5677 Strong St.  97562
22,157.49,2019-03-11,2019-03-20,2019-03-12,Shipped,,1992 Ferrari 360 Spider red,Classic Cars,1:18,Unimax Art Galleries,8347,77.9,169.34,Mini Gifts Distributors Ltd.,+1 415-555-1450,San Rafael,USA,210500,ljennings@classicmodelcars.com,Sales Rep,San Francisco,+1 650-219-4782,USA,,Leslie Jennings,Susan Nelson,100 Market Street Suite 300 94080,5677 Strong St.  97562
41,119.87,2019-03-11,2019-03-20,2019-03-12,Shipped,,1940s Ford truck,Trucks and Buses,1:18,Motor City Art Classics,3128,84.76,121.08,Mini Gifts Distributors Ltd.,+1 415-555-1450,San Rafael,USA,210500,ljennings@classicmodelcars.com,Sales Rep,San Francisco,+1 650-219-4782,USA,,Leslie Jennings,Susan Nelson,100 Market Street Suite 300 94080,5677 Strong St.  97562
39,43.77,2019-03-11,2019-03-20,2019-03-12,Shipped,,1939 Cadillac Limousine,Vintage Cars,1:18,Studio M Art Models,6645,23.14,50.31,Mini Gifts Distributors Ltd.,+1 415-555-1450,San Rafael,USA,210500,ljennings@classicmodelcars.com,Sales Rep,San Francisco,+1 650-219-4782,USA,,Leslie Jennings,Susan Nelson,100 Market Street Suite 300 94080,5677 Strong St.  97562
48,115.01,2019-03-11,2019-03-20,2019-03-12,Shipped,,1962 Volkswagen Microbus,Trucks and Buses,1:24,Autoart Studio Design,2327,61.34,127.79,Mini Gifts Distributors Ltd.,+1 415-555-1450,San Rafael,USA,210500,ljennings@classicmodelcars.com,Sales Rep,San Francisco,+1 650-219-4782,USA,,Leslie Jennings,Susan Nelson,100 Market Street Suite 300 94080,5677 Strong St.  97562
33,34.65,2019-03-11,2019-03-20,2019-03-12,Shipped,,1958 Chevy Corvette Limited Edition,Classic Cars,1:24,Carousel DieCast Legends,2542,15.91,35.36,Mini Gifts Distributors Ltd.,+1 415-555-1450,San Rafael,USA,210500,ljennings@classicmodelcars.com,Sales Rep,San Francisco,+1 650-219-4782,USA,,Leslie Jennings,Susan Nelson,100 Market Street Suite 300 94080,5677 Strong St.  97562
25,78.97,2019-03-11,2019-03-20,2019-03-12,Shipped,,1980’s GM Manhattan Express,Trucks and Buses,1:32,Motor City Art Classics,5099,53.93,96.31,Mini Gifts Distributors Ltd.,+1 415-555-1450,San Rafael,USA,210500,ljennings@classicmodelcars.com,Sales Rep,San Francisco,+1 650-219-4782,USA,,Leslie Jennings,Susan Nelson,100 Market Street Suite 300 94080,5677 Strong St.  97562
23,49.78,2019-03-11,2019-03-20,2019-03-12,Shipped,,1954 Greyhound Scenicruiser,Trucks and Buses,1:32,Classic Metal Creations,2874,25.98,54.11,Mini Gifts Distributors Ltd.,+1 415-555-1450,San Rafael,USA,210500,ljennings@classicmodelcars.com,Sales Rep,San Francisco,+1 650-219-4782,USA,,Leslie Jennings,Susan Nelson,100 Market Street Suite 300 94080,5677 Strong St.  97562
30,52.36,2019-03-11,2019-03-20,2019-03-12,Shipped,,1996 Peterbilt 379 Stake Bed with Outrigger,Trucks and Buses,1:32,Red Start Diecast,814,33.61,64.64,Mini Gifts Distributors Ltd.,+1 415-555-1450,San Rafael,USA,210500,ljennings@classicmodelcars.com,Sales Rep,San Francisco,+1 650-219-4782,USA,,Leslie Jennings,Susan Nelson,100 Market Street Suite 300 94080,5677 Strong St.  97562
50,91.04,2019-03-11,2019-03-20,2019-03-12,Shipped,,1982 Camaro Z28,Classic Cars,1:18,Carousel DieCast Legends,6934,46.53,101.15,Mini Gifts Distributors Ltd.,+1 415-555-1450,San Rafael,USA,210500,ljennings@classicmodelcars.com,Sales Rep,San Francisco,+1 650-219-4782,USA,,Leslie Jennings,Susan Nelson,100 Market Street Suite 300 94080,5677 Strong St.  97562
43,128.42,2019-03-15,2019-03-24,2019-03-20,Shipped,Customer very concerned about the exact color of the models. There is high risk that he may dispute the order because there is a slight color mismatch,1969 Corvair Monza,Classic Cars,1:18,Welly Diecast Productions,6906,89.14,151.08,"Blauer See Auto, Co.",+49 69 66902555,Frankfurt,Germany,59700,bjones@classicmodelcars.com,Sales Rep,London,+44 20 7877 2041,UK,EMEA,Barry Jones,Roland Keitel,25 Old Broad Street Level 7 EC2N 1HN,Lyonerstr. 34  60528
49,153.91,2019-03-15,2019-03-24,2019-03-20,Shipped,Customer very concerned about the exact color of the models. There is high risk that he may dispute the order because there is a slight color mismatch,1998 Chrysler Plymouth Prowler,Classic Cars,1:18,Gearbox Collectibles,4724,101.51,163.73,"Blauer See Auto, Co.",+49 69 66902555,Frankfurt,Germany,59700,bjones@classicmodelcars.com,Sales Rep,London,+44 20 7877 2041,UK,EMEA,Barry Jones,Roland Keitel,25 Old Broad Street Level 7 EC2N 1HN,Lyonerstr. 34  60528
42,142.18,2019-03-15,2019-03-24,2019-03-20,Shipped,Customer very concerned about the exact color of the models. There is high risk that he may dispute the order because there is a slight color mismatch,1970 Triumph Spitfire,Classic Cars,1:18,Min Lin Diecast,5545,91.92,143.62,"Blauer See Auto, Co.",+49 69 66902555,Frankfurt,Germany,59700,bjones@classicmodelcars.com,Sales Rep,London,+44 20 7877 2041,UK,EMEA,Barry Jones,Roland Keitel,25 Old Broad Street Level 7 EC2N 1HN,Lyonerstr. 34  60528
36,47.4,2019-03-15,2019-03-24,2019-03-20,Shipped,Customer very concerned about the exact color of the models. There is high risk that he may dispute the order because there is a slight color mismatch,1970 Dodge Coronet,Classic Cars,1:24,Highway 66 Mini Classics,4074,32.37,57.8,"Blauer See Auto, Co.",+49 69 66902555,Frankfurt,Germany,59700,bjones@classicmodelcars.com,Sales Rep,London,+44 20 7877 2041,UK,EMEA,Barry Jones,Roland Keitel,25 Old Broad Street Level 7 EC2N 1HN,Lyonerstr. 34  60528
45,99.36,2019-03-15,2019-03-24,2019-03-20,Shipped,Customer very concerned about the exact color of the models. There is high risk that he may dispute the order because there is a slight color mismatch,1992 Porsche Cayenne Turbo Silver,Classic Cars,1:24,Exoto Designs,6582,69.78,118.28,"Blauer See Auto, Co.",+49 69 66902555,Frankfurt,Germany,59700,bjones@classicmodelcars.com,Sales Rep,London,+44 20 7877 2041,UK,EMEA,Barry Jones,Roland Keitel,25 Old Broad Street Level 7 EC2N 1HN,Lyonerstr. 34  60528
46,59.03,2019-03-15,2019-03-24,2019-03-20,Shipped,Customer very concerned about the exact color of the models. There is high risk that he may dispute the order because there is a slight color mismatch,1950s Chicago Surface Lines Streetcar,Trains,1:32,Gearbox Collectibles,8601,26.72,62.14,"Blauer See Auto, Co.",+49 69 66902555,Frankfurt,Germany,59700,bjones@classicmodelcars.com,Sales Rep,London,+44 20 7877 2041,UK,EMEA,Barry Jones,Roland Keitel,25 Old Broad Street Level 7 EC2N 1HN,Lyonerstr. 34  60528
34,100.7,2019-03-15,2019-03-24,2019-03-20,Shipped,Customer very concerned about the exact color of the models. There is high risk that he may dispute the order because there is a slight color mismatch,Diamond T620 Semi-Skirted Tanker,Trucks and Buses,1:50,Highway 66 Mini Classics,1016,68.29,115.75,"Blauer See Auto, Co.",+49 69 66902555,Frankfurt,Germany,59700,bjones@classicmodelcars.com,Sales Rep,London,+44 20 7877 2041,UK,EMEA,Barry Jones,Roland Keitel,25 Old Broad Street Level 7 EC2N 1HN,Lyonerstr. 34  60528
43,57.41,2019-03-15,2019-03-24,2019-03-20,Shipped,Customer very concerned about the exact color of the models. There is high risk that he may dispute the order because there is a slight color mismatch,1962 City of Detroit Streetcar,Trains,1:50,Classic Metal Creations,1645,37.49,58.58,"Blauer See Auto, Co.",+49 69 66902555,Frankfurt,Germany,59700,bjones@classicmodelcars.com,Sales Rep,London,+44 20 7877 2041,UK,EMEA,Barry Jones,Roland Keitel,25 Old Broad Street Level 7 EC2N 1HN,Lyonerstr. 34  60528
42,193.25,2019-03-19,2019-03-26,2019-03-25,Shipped,,2001 Ferrari Enzo,Classic Cars,1:12,Second Gear Diecast,3619,95.59,207.8,CAF Imports,+34 913 72 85 55,Madrid,Spain,59600,mgerard@classicmodelcars.com,Sales Rep,Paris,+33 1 47 23 44 04,France,EMEA,Martin Gerard,Jesus Fernandez,43 Rue Jouffroy Dabbans  75017,Merchants House 27-30 Merchants Quay 28023
49,147.07,2019-03-19,2019-03-26,2019-03-25,Shipped,,1969 Ford Falcon,Classic Cars,1:12,Second Gear Diecast,1049,83.05,173.02,CAF Imports,+34 913 72 85 55,Madrid,Spain,59600,mgerard@classicmodelcars.com,Sales Rep,Paris,+33 1 47 23 44 04,France,EMEA,Martin Gerard,Jesus Fernandez,43 Rue Jouffroy Dabbans  75017,Merchants House 27-30 Merchants Quay 28023
22,133.86,2019-03-20,2019-03-30,2019-03-25,Shipped,,1903 Ford Model A,Vintage Cars,1:18,Unimax Art Galleries,3913,68.3,136.59,giftsbymail.co.uk,+44 1985 558888,Cowes,UK,93900,lbott@classicmodelcars.com,Sales Rep,London,+44 20 7877 2041,UK,EMEA,Larry Bott,Helen  Bennett,25 Old Broad Street Level 7 EC2N 1HN,Garden House Crowther Way 23 PO31 7PJ
48,97.81,2019-03-20,2019-03-30,2019-03-25,Shipped,,Collectable Wooden Train,Trains,1:18,Carousel DieCast Legends,6450,67.56,100.84,giftsbymail.co.uk,+44 1985 558888,Cowes,UK,93900,lbott@classicmodelcars.com,Sales Rep,London,+44 20 7877 2041,UK,EMEA,Larry Bott,Helen  Bennett,25 Old Broad Street Level 7 EC2N 1HN,Garden House Crowther Way 23 PO31 7PJ
23,78.12,2019-03-20,2019-03-30,2019-03-25,Shipped,,1904 Buick Runabout,Vintage Cars,1:18,Exoto Designs,8290,52.66,87.77,giftsbymail.co.uk,+44 1985 558888,Cowes,UK,93900,lbott@classicmodelcars.com,Sales Rep,London,+44 20 7877 2041,UK,EMEA,Larry Bott,Helen  Bennett,25 Old Broad Street Level 7 EC2N 1HN,Garden House Crowther Way 23 PO31 7PJ
46,113.06,2019-03-20,2019-03-30,2019-03-25,Shipped,,18th century schooner,Ships,1:24,Carousel DieCast Legends,1898,82.34,122.89,giftsbymail.co.uk,+44 1985 558888,Cowes,UK,93900,lbott@classicmodelcars.com,Sales Rep,London,+44 20 7877 2041,UK,EMEA,Larry Bott,Helen  Bennett,25 Old Broad Street Level 7 EC2N 1HN,Garden House Crowther Way 23 PO31 7PJ
26,84.88,2019-03-20,2019-03-30,2019-03-25,Shipped,,The Mayflower,Ships,1:700,Studio M Art Models,737,43.3,86.61,giftsbymail.co.uk,+44 1985 558888,Cowes,UK,93900,lbott@classicmodelcars.com,Sales Rep,London,+44 20 7877 2041,UK,EMEA,Larry Bott,Helen  Bennett,25 Old Broad Street Level 7 EC2N 1HN,Garden House Crowther Way 23 PO31 7PJ
48,86.15,2019-03-20,2019-03-30,2019-03-25,Shipped,,The Titanic,Ships,1:700,Carousel DieCast Legends,1956,51.09,100.17,giftsbymail.co.uk,+44 1985 558888,Cowes,UK,93900,lbott@classicmodelcars.com,Sales Rep,London,+44 20 7877 2041,UK,EMEA,Larry Bott,Helen  Bennett,25 Old Broad Street Level 7 EC2N 1HN,Garden House Crowther Way 23 PO31 7PJ
35,81.43,2019-03-20,2019-03-30,2019-03-25,Shipped,,The Queen Mary,Ships,1:700,Welly Diecast Productions,5088,53.63,99.31,giftsbymail.co.uk,+44 1985 558888,Cowes,UK,93900,lbott@classicmodelcars.com,Sales Rep,London,+44 20 7877 2041,UK,EMEA,Larry Bott,Helen  Bennett,25 Old Broad Street Level 7 EC2N 1HN,Garden House Crowther Way 23 PO31 7PJ
24,48.59,2019-03-20,2019-03-30,2019-03-25,Shipped,,Pont Yacht,Ships,1:72,Unimax Art Galleries,414,33.3,54.6,giftsbymail.co.uk,+44 1985 558888,Cowes,UK,93900,lbott@classicmodelcars.com,Sales Rep,London,+44 20 7877 2041,UK,EMEA,Larry Bott,Helen  Bennett,25 Old Broad Street Level 7 EC2N 1HN,Garden House Crowther Way 23 PO31 7PJ
40,70.81,2019-03-29,2019-04-04,2019-04-02,Shipped,Customer requested special shippment. The instructions were passed along to the warehouse,1912 Ford Model T Delivery Wagon,Vintage Cars,1:24,Min Lin Diecast,9173,46.91,88.51,Tekni Collectables Inc.,+1 201-555-9350,Newark,USA,43000,gvanauf@classicmodelcars.com,Sales Rep,NYC,+1 212-555-3000,USA,,George Vanauf,William Brown,523 East 53rd Street apt. 5A 10022,7476 Moss Rd.  94019
36,66.0,2019-03-29,2019-04-04,2019-04-02,Shipped,Customer requested special shippment. The instructions were passed along to the warehouse,The Schooner Bluenose,Ships,1:700,Autoart Studio Design,1897,34.0,66.67,Tekni Collectables Inc.,+1 201-555-9350,Newark,USA,43000,gvanauf@classicmodelcars.com,Sales Rep,NYC,+1 212-555-3000,USA,,George Vanauf,William Brown,523 East 53rd Street apt. 5A 10022,7476 Moss Rd.  94019
29,67.94,2019-03-29,2019-04-04,2019-04-02,Shipped,Customer requested special shippment. The instructions were passed along to the warehouse,The USS Constitution Ship,Ships,1:700,Red Start Diecast,7083,33.97,72.28,Tekni Collectables Inc.,+1 201-555-9350,Newark,USA,43000,gvanauf@classicmodelcars.com,Sales Rep,NYC,+1 212-555-3000,USA,,George Vanauf,William Brown,523 East 53rd Street apt. 5A 10022,7476 Moss Rd.  94019
48,118.32,2019-03-30,2019-04-05,2019-04-02,Shipped,,1972 Alfa Romeo GTA,Classic Cars,1:10,Motor City Art Classics,3252,85.68,136.0,"Extreme Desk Decorations, Ltd",+64 4 499 9555,Wellington,New Zealand,86800,pmarsh@classicmodelcars.com,Sales Rep,Sydney,+61 2 9264 2451,Australia,APAC,Peter Marsh,Sarah McRoy,5-11 Wentworth Avenue Floor #2 NSW 2010,101 Lambton Quay Level 11
50,146.65,2019-03-30,2019-04-05,2019-04-02,Shipped,,1980s Black Hawk Helicopter,Planes,1:18,Red Start Diecast,5330,77.27,157.69,"Extreme Desk Decorations, Ltd",+64 4 499 9555,Wellington,New Zealand,86800,pmarsh@classicmodelcars.com,Sales Rep,Sydney,+61 2 9264 2451,Australia,APAC,Peter Marsh,Sarah McRoy,5-11 Wentworth Avenue Floor #2 NSW 2010,101 Lambton Quay Level 11
48,84.3,2019-03-30,2019-04-05,2019-04-02,Shipped,,1999 Yamaha Speed Boat,Ships,1:18,Min Lin Diecast,4259,51.61,86.02,"Extreme Desk Decorations, Ltd",+64 4 499 9555,Wellington,New Zealand,86800,pmarsh@classicmodelcars.com,Sales Rep,Sydney,+61 2 9264 2451,Australia,APAC,Peter Marsh,Sarah McRoy,5-11 Wentworth Avenue Floor #2 NSW 2010,101 Lambton Quay Level 11
39,85.75,2019-03-30,2019-04-05,2019-04-02,Shipped,,1941 Chevrolet Special Deluxe Cabriolet,Vintage Cars,1:18,Exoto Designs,2378,64.58,105.87,"Extreme Desk Decorations, Ltd",+64 4 499 9555,Wellington,New Zealand,86800,pmarsh@classicmodelcars.com,Sales Rep,Sydney,+61 2 9264 2451,Australia,APAC,Peter Marsh,Sarah McRoy,5-11 Wentworth Avenue Floor #2 NSW 2010,101 Lambton Quay Level 11
44,67.14,2019-03-30,2019-04-05,2019-04-02,Shipped,,1900s Vintage Bi-Plane,Planes,1:24,Autoart Studio Design,5942,34.25,68.51,"Extreme Desk Decorations, Ltd",+64 4 499 9555,Wellington,New Zealand,86800,pmarsh@classicmodelcars.com,Sales Rep,Sydney,+61 2 9264 2451,Australia,APAC,Peter Marsh,Sarah McRoy,5-11 Wentworth Avenue Floor #2 NSW 2010,101 Lambton Quay Level 11
25,65.09,2019-03-30,2019-04-05,2019-04-02,Shipped,,1937 Horch 930V Limousine,Vintage Cars,1:24,Autoart Studio Design,2902,26.3,65.75,"Extreme Desk Decorations, Ltd",+64 4 499 9555,Wellington,New Zealand,86800,pmarsh@classicmodelcars.com,Sales Rep,Sydney,+61 2 9264 2451,Australia,APAC,Peter Marsh,Sarah McRoy,5-11 Wentworth Avenue Floor #2 NSW 2010,101 Lambton Quay Level 11
31,78.83,2019-03-30,2019-04-05,2019-04-02,Shipped,,1940 Ford Delivery Sedan,Vintage Cars,1:24,Carousel DieCast Legends,6621,48.64,83.86,"Extreme Desk Decorations, Ltd",+64 4 499 9555,Wellington,New Zealand,86800,pmarsh@classicmodelcars.com,Sales Rep,Sydney,+61 2 9264 2451,Australia,APAC,Peter Marsh,Sarah McRoy,5-11 Wentworth Avenue Floor #2 NSW 2010,101 Lambton Quay Level 11
29,83.28,2019-03-30,2019-04-05,2019-04-02,Shipped,,HMS Bounty,Ships,1:700,Unimax Art Galleries,3501,39.83,90.52,"Extreme Desk Decorations, Ltd",+64 4 499 9555,Wellington,New Zealand,86800,pmarsh@classicmodelcars.com,Sales Rep,Sydney,+61 2 9264 2451,Australia,APAC,Peter Marsh,Sarah McRoy,5-11 Wentworth Avenue Floor #2 NSW 2010,101 Lambton Quay Level 11
40,45.69,2019-03-30,2019-04-05,2019-04-02,Shipped,,Boeing X-32A JSF,Planes,1:72,Motor City Art Classics,4857,32.77,49.66,"Extreme Desk Decorations, Ltd",+64 4 499 9555,Wellington,New Zealand,86800,pmarsh@classicmodelcars.com,Sales Rep,Sydney,+61 2 9264 2451,Australia,APAC,Peter Marsh,Sarah McRoy,5-11 Wentworth Avenue Floor #2 NSW 2010,101 Lambton Quay Level 11
24,81.95,2019-04-02,2019-04-12,2019-04-06,Shipped,,P-51-D Mustang,Planes,1:72,Gearbox Collectibles,992,49.0,84.48,"Royal Canadian Collectables, Ltd.",+1 604-555-4555,Tsawassen,Canada,89600,gvanauf@classicmodelcars.com,Sales Rep,NYC,+1 212-555-3000,USA,,George Vanauf,Elizabeth  Lincoln,523 East 53rd Street apt. 5A 10022,23 Tsawassen Blvd.  T2F 8M4
23,89.72,2019-04-02,2019-04-12,2019-04-06,Shipped,,1928 British Royal Navy Airplane,Planes,1:24,Classic Metal Creations,3627,66.74,109.42,"Royal Canadian Collectables, Ltd.",+1 604-555-4555,Tsawassen,Canada,89600,gvanauf@classicmodelcars.com,Sales Rep,NYC,+1 212-555-3000,USA,,George Vanauf,Elizabeth  Lincoln,523 East 53rd Street apt. 5A 10022,23 Tsawassen Blvd.  T2F 8M4
33,55.27,2019-04-02,2019-04-12,2019-04-06,Shipped,,Corsair F4U ( Bird Cage),Planes,1:24,Second Gear Diecast,6812,29.34,68.24,"Royal Canadian Collectables, Ltd.",+1 604-555-4555,Tsawassen,Canada,89600,gvanauf@classicmodelcars.com,Sales Rep,NYC,+1 212-555-3000,USA,,George Vanauf,Elizabeth  Lincoln,523 East 53rd Street apt. 5A 10022,23 Tsawassen Blvd.  T2F 8M4
40,63.03,2019-04-02,2019-04-12,2019-04-06,Shipped,,1900s Vintage Tri-Plane,Planes,1:24,Unimax Art Galleries,2756,36.23,72.45,"Royal Canadian Collectables, Ltd.",+1 604-555-4555,Tsawassen,Canada,89600,gvanauf@classicmodelcars.com,Sales Rep,NYC,+1 212-555-3000,USA,,George Vanauf,Elizabeth  Lincoln,523 East 53rd Street apt. 5A 10022,23 Tsawassen Blvd.  T2F 8M4
41,90.9,2019-04-02,2019-04-12,2019-04-06,Shipped,,1997 BMW F650 ST,Motorcycles,1:32,Exoto Designs,178,66.92,99.89,"Royal Canadian Collectables, Ltd.",+1 604-555-4555,Tsawassen,Canada,89600,gvanauf@classicmodelcars.com,Sales Rep,NYC,+1 212-555-3000,USA,,George Vanauf,Elizabeth  Lincoln,523 East 53rd Street apt. 5A 10022,23 Tsawassen Blvd.  T2F 8M4
34,66.73,2019-04-02,2019-04-12,2019-04-06,Shipped,,1928 Ford Phaeton Deluxe,Vintage Cars,1:32,Highway 66 Mini Classics,136,33.02,68.79,"Royal Canadian Collectables, Ltd.",+1 604-555-4555,Tsawassen,Canada,89600,gvanauf@classicmodelcars.com,Sales Rep,NYC,+1 212-555-3000,USA,,George Vanauf,Elizabeth  Lincoln,523 East 53rd Street apt. 5A 10022,23 Tsawassen Blvd.  T2F 8M4
41,37.09,2019-04-02,2019-04-12,2019-04-06,Shipped,,1930 Buick Marquette Phaeton,Vintage Cars,1:50,Studio M Art Models,7062,27.06,43.64,"Royal Canadian Collectables, Ltd.",+1 604-555-4555,Tsawassen,Canada,89600,gvanauf@classicmodelcars.com,Sales Rep,NYC,+1 212-555-3000,USA,,George Vanauf,Elizabeth  Lincoln,523 East 53rd Street apt. 5A 10022,23 Tsawassen Blvd.  T2F 8M4
25,88.6,2019-04-02,2019-04-12,2019-04-06,Shipped,,American Airlines: B767-300,Planes,1:700,Min Lin Diecast,5841,51.15,91.34,"Royal Canadian Collectables, Ltd.",+1 604-555-4555,Tsawassen,Canada,89600,gvanauf@classicmodelcars.com,Sales Rep,NYC,+1 212-555-3000,USA,,George Vanauf,Elizabeth  Lincoln,523 East 53rd Street apt. 5A 10022,23 Tsawassen Blvd.  T2F 8M4
38,92.74,2019-04-02,2019-04-12,2019-04-06,Shipped,,America West Airlines B757-200,Planes,1:700,Motor City Art Classics,9653,68.8,99.72,"Royal Canadian Collectables, Ltd.",+1 604-555-4555,Tsawassen,Canada,89600,gvanauf@classicmodelcars.com,Sales Rep,NYC,+1 212-555-3000,USA,,George Vanauf,Elizabeth  Lincoln,523 East 53rd Street apt. 5A 10022,23 Tsawassen Blvd.  T2F 8M4
25,116.28,2019-04-02,2019-04-12,2019-04-06,Shipped,,ATA: B757-300,Planes,1:700,Highway 66 Mini Classics,7106,59.33,118.65,"Royal Canadian Collectables, Ltd.",+1 604-555-4555,Tsawassen,Canada,89600,gvanauf@classicmodelcars.com,Sales Rep,NYC,+1 212-555-3000,USA,,George Vanauf,Elizabeth  Lincoln,523 East 53rd Street apt. 5A 10022,23 Tsawassen Blvd.  T2F 8M4
32,73.6,2019-04-02,2019-04-12,2019-04-06,Shipped,,F/A 18 Hornet 1/72,Planes,1:72,Motor City Art Classics,551,54.4,80.0,"Royal Canadian Collectables, Ltd.",+1 604-555-4555,Tsawassen,Canada,89600,gvanauf@classicmodelcars.com,Sales Rep,NYC,+1 212-555-3000,USA,,George Vanauf,Elizabeth  Lincoln,523 East 53rd Street apt. 5A 10022,23 Tsawassen Blvd.  T2F 8M4
34,70.33,2019-04-02,2019-04-12,2019-04-06,Shipped,,American Airlines: MD-11S,Planes,1:700,Second Gear Diecast,8820,36.27,74.03,"Royal Canadian Collectables, Ltd.",+1 604-555-4555,Tsawassen,Canada,89600,gvanauf@classicmodelcars.com,Sales Rep,NYC,+1 212-555-3000,USA,,George Vanauf,Elizabeth  Lincoln,523 East 53rd Street apt. 5A 10022,23 Tsawassen Blvd.  T2F 8M4
22,105.86,2019-04-03,2019-04-11,2019-04-08,Shipped,,1996 Moto Guzzi 1100i,Motorcycles,1:10,Highway 66 Mini Classics,6625,68.99,118.94,Motor Mint Distributors Inc.,+1 215-555-9857,Philadelphia,USA,72600,gvanauf@classicmodelcars.com,Sales Rep,NYC,+1 212-555-3000,USA,,George Vanauf,Rosa Salazar,523 East 53rd Street apt. 5A 10022,11328 Douglas Av.  71270
23,52.7,2019-04-03,2019-04-11,2019-04-08,Shipped,,1936 Harley Davidson El Knucklehead,Motorcycles,1:18,Welly Diecast Productions,4357,24.23,60.57,Motor Mint Distributors Inc.,+1 215-555-9857,Philadelphia,USA,72600,gvanauf@classicmodelcars.com,Sales Rep,NYC,+1 212-555-3000,USA,,George Vanauf,Rosa Salazar,523 East 53rd Street apt. 5A 10022,11328 Douglas Av.  71270
36,65.51,2019-04-03,2019-04-11,2019-04-08,Shipped,,1960 BSA Gold Star DBD34,Motorcycles,1:24,Highway 66 Mini Classics,15,37.32,76.17,Motor Mint Distributors Inc.,+1 215-555-9857,Philadelphia,USA,72600,gvanauf@classicmodelcars.com,Sales Rep,NYC,+1 212-555-3000,USA,,George Vanauf,Rosa Salazar,523 East 53rd Street apt. 5A 10022,11328 Douglas Av.  71270
23,91.87,2019-04-05,2019-04-12,2019-04-10,Shipped,,1969 Harley Davidson Ultimate Chopper,Motorcycles,1:10,Min Lin Diecast,7933,48.81,95.7,Vitachrome Inc.,+1 212-555-1500,NYC,USA,76400,ftseng@classicmodelcars.com,Sales Rep,NYC,+1 212-555-3000,USA,,Foon Yue Tseng,Michael Frick,523 East 53rd Street apt. 5A 10022,2678 Kingston Rd. Suite 101 10022
39,158.8,2019-04-05,2019-04-12,2019-04-10,Shipped,,2003 Harley-Davidson Eagle Drag Bike,Motorcycles,1:10,Red Start Diecast,5582,91.02,193.66,Vitachrome Inc.,+1 212-555-1500,NYC,USA,76400,ftseng@classicmodelcars.com,Sales Rep,NYC,+1 212-555-3000,USA,,Foon Yue Tseng,Michael Frick,523 East 53rd Street apt. 5A 10022,2678 Kingston Rd. Suite 101 10022
32,129.53,2019-04-05,2019-04-12,2019-04-10,Shipped,,2002 Suzuki XREO,Motorcycles,1:12,Unimax Art Galleries,9997,66.27,150.62,Vitachrome Inc.,+1 212-555-1500,NYC,USA,76400,ftseng@classicmodelcars.com,Sales Rep,NYC,+1 212-555-3000,USA,,Foon Yue Tseng,Michael Frick,523 East 53rd Street apt. 5A 10022,2678 Kingston Rd. Suite 101 10022
26,49.74,2019-04-05,2019-04-12,2019-04-10,Shipped,,1957 Vespa GS150,Motorcycles,1:18,Studio M Art Models,7689,32.95,62.17,Vitachrome Inc.,+1 212-555-1500,NYC,USA,76400,ftseng@classicmodelcars.com,Sales Rep,NYC,+1 212-555-3000,USA,,Foon Yue Tseng,Michael Frick,523 East 53rd Street apt. 5A 10022,2678 Kingston Rd. Suite 101 10022
20,109.32,2019-04-05,2019-04-12,2019-04-10,Shipped,,1997 BMW R 1100 S,Motorcycles,1:24,Autoart Studio Design,7003,60.86,112.7,Vitachrome Inc.,+1 212-555-1500,NYC,USA,76400,ftseng@classicmodelcars.com,Sales Rep,NYC,+1 212-555-3000,USA,,Foon Yue Tseng,Michael Frick,523 East 53rd Street apt. 5A 10022,2678 Kingston Rd. Suite 101 10022
26,62.33,2019-04-05,2019-04-12,2019-04-10,Shipped,,1982 Ducati 900 Monster,Motorcycles,1:24,Highway 66 Mini Classics,6840,47.1,69.26,Vitachrome Inc.,+1 212-555-1500,NYC,USA,76400,ftseng@classicmodelcars.com,Sales Rep,NYC,+1 212-555-3000,USA,,Foon Yue Tseng,Michael Frick,523 East 53rd Street apt. 5A 10022,2678 Kingston Rd. Suite 101 10022
26,35.0,2019-04-05,2019-04-12,2019-04-10,Shipped,,1982 Ducati 996 R,Motorcycles,1:32,Gearbox Collectibles,9241,24.14,40.23,Vitachrome Inc.,+1 212-555-1500,NYC,USA,76400,ftseng@classicmodelcars.com,Sales Rep,NYC,+1 212-555-3000,USA,,Foon Yue Tseng,Michael Frick,523 East 53rd Street apt. 5A 10022,2678 Kingston Rd. Suite 101 10022
27,94.91,2019-04-05,2019-04-12,2019-04-10,Shipped,,1974 Ducati 350 Mk3 Desmo,Motorcycles,1:32,Second Gear Diecast,3341,56.13,102.05,Vitachrome Inc.,+1 212-555-1500,NYC,USA,76400,ftseng@classicmodelcars.com,Sales Rep,NYC,+1 212-555-3000,USA,,Foon Yue Tseng,Michael Frick,523 East 53rd Street apt. 5A 10022,2678 Kingston Rd. Suite 101 10022
20,78.92,2019-04-05,2019-04-12,2019-04-10,Shipped,,2002 Yamaha YZR M1,Motorcycles,1:50,Autoart Studio Design,600,34.17,81.36,Vitachrome Inc.,+1 212-555-1500,NYC,USA,76400,ftseng@classicmodelcars.com,Sales Rep,NYC,+1 212-555-3000,USA,,Foon Yue Tseng,Michael Frick,523 East 53rd Street apt. 5A 10022,2678 Kingston Rd. Suite 101 10022
28,161.49,2019-04-09,2019-04-16,2019-04-10,Shipped,,1968 Ford Mustang,Classic Cars,1:12,Autoart Studio Design,68,95.34,194.57,Danish Wholesale Imports,+45 31 12 35 55,Kobenhavn,Denmark,83400,pcastillo@classicmodelcars.com,Sales Rep,Paris,+33 1 47 23 44 04,France,EMEA,Pamela Castillo,Jytte  Petersen,43 Rue Jouffroy Dabbans  75017,Vinbæltet 34  1734
29,104.52,2019-04-09,2019-04-16,2019-04-10,Shipped,,1968 Dodge Charger,Classic Cars,1:12,Welly Diecast Productions,9123,75.16,117.44,Danish Wholesale Imports,+45 31 12 35 55,Kobenhavn,Denmark,83400,pcastillo@classicmodelcars.com,Sales Rep,Paris,+33 1 47 23 44 04,France,EMEA,Pamela Castillo,Jytte  Petersen,43 Rue Jouffroy Dabbans  75017,Vinbæltet 34  1734
20,73.42,2019-04-09,2019-04-16,2019-04-10,Shipped,,1970 Plymouth Hemi Cuda,Classic Cars,1:12,Studio M Art Models,5663,31.92,79.8,Danish Wholesale Imports,+45 31 12 35 55,Kobenhavn,Denmark,83400,pcastillo@classicmodelcars.com,Sales Rep,Paris,+33 1 47 23 44 04,France,EMEA,Pamela Castillo,Jytte  Petersen,43 Rue Jouffroy Dabbans  75017,Vinbæltet 34  1734
41,68.35,2019-04-09,2019-04-16,2019-04-10,Shipped,,1969 Dodge Super Bee,Classic Cars,1:18,Min Lin Diecast,1917,49.05,80.41,Danish Wholesale Imports,+45 31 12 35 55,Kobenhavn,Denmark,83400,pcastillo@classicmodelcars.com,Sales Rep,Paris,+33 1 47 23 44 04,France,EMEA,Pamela Castillo,Jytte  Petersen,43 Rue Jouffroy Dabbans  75017,Vinbæltet 34  1734
49,144.05,2019-04-09,2019-04-16,2019-04-10,Shipped,,1976 Ford Gran Torino,Classic Cars,1:18,Gearbox Collectibles,9127,73.49,146.99,Danish Wholesale Imports,+45 31 12 35 55,Kobenhavn,Denmark,83400,pcastillo@classicmodelcars.com,Sales Rep,Paris,+33 1 47 23 44 04,France,EMEA,Pamela Castillo,Jytte  Petersen,43 Rue Jouffroy Dabbans  75017,Vinbæltet 34  1734
44,120.53,2019-04-09,2019-04-16,2019-04-10,Shipped,,1957 Corvette Convertible,Classic Cars,1:18,Classic Metal Creations,1249,69.93,148.8,Danish Wholesale Imports,+45 31 12 35 55,Kobenhavn,Denmark,83400,pcastillo@classicmodelcars.com,Sales Rep,Paris,+33 1 47 23 44 04,France,EMEA,Pamela Castillo,Jytte  Petersen,43 Rue Jouffroy Dabbans  75017,Vinbæltet 34  1734
47,53.88,2019-04-09,2019-04-16,2019-04-10,Shipped,,1971 Alpine Renault 1600s,Classic Cars,1:24,Welly Diecast Productions,7995,38.58,61.23,Danish Wholesale Imports,+45 31 12 35 55,Kobenhavn,Denmark,83400,pcastillo@classicmodelcars.com,Sales Rep,Paris,+33 1 47 23 44 04,France,EMEA,Pamela Castillo,Jytte  Petersen,43 Rue Jouffroy Dabbans  75017,Vinbæltet 34  1734
22,67.91,2019-04-09,2019-04-16,2019-04-10,Shipped,,1961 Chevrolet Impala,Classic Cars,1:18,Classic Metal Creations,7869,32.33,80.84,Danish Wholesale Imports,+45 31 12 35 55,Kobenhavn,Denmark,83400,pcastillo@classicmodelcars.com,Sales Rep,Paris,+33 1 47 23 44 04,France,EMEA,Pamela Castillo,Jytte  Petersen,43 Rue Jouffroy Dabbans  75017,Vinbæltet 34  1734
21,100.19,2019-04-12,2019-04-21,2019-04-17,Shipped,,1969 Dodge Charger,Classic Cars,1:12,Welly Diecast Productions,7323,58.73,115.16,"Oulu Toy Supplies, Inc.",+358 9 81443655,Oulu,Finland,90500,lbott@classicmodelcars.com,Sales Rep,London,+44 20 7877 2041,UK,EMEA,Larry Bott,Pirkko Koskitalo,25 Old Broad Street Level 7 EC2N 1HN,Torikatu 38  90110
46,70.07,2019-04-12,2019-04-21,2019-04-17,Shipped,,1948 Porsche 356-A Roadster,Classic Cars,1:18,Gearbox Collectibles,8826,53.9,77.0,"Oulu Toy Supplies, Inc.",+358 9 81443655,Oulu,Finland,90500,lbott@classicmodelcars.com,Sales Rep,London,+44 20 7877 2041,UK,EMEA,Larry Bott,Pirkko Koskitalo,25 Old Broad Street Level 7 EC2N 1HN,Torikatu 38  90110
47,135.47,2019-04-12,2019-04-21,2019-04-17,Shipped,,1992 Ferrari 360 Spider red,Classic Cars,1:18,Unimax Art Galleries,8347,77.9,169.34,"Oulu Toy Supplies, Inc.",+358 9 81443655,Oulu,Finland,90500,lbott@classicmodelcars.com,Sales Rep,London,+44 20 7877 2041,UK,EMEA,Larry Bott,Pirkko Koskitalo,25 Old Broad Street Level 7 EC2N 1HN,Torikatu 38  90110
20,32.47,2019-04-12,2019-04-21,2019-04-17,Shipped,,1982 Lamborghini Diablo,Classic Cars,1:24,Second Gear Diecast,7723,16.24,37.76,"Oulu Toy Supplies, Inc.",+358 9 81443655,Oulu,Finland,90500,lbott@classicmodelcars.com,Sales Rep,London,+44 20 7877 2041,UK,EMEA,Larry Bott,Pirkko Koskitalo,25 Old Broad Street Level 7 EC2N 1HN,Torikatu 38  90110
29,133.41,2019-04-12,2019-04-21,2019-04-17,Shipped,,1956 Porsche 356A Coupe,Classic Cars,1:18,Classic Metal Creations,6600,98.3,140.43,"Oulu Toy Supplies, Inc.",+358 9 81443655,Oulu,Finland,90500,lbott@classicmodelcars.com,Sales Rep,London,+44 20 7877 2041,UK,EMEA,Larry Bott,Pirkko Koskitalo,25 Old Broad Street Level 7 EC2N 1HN,Torikatu 38  90110
41,125.97,2019-04-13,2019-04-20,2019-04-20,Shipped,,1993 Mazda RX-7,Classic Cars,1:18,Highway 66 Mini Classics,3975,83.51,141.54,Osaka Souveniers Co.,+81 6-6342-5555,Kita-ku,Japan,81200,mnishi@classicmodelcars.com,Sales Rep,Tokyo,+81 3-3224-5000,Japan,Japan,Mami Nishi,Mory Kentary,4-1 Kioicho  102-8578,1-6-20 Dojima   530-0003
37,136.56,2019-04-13,2019-04-20,2019-04-20,Shipped,,1995 Honda Civic,Classic Cars,1:18,Min Lin Diecast,9772,93.89,142.25,Osaka Souveniers Co.,+81 6-6342-5555,Kita-ku,Japan,81200,mnishi@classicmodelcars.com,Sales Rep,Tokyo,+81 3-3224-5000,Japan,Japan,Mami Nishi,Mory Kentary,4-1 Kioicho  102-8578,1-6-20 Dojima   530-0003
37,134.22,2019-04-13,2019-04-20,2019-04-20,Shipped,,1948 Porsche Type 356 Roadster,Classic Cars,1:18,Gearbox Collectibles,8990,62.16,141.28,Osaka Souveniers Co.,+81 6-6342-5555,Kita-ku,Japan,81200,mnishi@classicmodelcars.com,Sales Rep,Tokyo,+81 3-3224-5000,Japan,Japan,Mami Nishi,Mory Kentary,4-1 Kioicho  102-8578,1-6-20 Dojima   530-0003
21,119.46,2019-04-13,2019-04-20,2019-04-19,Shipped,,1965 Aston Martin DB5,Classic Cars,1:18,Classic Metal Creations,9042,65.96,124.44,Mini Caravy,,Strasbourg,France,53800,ghernande@classicmodelcars.com,Sales Rep,Paris,+33 1 47 23 44 04,France,EMEA,Gerard Hernandez,Frédérique  Citeaux,43 Rue Jouffroy Dabbans  75017,"24, place Kléber  67000"
41,153.0,2019-04-13,2019-04-20,2019-04-19,Shipped,,1917 Grand Touring Sedan,Vintage Cars,1:18,Welly Diecast Productions,2724,86.7,170.0,Mini Caravy,,Strasbourg,France,53800,ghernande@classicmodelcars.com,Sales Rep,Paris,+33 1 47 23 44 04,France,EMEA,Gerard Hernandez,Frédérique  Citeaux,43 Rue Jouffroy Dabbans  75017,"24, place Kléber  67000"
33,55.7,2019-04-13,2019-04-20,2019-04-19,Shipped,,1911 Ford Town Car,Vintage Cars,1:18,Motor City Art Classics,540,33.3,60.54,Mini Caravy,,Strasbourg,France,53800,ghernande@classicmodelcars.com,Sales Rep,Paris,+33 1 47 23 44 04,France,EMEA,Gerard Hernandez,Frédérique  Citeaux,43 Rue Jouffroy Dabbans  75017,"24, place Kléber  67000"
44,126.72,2019-04-13,2019-04-20,2019-04-19,Shipped,,1999 Indy 500 Monte Carlo SS,Classic Cars,1:18,Red Start Diecast,8164,56.76,132.0,Mini Caravy,,Strasbourg,France,53800,ghernande@classicmodelcars.com,Sales Rep,Paris,+33 1 47 23 44 04,France,EMEA,Gerard Hernandez,Frédérique  Citeaux,43 Rue Jouffroy Dabbans  75017,"24, place Kléber  67000"
42,77.31,2019-04-13,2019-04-20,2019-04-19,Shipped,,1932 Alfa Romeo 8C2300 Spider Sport,Vintage Cars,1:18,Exoto Designs,6553,43.26,92.03,Mini Caravy,,Strasbourg,France,53800,ghernande@classicmodelcars.com,Sales Rep,Paris,+33 1 47 23 44 04,France,EMEA,Gerard Hernandez,Frédérique  Citeaux,43 Rue Jouffroy Dabbans  75017,"24, place Kléber  67000"
30,62.72,2019-04-13,2019-04-20,2019-04-19,Shipped,,1957 Ford Thunderbird,Classic Cars,1:18,Studio M Art Models,3209,34.21,71.27,Mini Caravy,,Strasbourg,France,53800,ghernande@classicmodelcars.com,Sales Rep,Paris,+33 1 47 23 44 04,France,EMEA,Gerard Hernandez,Frédérique  Citeaux,43 Rue Jouffroy Dabbans  75017,"24, place Kléber  67000"
22,72.02,2019-04-13,2019-04-20,2019-04-19,Shipped,,1970 Chevy Chevelle SS 454,Classic Cars,1:24,Unimax Art Galleries,1005,49.24,73.49,Mini Caravy,,Strasbourg,France,53800,ghernande@classicmodelcars.com,Sales Rep,Paris,+33 1 47 23 44 04,France,EMEA,Gerard Hernandez,Frédérique  Citeaux,43 Rue Jouffroy Dabbans  75017,"24, place Kléber  67000"
21,47.29,2019-04-13,2019-04-20,2019-04-19,Shipped,,1966 Shelby Cobra 427 S/C,Classic Cars,1:24,Carousel DieCast Legends,8197,29.18,50.31,Mini Caravy,,Strasbourg,France,53800,ghernande@classicmodelcars.com,Sales Rep,Paris,+33 1 47 23 44 04,France,EMEA,Gerard Hernandez,Frédérique  Citeaux,43 Rue Jouffroy Dabbans  75017,"24, place Kléber  67000"
47,89.05,2019-04-13,2019-04-20,2019-04-19,Shipped,,1949 Jaguar XK 120,Classic Cars,1:24,Classic Metal Creations,2350,47.25,90.87,Mini Caravy,,Strasbourg,France,53800,ghernande@classicmodelcars.com,Sales Rep,Paris,+33 1 47 23 44 04,France,EMEA,Gerard Hernandez,Frédérique  Citeaux,43 Rue Jouffroy Dabbans  75017,"24, place Kléber  67000"
28,117.44,2019-04-13,2019-04-20,2019-04-19,Shipped,,1952 Citroen-15CV,Classic Cars,1:24,Exoto Designs,1452,72.82,117.44,Mini Caravy,,Strasbourg,France,53800,ghernande@classicmodelcars.com,Sales Rep,Paris,+33 1 47 23 44 04,France,EMEA,Gerard Hernandez,Frédérique  Citeaux,43 Rue Jouffroy Dabbans  75017,"24, place Kléber  67000"
26,69.34,2019-04-13,2019-04-20,2019-04-19,Shipped,,1969 Chevrolet Camaro Z28,Classic Cars,1:24,Exoto Designs,4695,50.51,85.61,Mini Caravy,,Strasbourg,France,53800,ghernande@classicmodelcars.com,Sales Rep,Paris,+33 1 47 23 44 04,France,EMEA,Gerard Hernandez,Frédérique  Citeaux,43 Rue Jouffroy Dabbans  75017,"24, place Kléber  67000"
27,107.08,2019-04-13,2019-04-20,2019-04-19,Shipped,,2002 Chevy Corvette,Classic Cars,1:24,Gearbox Collectibles,9446,62.11,107.08,Mini Caravy,,Strasbourg,France,53800,ghernande@classicmodelcars.com,Sales Rep,Paris,+33 1 47 23 44 04,France,EMEA,Gerard Hernandez,Frédérique  Citeaux,43 Rue Jouffroy Dabbans  75017,"24, place Kléber  67000"
46,36.52,2019-04-20,2019-04-28,2019-04-25,Shipped,Customer is interested in buying more Ferrari models,1936 Mercedes Benz 500k Roadster,Vintage Cars,1:24,Red Start Diecast,2081,21.75,41.03,Microscale Inc.,+1 212-555-1957,NYC,USA,39800,ftseng@classicmodelcars.com,Sales Rep,NYC,+1 212-555-3000,USA,,Foon Yue Tseng,Yu Choi,523 East 53rd Street apt. 5A 10022,5290 North Pendale Street Suite 200 10022
47,111.87,2019-04-26,2019-05-03,2019-04-28,Shipped,,1932 Model A Ford J-Coupe,Vintage Cars,1:18,Autoart Studio Design,9354,58.48,127.13,Diecast Collectables,+1 617-555-2555,Boston,USA,85100,jfirrelli@classicmodelcars.com,Sales Rep,Boston,+1 215-837-0825,USA,,Julie Firrelli,Valarie Franco,1550 Court Place Suite 102 02107,6251 Ingle Ln.  51003
33,30.87,2019-04-26,2019-05-03,2019-04-28,Shipped,,1939 Chevrolet Deluxe Coupe,Vintage Cars,1:24,Motor City Art Classics,7332,22.57,33.19,Diecast Collectables,+1 617-555-2555,Boston,USA,85100,jfirrelli@classicmodelcars.com,Sales Rep,Boston,+1 215-837-0825,USA,,Julie Firrelli,Valarie Franco,1550 Court Place Suite 102 02107,6251 Ingle Ln.  51003
40,99.66,2019-04-29,2019-05-09,2019-05-04,Shipped,,1937 Lincoln Berline,Vintage Cars,1:18,Motor City Art Classics,8693,60.62,102.74,Euro+ Shopping Channel,+34 915 55 94 44,Madrid,Spain,227600,ghernande@classicmodelcars.com,Sales Rep,Paris,+33 1 47 23 44 04,France,EMEA,Gerard Hernandez,Diego  Freyre,43 Rue Jouffroy Dabbans  75017,"C/ Moralzarzal, 86  28034"
20,48.52,2019-04-29,2019-05-09,2019-05-04,Shipped,,1936 Mercedes-Benz 500K Special Roadster,Vintage Cars,1:18,Studio M Art Models,8635,24.26,53.91,Euro+ Shopping Channel,+34 915 55 94 44,Madrid,Spain,227600,ghernande@classicmodelcars.com,Sales Rep,Paris,+33 1 47 23 44 04,France,EMEA,Gerard Hernandez,Diego  Freyre,43 Rue Jouffroy Dabbans  75017,"C/ Moralzarzal, 86  28034"
43,141.75,2019-04-29,2019-05-09,2019-05-04,Shipped,,1928 Mercedes-Benz SSK,Vintage Cars,1:18,Gearbox Collectibles,548,72.56,168.75,Euro+ Shopping Channel,+34 915 55 94 44,Madrid,Spain,227600,ghernande@classicmodelcars.com,Sales Rep,Paris,+33 1 47 23 44 04,France,EMEA,Gerard Hernandez,Diego  Freyre,43 Rue Jouffroy Dabbans  75017,"C/ Moralzarzal, 86  28034"
30,87.13,2019-04-29,2019-05-09,2019-05-04,Shipped,,1913 Ford Model T Speedster,Vintage Cars,1:18,Carousel DieCast Legends,4189,60.78,101.31,Euro+ Shopping Channel,+34 915 55 94 44,Madrid,Spain,227600,ghernande@classicmodelcars.com,Sales Rep,Paris,+33 1 47 23 44 04,France,EMEA,Gerard Hernandez,Diego  Freyre,43 Rue Jouffroy Dabbans  75017,"C/ Moralzarzal, 86  28034"
24,54.96,2019-04-29,2019-05-09,2019-05-04,Shipped,,1934 Ford V8 Coupe,Vintage Cars,1:18,Min Lin Diecast,5649,34.35,62.46,Euro+ Shopping Channel,+34 915 55 94 44,Madrid,Spain,227600,ghernande@classicmodelcars.com,Sales Rep,Paris,+33 1 47 23 44 04,France,EMEA,Gerard Hernandez,Diego  Freyre,43 Rue Jouffroy Dabbans  75017,"C/ Moralzarzal, 86  28034"
29,85.87,2019-04-29,2019-05-09,2019-05-04,Shipped,,18th Century Vintage Horse Carriage,Vintage Cars,1:18,Red Start Diecast,5992,60.74,104.72,Euro+ Shopping Channel,+34 915 55 94 44,Madrid,Spain,227600,ghernande@classicmodelcars.com,Sales Rep,Paris,+33 1 47 23 44 04,France,EMEA,Gerard Hernandez,Diego  Freyre,43 Rue Jouffroy Dabbans  75017,"C/ Moralzarzal, 86  28034"
36,87.3,2019-04-29,2019-05-09,2019-05-04,Shipped,,1917 Maxwell Touring Car,Vintage Cars,1:18,Exoto Designs,7913,57.54,99.21,Euro+ Shopping Channel,+34 915 55 94 44,Madrid,Spain,227600,ghernande@classicmodelcars.com,Sales Rep,Paris,+33 1 47 23 44 04,France,EMEA,Gerard Hernandez,Diego  Freyre,43 Rue Jouffroy Dabbans  75017,"C/ Moralzarzal, 86  28034"
39,42.11,2019-04-29,2019-05-09,2019-05-04,Shipped,,1938 Cadillac V-16 Presidential Limousine,Vintage Cars,1:24,Classic Metal Creations,2847,20.61,44.8,Euro+ Shopping Channel,+34 915 55 94 44,Madrid,Spain,227600,ghernande@classicmodelcars.com,Sales Rep,Paris,+33 1 47 23 44 04,France,EMEA,Gerard Hernandez,Diego  Freyre,43 Rue Jouffroy Dabbans  75017,"C/ Moralzarzal, 86  28034"
40,97.39,2019-04-29,2019-05-09,2019-05-04,Shipped,,1936 Chrysler Airflow,Vintage Cars,1:24,Second Gear Diecast,4710,57.46,97.39,Euro+ Shopping Channel,+34 915 55 94 44,Madrid,Spain,227600,ghernande@classicmodelcars.com,Sales Rep,Paris,+33 1 47 23 44 04,France,EMEA,Gerard Hernandez,Diego  Freyre,43 Rue Jouffroy Dabbans  75017,"C/ Moralzarzal, 86  28034"
34,195.01,2019-05-04,2019-05-12,2019-05-09,Shipped,,1952 Alpine Renault 1300,Classic Cars,1:10,Classic Metal Creations,7305,98.58,214.3,Super Scale Inc.,+1 203-555-9545,New Haven,USA,95400,ftseng@classicmodelcars.com,Sales Rep,NYC,+1 212-555-3000,USA,,Foon Yue Tseng,Leslie Murphy,523 East 53rd Street apt. 5A 10022,567 North Pendale Street  97823
28,147.74,2019-05-04,2019-05-12,2019-05-09,Shipped,,1962 LanciaA Delta 16V,Classic Cars,1:10,Second Gear Diecast,6791,103.42,147.74,Super Scale Inc.,+1 203-555-9545,New Haven,USA,95400,ftseng@classicmodelcars.com,Sales Rep,NYC,+1 212-555-3000,USA,,Foon Yue Tseng,Leslie Murphy,523 East 53rd Street apt. 5A 10022,567 North Pendale Street  97823
38,120.27,2019-05-04,2019-05-12,2019-05-09,Shipped,,1958 Setra Bus,Trucks and Buses,1:12,Welly Diecast Productions,1579,77.9,136.67,Super Scale Inc.,+1 203-555-9545,New Haven,USA,95400,ftseng@classicmodelcars.com,Sales Rep,NYC,+1 212-555-3000,USA,,Foon Yue Tseng,Leslie Murphy,523 East 53rd Street apt. 5A 10022,567 North Pendale Street  97823
29,114.34,2019-05-04,2019-05-12,2019-05-09,Shipped,,1940 Ford Pickup Truck,Trucks and Buses,1:18,Studio M Art Models,2613,58.33,116.67,Super Scale Inc.,+1 203-555-9545,New Haven,USA,95400,ftseng@classicmodelcars.com,Sales Rep,NYC,+1 212-555-3000,USA,,Foon Yue Tseng,Leslie Murphy,523 East 53rd Street apt. 5A 10022,567 North Pendale Street  97823
21,111.39,2019-05-04,2019-05-12,2019-05-09,Shipped,,1940s Ford truck,Trucks and Buses,1:18,Motor City Art Classics,3128,84.76,121.08,Super Scale Inc.,+1 203-555-9545,New Haven,USA,95400,ftseng@classicmodelcars.com,Sales Rep,NYC,+1 212-555-3000,USA,,Foon Yue Tseng,Leslie Murphy,523 East 53rd Street apt. 5A 10022,567 North Pendale Street  97823
45,48.8,2019-05-04,2019-05-12,2019-05-09,Shipped,,1939 Cadillac Limousine,Vintage Cars,1:18,Studio M Art Models,6645,23.14,50.31,Super Scale Inc.,+1 203-555-9545,New Haven,USA,95400,ftseng@classicmodelcars.com,Sales Rep,NYC,+1 212-555-3000,USA,,Foon Yue Tseng,Leslie Murphy,523 East 53rd Street apt. 5A 10022,567 North Pendale Street  97823
37,81.86,2019-05-04,2019-05-12,2019-05-09,Shipped,,1980’s GM Manhattan Express,Trucks and Buses,1:32,Motor City Art Classics,5099,53.93,96.31,Super Scale Inc.,+1 203-555-9545,New Haven,USA,95400,ftseng@classicmodelcars.com,Sales Rep,NYC,+1 212-555-3000,USA,,Foon Yue Tseng,Leslie Murphy,523 East 53rd Street apt. 5A 10022,567 North Pendale Street  97823
44,54.94,2019-05-04,2019-05-12,2019-05-09,Shipped,,1996 Peterbilt 379 Stake Bed with Outrigger,Trucks and Buses,1:32,Red Start Diecast,814,33.61,64.64,Super Scale Inc.,+1 203-555-9545,New Haven,USA,95400,ftseng@classicmodelcars.com,Sales Rep,NYC,+1 212-555-3000,USA,,Foon Yue Tseng,Leslie Murphy,523 East 53rd Street apt. 5A 10022,567 North Pendale Street  97823
44,81.93,2019-05-04,2019-05-12,2019-05-09,Shipped,,1982 Camaro Z28,Classic Cars,1:18,Carousel DieCast Legends,6934,46.53,101.15,Super Scale Inc.,+1 203-555-9545,New Haven,USA,95400,ftseng@classicmodelcars.com,Sales Rep,NYC,+1 212-555-3000,USA,,Foon Yue Tseng,Leslie Murphy,523 East 53rd Street apt. 5A 10022,567 North Pendale Street  97823
46,99.54,2019-05-05,2019-05-13,2019-05-06,Shipped,,1957 Chevy Pickup,Trucks and Buses,1:12,Exoto Designs,6125,55.7,118.5,Euro+ Shopping Channel,+34 915 55 94 44,Madrid,Spain,227600,ghernande@classicmodelcars.com,Sales Rep,Paris,+33 1 47 23 44 04,France,EMEA,Gerard Hernandez,Diego  Freyre,43 Rue Jouffroy Dabbans  75017,"C/ Moralzarzal, 86  28034"
40,144.08,2019-05-05,2019-05-13,2019-05-06,Shipped,,1998 Chrysler Plymouth Prowler,Classic Cars,1:18,Gearbox Collectibles,4724,101.51,163.73,Euro+ Shopping Channel,+34 915 55 94 44,Madrid,Spain,227600,ghernande@classicmodelcars.com,Sales Rep,Paris,+33 1 47 23 44 04,France,EMEA,Gerard Hernandez,Diego  Freyre,43 Rue Jouffroy Dabbans  75017,"C/ Moralzarzal, 86  28034"
22,100.64,2019-05-05,2019-05-13,2019-05-06,Shipped,,1964 Mercedes Tour Bus,Trucks and Buses,1:18,Unimax Art Galleries,8258,74.86,122.73,Euro+ Shopping Channel,+34 915 55 94 44,Madrid,Spain,227600,ghernande@classicmodelcars.com,Sales Rep,Paris,+33 1 47 23 44 04,France,EMEA,Gerard Hernandez,Diego  Freyre,43 Rue Jouffroy Dabbans  75017,"C/ Moralzarzal, 86  28034"
30,57.73,2019-05-05,2019-05-13,2019-05-06,Shipped,,1926 Ford Fire Engine,Trucks and Buses,1:18,Carousel DieCast Legends,2019,24.92,60.77,Euro+ Shopping Channel,+34 915 55 94 44,Madrid,Spain,227600,ghernande@classicmodelcars.com,Sales Rep,Paris,+33 1 47 23 44 04,France,EMEA,Gerard Hernandez,Diego  Freyre,43 Rue Jouffroy Dabbans  75017,"C/ Moralzarzal, 86  28034"
36,145.63,2019-05-05,2019-05-13,2019-05-06,Shipped,,1992 Ferrari 360 Spider red,Classic Cars,1:18,Unimax Art Galleries,8347,77.9,169.34,Euro+ Shopping Channel,+34 915 55 94 44,Madrid,Spain,227600,ghernande@classicmodelcars.com,Sales Rep,Paris,+33 1 47 23 44 04,France,EMEA,Gerard Hernandez,Diego  Freyre,43 Rue Jouffroy Dabbans  75017,"C/ Moralzarzal, 86  28034"
44,46.24,2019-05-05,2019-05-13,2019-05-06,Shipped,,1970 Dodge Coronet,Classic Cars,1:24,Highway 66 Mini Classics,4074,32.37,57.8,Euro+ Shopping Channel,+34 915 55 94 44,Madrid,Spain,227600,ghernande@classicmodelcars.com,Sales Rep,Paris,+33 1 47 23 44 04,France,EMEA,Gerard Hernandez,Diego  Freyre,43 Rue Jouffroy Dabbans  75017,"C/ Moralzarzal, 86  28034"
29,118.84,2019-05-05,2019-05-13,2019-05-06,Shipped,,1962 Volkswagen Microbus,Trucks and Buses,1:24,Autoart Studio Design,2327,61.34,127.79,Euro+ Shopping Channel,+34 915 55 94 44,Madrid,Spain,227600,ghernande@classicmodelcars.com,Sales Rep,Paris,+33 1 47 23 44 04,France,EMEA,Gerard Hernandez,Diego  Freyre,43 Rue Jouffroy Dabbans  75017,"C/ Moralzarzal, 86  28034"
49,34.65,2019-05-05,2019-05-13,2019-05-06,Shipped,,1958 Chevy Corvette Limited Edition,Classic Cars,1:24,Carousel DieCast Legends,2542,15.91,35.36,Euro+ Shopping Channel,+34 915 55 94 44,Madrid,Spain,227600,ghernande@classicmodelcars.com,Sales Rep,Paris,+33 1 47 23 44 04,France,EMEA,Gerard Hernandez,Diego  Freyre,43 Rue Jouffroy Dabbans  75017,"C/ Moralzarzal, 86  28034"
46,100.54,2019-05-05,2019-05-13,2019-05-06,Shipped,,1992 Porsche Cayenne Turbo Silver,Classic Cars,1:24,Exoto Designs,6582,69.78,118.28,Euro+ Shopping Channel,+34 915 55 94 44,Madrid,Spain,227600,ghernande@classicmodelcars.com,Sales Rep,Paris,+33 1 47 23 44 04,France,EMEA,Gerard Hernandez,Diego  Freyre,43 Rue Jouffroy Dabbans  75017,"C/ Moralzarzal, 86  28034"
35,45.45,2019-05-05,2019-05-13,2019-05-06,Shipped,,1954 Greyhound Scenicruiser,Trucks and Buses,1:32,Classic Metal Creations,2874,25.98,54.11,Euro+ Shopping Channel,+34 915 55 94 44,Madrid,Spain,227600,ghernande@classicmodelcars.com,Sales Rep,Paris,+33 1 47 23 44 04,France,EMEA,Gerard Hernandez,Diego  Freyre,43 Rue Jouffroy Dabbans  75017,"C/ Moralzarzal, 86  28034"
22,113.44,2019-05-05,2019-05-13,2019-05-06,Shipped,,Diamond T620 Semi-Skirted Tanker,Trucks and Buses,1:50,Highway 66 Mini Classics,1016,68.29,115.75,Euro+ Shopping Channel,+34 915 55 94 44,Madrid,Spain,227600,ghernande@classicmodelcars.com,Sales Rep,Paris,+33 1 47 23 44 04,France,EMEA,Gerard Hernandez,Diego  Freyre,43 Rue Jouffroy Dabbans  75017,"C/ Moralzarzal, 86  28034"
44,195.33,2019-05-05,2019-05-11,2019-05-08,Shipped,,2001 Ferrari Enzo,Classic Cars,1:12,Second Gear Diecast,3619,95.59,207.8,Suominen Souveniers,+358 9 8045555,Espoo,Finland,98800,lbott@classicmodelcars.com,Sales Rep,London,+44 20 7877 2041,UK,EMEA,Larry Bott,Kalle Suominen,25 Old Broad Street Level 7 EC2N 1HN,Software Engineering Center SEC Oy FIN-02271
25,140.5,2019-05-05,2019-05-11,2019-05-08,Shipped,,1969 Corvair Monza,Classic Cars,1:18,Welly Diecast Productions,6906,89.14,151.08,Suominen Souveniers,+358 9 8045555,Espoo,Finland,98800,lbott@classicmodelcars.com,Sales Rep,London,+44 20 7877 2041,UK,EMEA,Larry Bott,Kalle Suominen,25 Old Broad Street Level 7 EC2N 1HN,Software Engineering Center SEC Oy FIN-02271
27,167.83,2019-05-05,2019-05-11,2019-05-08,Shipped,,1969 Ford Falcon,Classic Cars,1:12,Second Gear Diecast,1049,83.05,173.02,Suominen Souveniers,+358 9 8045555,Espoo,Finland,98800,lbott@classicmodelcars.com,Sales Rep,London,+44 20 7877 2041,UK,EMEA,Larry Bott,Kalle Suominen,25 Old Broad Street Level 7 EC2N 1HN,Software Engineering Center SEC Oy FIN-02271
48,143.62,2019-05-05,2019-05-11,2019-05-08,Shipped,,1970 Triumph Spitfire,Classic Cars,1:18,Min Lin Diecast,5545,91.92,143.62,Suominen Souveniers,+358 9 8045555,Espoo,Finland,98800,lbott@classicmodelcars.com,Sales Rep,London,+44 20 7877 2041,UK,EMEA,Larry Bott,Kalle Suominen,25 Old Broad Street Level 7 EC2N 1HN,Software Engineering Center SEC Oy FIN-02271
40,58.41,2019-05-05,2019-05-11,2019-05-08,Shipped,,1950s Chicago Surface Lines Streetcar,Trains,1:32,Gearbox Collectibles,8601,26.72,62.14,Suominen Souveniers,+358 9 8045555,Espoo,Finland,98800,lbott@classicmodelcars.com,Sales Rep,London,+44 20 7877 2041,UK,EMEA,Larry Bott,Kalle Suominen,25 Old Broad Street Level 7 EC2N 1HN,Software Engineering Center SEC Oy FIN-02271
49,51.55,2019-05-05,2019-05-11,2019-05-08,Shipped,,1962 City of Detroit Streetcar,Trains,1:50,Classic Metal Creations,1645,37.49,58.58,Suominen Souveniers,+358 9 8045555,Espoo,Finland,98800,lbott@classicmodelcars.com,Sales Rep,London,+44 20 7877 2041,UK,EMEA,Larry Bott,Kalle Suominen,25 Old Broad Street Level 7 EC2N 1HN,Software Engineering Center SEC Oy FIN-02271
20,126.48,2019-05-07,2019-05-14,,Cancelled,Order was mistakenly placed. The warehouse noticed the lack of documentation.,1972 Alfa Romeo GTA,Classic Cars,1:10,Motor City Art Classics,3252,85.68,136.0,Land of Toys Inc.,+1 212-555-7818,NYC,USA,114900,gvanauf@classicmodelcars.com,Sales Rep,NYC,+1 212-555-3000,USA,,George Vanauf,Kwai Lee,523 East 53rd Street apt. 5A 10022,897 Long Airport Avenue  10022
21,80.86,2019-05-07,2019-05-14,,Cancelled,Order was mistakenly placed. The warehouse noticed the lack of documentation.,1999 Yamaha Speed Boat,Ships,1:18,Min Lin Diecast,4259,51.61,86.02,Land of Toys Inc.,+1 212-555-7818,NYC,USA,114900,gvanauf@classicmodelcars.com,Sales Rep,NYC,+1 212-555-3000,USA,,George Vanauf,Kwai Lee,523 East 53rd Street apt. 5A 10022,897 Long Airport Avenue  10022
32,133.86,2019-05-07,2019-05-14,,Cancelled,Order was mistakenly placed. The warehouse noticed the lack of documentation.,1903 Ford Model A,Vintage Cars,1:18,Unimax Art Galleries,3913,68.3,136.59,Land of Toys Inc.,+1 212-555-7818,NYC,USA,114900,gvanauf@classicmodelcars.com,Sales Rep,NYC,+1 212-555-3000,USA,,George Vanauf,Kwai Lee,523 East 53rd Street apt. 5A 10022,897 Long Airport Avenue  10022
42,95.8,2019-05-07,2019-05-14,,Cancelled,Order was mistakenly placed. The warehouse noticed the lack of documentation.,Collectable Wooden Train,Trains,1:18,Carousel DieCast Legends,6450,67.56,100.84,Land of Toys Inc.,+1 212-555-7818,NYC,USA,114900,gvanauf@classicmodelcars.com,Sales Rep,NYC,+1 212-555-3000,USA,,George Vanauf,Kwai Lee,523 East 53rd Street apt. 5A 10022,897 Long Airport Avenue  10022
42,87.77,2019-05-07,2019-05-14,,Cancelled,Order was mistakenly placed. The warehouse noticed the lack of documentation.,1904 Buick Runabout,Vintage Cars,1:18,Exoto Designs,8290,52.66,87.77,Land of Toys Inc.,+1 212-555-7818,NYC,USA,114900,gvanauf@classicmodelcars.com,Sales Rep,NYC,+1 212-555-3000,USA,,George Vanauf,Kwai Lee,523 East 53rd Street apt. 5A 10022,897 Long Airport Avenue  10022
48,122.89,2019-05-07,2019-05-14,,Cancelled,Order was mistakenly placed. The warehouse noticed the lack of documentation.,18th century schooner,Ships,1:24,Carousel DieCast Legends,1898,82.34,122.89,Land of Toys Inc.,+1 212-555-7818,NYC,USA,114900,gvanauf@classicmodelcars.com,Sales Rep,NYC,+1 212-555-3000,USA,,George Vanauf,Kwai Lee,523 East 53rd Street apt. 5A 10022,897 Long Airport Avenue  10022
30,85.85,2019-05-07,2019-05-14,,Cancelled,Order was mistakenly placed. The warehouse noticed the lack of documentation.,1912 Ford Model T Delivery Wagon,Vintage Cars,1:24,Min Lin Diecast,9173,46.91,88.51,Land of Toys Inc.,+1 212-555-7818,NYC,USA,114900,gvanauf@classicmodelcars.com,Sales Rep,NYC,+1 212-555-3000,USA,,George Vanauf,Kwai Lee,523 East 53rd Street apt. 5A 10022,897 Long Airport Avenue  10022
23,83.02,2019-05-07,2019-05-14,,Cancelled,Order was mistakenly placed. The warehouse noticed the lack of documentation.,1940 Ford Delivery Sedan,Vintage Cars,1:24,Carousel DieCast Legends,6621,48.64,83.86,Land of Toys Inc.,+1 212-555-7818,NYC,USA,114900,gvanauf@classicmodelcars.com,Sales Rep,NYC,+1 212-555-3000,USA,,George Vanauf,Kwai Lee,523 East 53rd Street apt. 5A 10022,897 Long Airport Avenue  10022
36,66.0,2019-05-07,2019-05-14,,Cancelled,Order was mistakenly placed. The warehouse noticed the lack of documentation.,The Schooner Bluenose,Ships,1:700,Autoart Studio Design,1897,34.0,66.67,Land of Toys Inc.,+1 212-555-7818,NYC,USA,114900,gvanauf@classicmodelcars.com,Sales Rep,NYC,+1 212-555-3000,USA,,George Vanauf,Kwai Lee,523 East 53rd Street apt. 5A 10022,897 Long Airport Avenue  10022
40,81.41,2019-05-07,2019-05-14,,Cancelled,Order was mistakenly placed. The warehouse noticed the lack of documentation.,The Mayflower,Ships,1:700,Studio M Art Models,737,43.3,86.61,Land of Toys Inc.,+1 212-555-7818,NYC,USA,114900,gvanauf@classicmodelcars.com,Sales Rep,NYC,+1 212-555-3000,USA,,George Vanauf,Kwai Lee,523 East 53rd Street apt. 5A 10022,897 Long Airport Avenue  10022
32,69.39,2019-05-07,2019-05-14,,Cancelled,Order was mistakenly placed. The warehouse noticed the lack of documentation.,The USS Constitution Ship,Ships,1:700,Red Start Diecast,7083,33.97,72.28,Land of Toys Inc.,+1 212-555-7818,NYC,USA,114900,gvanauf@classicmodelcars.com,Sales Rep,NYC,+1 212-555-3000,USA,,George Vanauf,Kwai Lee,523 East 53rd Street apt. 5A 10022,897 Long Airport Avenue  10022
30,84.14,2019-05-07,2019-05-14,,Cancelled,Order was mistakenly placed. The warehouse noticed the lack of documentation.,The Titanic,Ships,1:700,Carousel DieCast Legends,1956,51.09,100.17,Land of Toys Inc.,+1 212-555-7818,NYC,USA,114900,gvanauf@classicmodelcars.com,Sales Rep,NYC,+1 212-555-3000,USA,,George Vanauf,Kwai Lee,523 East 53rd Street apt. 5A 10022,897 Long Airport Avenue  10022
35,92.36,2019-05-07,2019-05-14,,Cancelled,Order was mistakenly placed. The warehouse noticed the lack of documentation.,The Queen Mary,Ships,1:700,Welly Diecast Productions,5088,53.63,99.31,Land of Toys Inc.,+1 212-555-7818,NYC,USA,114900,gvanauf@classicmodelcars.com,Sales Rep,NYC,+1 212-555-3000,USA,,George Vanauf,Kwai Lee,523 East 53rd Street apt. 5A 10022,897 Long Airport Avenue  10022
23,53.51,2019-05-07,2019-05-14,,Cancelled,Order was mistakenly placed. The warehouse noticed the lack of documentation.,Pont Yacht,Ships,1:72,Unimax Art Galleries,414,33.3,54.6,Land of Toys Inc.,+1 212-555-7818,NYC,USA,114900,gvanauf@classicmodelcars.com,Sales Rep,NYC,+1 212-555-3000,USA,,George Vanauf,Kwai Lee,523 East 53rd Street apt. 5A 10022,897 Long Airport Avenue  10022
46,88.93,2019-05-08,2019-05-17,2019-05-11,Shipped,Can we deliver the new Ford Mustang models by end-of-quarter?,1941 Chevrolet Special Deluxe Cabriolet,Vintage Cars,1:18,Exoto Designs,2378,64.58,105.87,Cambridge Collectables Co.,+1 617-555-5555,Cambridge,USA,43400,jfirrelli@classicmodelcars.com,Sales Rep,Boston,+1 215-837-0825,USA,,Julie Firrelli,Jerry Tseng,1550 Court Place Suite 102 02107,4658 Baden Av.  51247
20,54.81,2019-05-08,2019-05-17,2019-05-11,Shipped,Can we deliver the new Ford Mustang models by end-of-quarter?,1900s Vintage Bi-Plane,Planes,1:24,Autoart Studio Design,5942,34.25,68.51,Cambridge Collectables Co.,+1 617-555-5555,Cambridge,USA,43400,jfirrelli@classicmodelcars.com,Sales Rep,Boston,+1 215-837-0825,USA,,Julie Firrelli,Jerry Tseng,1550 Court Place Suite 102 02107,4658 Baden Av.  51247
25,65.75,2019-05-08,2019-05-17,2019-05-11,Shipped,Can we deliver the new Ford Mustang models by end-of-quarter?,1937 Horch 930V Limousine,Vintage Cars,1:24,Autoart Studio Design,2902,26.3,65.75,Cambridge Collectables Co.,+1 617-555-5555,Cambridge,USA,43400,jfirrelli@classicmodelcars.com,Sales Rep,Boston,+1 215-837-0825,USA,,Julie Firrelli,Jerry Tseng,1550 Court Place Suite 102 02107,4658 Baden Av.  51247
40,85.99,2019-05-08,2019-05-17,2019-05-11,Shipped,Can we deliver the new Ford Mustang models by end-of-quarter?,HMS Bounty,Ships,1:700,Unimax Art Galleries,3501,39.83,90.52,Cambridge Collectables Co.,+1 617-555-5555,Cambridge,USA,43400,jfirrelli@classicmodelcars.com,Sales Rep,Boston,+1 215-837-0825,USA,,Julie Firrelli,Jerry Tseng,1550 Court Place Suite 102 02107,4658 Baden Av.  51247
32,49.16,2019-05-08,2019-05-17,2019-05-11,Shipped,Can we deliver the new Ford Mustang models by end-of-quarter?,Boeing X-32A JSF,Planes,1:72,Motor City Art Classics,4857,32.77,49.66,Cambridge Collectables Co.,+1 617-555-5555,Cambridge,USA,43400,jfirrelli@classicmodelcars.com,Sales Rep,Boston,+1 215-837-0825,USA,,Julie Firrelli,Jerry Tseng,1550 Court Place Suite 102 02107,4658 Baden Av.  51247
45,148.23,2019-05-11,2019-05-19,2019-05-15,Shipped,,1980s Black Hawk Helicopter,Planes,1:18,Red Start Diecast,5330,77.27,157.69,The Sharp Gifts Warehouse,+1 408-555-3659,San Jose,USA,77600,ljennings@classicmodelcars.com,Sales Rep,San Francisco,+1 650-219-4782,USA,,Leslie Jennings,Sue Frick,100 Market Street Suite 300 94080,3086 Ingle Ln.  94217
27,84.48,2019-05-11,2019-05-19,2019-05-15,Shipped,,P-51-D Mustang,Planes,1:72,Gearbox Collectibles,992,49.0,84.48,The Sharp Gifts Warehouse,+1 408-555-3659,San Jose,USA,77600,ljennings@classicmodelcars.com,Sales Rep,San Francisco,+1 650-219-4782,USA,,Leslie Jennings,Sue Frick,100 Market Street Suite 300 94080,3086 Ingle Ln.  94217
31,95.2,2019-05-11,2019-05-19,2019-05-15,Shipped,,1928 British Royal Navy Airplane,Planes,1:24,Classic Metal Creations,3627,66.74,109.42,The Sharp Gifts Warehouse,+1 408-555-3659,San Jose,USA,77600,ljennings@classicmodelcars.com,Sales Rep,San Francisco,+1 650-219-4782,USA,,Leslie Jennings,Sue Frick,100 Market Street Suite 300 94080,3086 Ingle Ln.  94217
32,63.22,2019-05-11,2019-05-19,2019-05-15,Shipped,,1960 BSA Gold Star DBD34,Motorcycles,1:24,Highway 66 Mini Classics,15,37.32,76.17,The Sharp Gifts Warehouse,+1 408-555-3659,San Jose,USA,77600,ljennings@classicmodelcars.com,Sales Rep,San Francisco,+1 650-219-4782,USA,,Leslie Jennings,Sue Frick,100 Market Street Suite 300 94080,3086 Ingle Ln.  94217
40,61.42,2019-05-11,2019-05-19,2019-05-15,Shipped,,Corsair F4U ( Bird Cage),Planes,1:24,Second Gear Diecast,6812,29.34,68.24,The Sharp Gifts Warehouse,+1 408-555-3659,San Jose,USA,77600,ljennings@classicmodelcars.com,Sales Rep,San Francisco,+1 650-219-4782,USA,,Leslie Jennings,Sue Frick,100 Market Street Suite 300 94080,3086 Ingle Ln.  94217
37,72.45,2019-05-11,2019-05-19,2019-05-15,Shipped,,1900s Vintage Tri-Plane,Planes,1:24,Unimax Art Galleries,2756,36.23,72.45,The Sharp Gifts Warehouse,+1 408-555-3659,San Jose,USA,77600,ljennings@classicmodelcars.com,Sales Rep,San Francisco,+1 650-219-4782,USA,,Leslie Jennings,Sue Frick,100 Market Street Suite 300 94080,3086 Ingle Ln.  94217
31,99.89,2019-05-11,2019-05-19,2019-05-15,Shipped,,1997 BMW F650 ST,Motorcycles,1:32,Exoto Designs,178,66.92,99.89,The Sharp Gifts Warehouse,+1 408-555-3659,San Jose,USA,77600,ljennings@classicmodelcars.com,Sales Rep,San Francisco,+1 650-219-4782,USA,,Leslie Jennings,Sue Frick,100 Market Street Suite 300 94080,3086 Ingle Ln.  94217
50,62.6,2019-05-11,2019-05-19,2019-05-15,Shipped,,1928 Ford Phaeton Deluxe,Vintage Cars,1:32,Highway 66 Mini Classics,136,33.02,68.79,The Sharp Gifts Warehouse,+1 408-555-3659,San Jose,USA,77600,ljennings@classicmodelcars.com,Sales Rep,San Francisco,+1 650-219-4782,USA,,Leslie Jennings,Sue Frick,100 Market Street Suite 300 94080,3086 Ingle Ln.  94217
36,36.66,2019-05-11,2019-05-19,2019-05-15,Shipped,,1930 Buick Marquette Phaeton,Vintage Cars,1:50,Studio M Art Models,7062,27.06,43.64,The Sharp Gifts Warehouse,+1 408-555-3659,San Jose,USA,77600,ljennings@classicmodelcars.com,Sales Rep,San Francisco,+1 650-219-4782,USA,,Leslie Jennings,Sue Frick,100 Market Street Suite 300 94080,3086 Ingle Ln.  94217
31,91.34,2019-05-11,2019-05-19,2019-05-15,Shipped,,American Airlines: B767-300,Planes,1:700,Min Lin Diecast,5841,51.15,91.34,The Sharp Gifts Warehouse,+1 408-555-3659,San Jose,USA,77600,ljennings@classicmodelcars.com,Sales Rep,San Francisco,+1 650-219-4782,USA,,Leslie Jennings,Sue Frick,100 Market Street Suite 300 94080,3086 Ingle Ln.  94217
35,90.75,2019-05-11,2019-05-19,2019-05-15,Shipped,,America West Airlines B757-200,Planes,1:700,Motor City Art Classics,9653,68.8,99.72,The Sharp Gifts Warehouse,+1 408-555-3659,San Jose,USA,77600,ljennings@classicmodelcars.com,Sales Rep,San Francisco,+1 650-219-4782,USA,,Leslie Jennings,Sue Frick,100 Market Street Suite 300 94080,3086 Ingle Ln.  94217
44,98.48,2019-05-11,2019-05-19,2019-05-15,Shipped,,ATA: B757-300,Planes,1:700,Highway 66 Mini Classics,7106,59.33,118.65,The Sharp Gifts Warehouse,+1 408-555-3659,San Jose,USA,77600,ljennings@classicmodelcars.com,Sales Rep,San Francisco,+1 650-219-4782,USA,,Leslie Jennings,Sue Frick,100 Market Street Suite 300 94080,3086 Ingle Ln.  94217
44,76.0,2019-05-11,2019-05-19,2019-05-15,Shipped,,F/A 18 Hornet 1/72,Planes,1:72,Motor City Art Classics,551,54.4,80.0,The Sharp Gifts Warehouse,+1 408-555-3659,San Jose,USA,77600,ljennings@classicmodelcars.com,Sales Rep,San Francisco,+1 650-219-4782,USA,,Leslie Jennings,Sue Frick,100 Market Street Suite 300 94080,3086 Ingle Ln.  94217
38,65.89,2019-05-11,2019-05-19,2019-05-15,Shipped,,American Airlines: MD-11S,Planes,1:700,Second Gear Diecast,8820,36.27,74.03,The Sharp Gifts Warehouse,+1 408-555-3659,San Jose,USA,77600,ljennings@classicmodelcars.com,Sales Rep,San Francisco,+1 650-219-4782,USA,,Leslie Jennings,Sue Frick,100 Market Street Suite 300 94080,3086 Ingle Ln.  94217
59,93.79,2019-05-18,2019-05-24,2019-05-24,Shipped,,1969 Harley Davidson Ultimate Chopper,Motorcycles,1:10,Min Lin Diecast,7933,48.81,95.7,Tekni Collectables Inc.,+1 201-555-9350,Newark,USA,43000,gvanauf@classicmodelcars.com,Sales Rep,NYC,+1 212-555-3000,USA,,George Vanauf,William Brown,523 East 53rd Street apt. 5A 10022,7476 Moss Rd.  94019
44,115.37,2019-05-18,2019-05-24,2019-05-24,Shipped,,1996 Moto Guzzi 1100i,Motorcycles,1:10,Highway 66 Mini Classics,6625,68.99,118.94,Tekni Collectables Inc.,+1 201-555-9350,Newark,USA,43000,gvanauf@classicmodelcars.com,Sales Rep,NYC,+1 212-555-3000,USA,,George Vanauf,William Brown,523 East 53rd Street apt. 5A 10022,7476 Moss Rd.  94019
43,172.36,2019-05-18,2019-05-24,2019-05-24,Shipped,,2003 Harley-Davidson Eagle Drag Bike,Motorcycles,1:10,Red Start Diecast,5582,91.02,193.66,Tekni Collectables Inc.,+1 201-555-9350,Newark,USA,43000,gvanauf@classicmodelcars.com,Sales Rep,NYC,+1 212-555-3000,USA,,George Vanauf,William Brown,523 East 53rd Street apt. 5A 10022,7476 Moss Rd.  94019
46,129.53,2019-05-18,2019-05-24,2019-05-24,Shipped,,2002 Suzuki XREO,Motorcycles,1:12,Unimax Art Galleries,9997,66.27,150.62,Tekni Collectables Inc.,+1 201-555-9350,Newark,USA,43000,gvanauf@classicmodelcars.com,Sales Rep,NYC,+1 212-555-3000,USA,,George Vanauf,William Brown,523 East 53rd Street apt. 5A 10022,7476 Moss Rd.  94019
44,58.15,2019-05-18,2019-05-24,2019-05-24,Shipped,,1936 Harley Davidson El Knucklehead,Motorcycles,1:18,Welly Diecast Productions,4357,24.23,60.57,Tekni Collectables Inc.,+1 201-555-9350,Newark,USA,43000,gvanauf@classicmodelcars.com,Sales Rep,NYC,+1 212-555-3000,USA,,George Vanauf,William Brown,523 East 53rd Street apt. 5A 10022,7476 Moss Rd.  94019
50,91.29,2019-05-18,2019-05-24,2019-05-24,Shipped,,1997 BMW R 1100 S,Motorcycles,1:24,Autoart Studio Design,7003,60.86,112.7,Tekni Collectables Inc.,+1 201-555-9350,Newark,USA,43000,gvanauf@classicmodelcars.com,Sales Rep,NYC,+1 212-555-3000,USA,,George Vanauf,William Brown,523 East 53rd Street apt. 5A 10022,7476 Moss Rd.  94019
20,74.78,2019-05-26,2019-06-04,2019-05-29,Shipped,,1969 Dodge Super Bee,Classic Cars,1:18,Min Lin Diecast,1917,49.05,80.41,Auto Canal+ Petit,+33 1 47 55 65 55,Paris,France,95000,lbondur@classicmodelcars.com,Sales Rep,Paris,+33 1 47 23 44 04,France,EMEA,Loui Bondur,Dominique Perrier,43 Rue Jouffroy Dabbans  75017,"25, rue Lauriston  75016"
41,145.52,2019-05-26,2019-06-04,2019-05-29,Shipped,,1976 Ford Gran Torino,Classic Cars,1:18,Gearbox Collectibles,9127,73.49,146.99,Auto Canal+ Petit,+33 1 47 55 65 55,Paris,France,95000,lbondur@classicmodelcars.com,Sales Rep,Paris,+33 1 47 23 44 04,France,EMEA,Loui Bondur,Dominique Perrier,43 Rue Jouffroy Dabbans  75017,"25, rue Lauriston  75016"
31,50.36,2019-05-26,2019-06-04,2019-05-29,Shipped,,1957 Vespa GS150,Motorcycles,1:18,Studio M Art Models,7689,32.95,62.17,Auto Canal+ Petit,+33 1 47 55 65 55,Paris,France,95000,lbondur@classicmodelcars.com,Sales Rep,Paris,+33 1 47 23 44 04,France,EMEA,Loui Bondur,Dominique Perrier,43 Rue Jouffroy Dabbans  75017,"25, rue Lauriston  75016"
26,127.97,2019-05-26,2019-06-04,2019-05-29,Shipped,,1957 Corvette Convertible,Classic Cars,1:18,Classic Metal Creations,1249,69.93,148.8,Auto Canal+ Petit,+33 1 47 55 65 55,Paris,France,95000,lbondur@classicmodelcars.com,Sales Rep,Paris,+33 1 47 23 44 04,France,EMEA,Loui Bondur,Dominique Perrier,43 Rue Jouffroy Dabbans  75017,"25, rue Lauriston  75016"
47,63.03,2019-05-26,2019-06-04,2019-05-29,Shipped,,1982 Ducati 900 Monster,Motorcycles,1:24,Highway 66 Mini Classics,6840,47.1,69.26,Auto Canal+ Petit,+33 1 47 55 65 55,Paris,France,95000,lbondur@classicmodelcars.com,Sales Rep,Paris,+33 1 47 23 44 04,France,EMEA,Loui Bondur,Dominique Perrier,43 Rue Jouffroy Dabbans  75017,"25, rue Lauriston  75016"
38,69.52,2019-05-26,2019-06-04,2019-05-29,Shipped,,1961 Chevrolet Impala,Classic Cars,1:18,Classic Metal Creations,7869,32.33,80.84,Auto Canal+ Petit,+33 1 47 55 65 55,Paris,France,95000,lbondur@classicmodelcars.com,Sales Rep,Paris,+33 1 47 23 44 04,France,EMEA,Loui Bondur,Dominique Perrier,43 Rue Jouffroy Dabbans  75017,"25, rue Lauriston  75016"
36,36.21,2019-05-26,2019-06-04,2019-05-29,Shipped,,1982 Ducati 996 R,Motorcycles,1:32,Gearbox Collectibles,9241,24.14,40.23,Auto Canal+ Petit,+33 1 47 55 65 55,Paris,France,95000,lbondur@classicmodelcars.com,Sales Rep,Paris,+33 1 47 23 44 04,France,EMEA,Loui Bondur,Dominique Perrier,43 Rue Jouffroy Dabbans  75017,"25, rue Lauriston  75016"
25,93.89,2019-05-26,2019-06-04,2019-05-29,Shipped,,1974 Ducati 350 Mk3 Desmo,Motorcycles,1:32,Second Gear Diecast,3341,56.13,102.05,Auto Canal+ Petit,+33 1 47 55 65 55,Paris,France,95000,lbondur@classicmodelcars.com,Sales Rep,Paris,+33 1 47 23 44 04,France,EMEA,Loui Bondur,Dominique Perrier,43 Rue Jouffroy Dabbans  75017,"25, rue Lauriston  75016"
48,72.41,2019-05-26,2019-06-04,2019-05-29,Shipped,,2002 Yamaha YZR M1,Motorcycles,1:50,Autoart Studio Design,600,34.17,81.36,Auto Canal+ Petit,+33 1 47 55 65 55,Paris,France,95000,lbondur@classicmodelcars.com,Sales Rep,Paris,+33 1 47 23 44 04,France,EMEA,Loui Bondur,Dominique Perrier,43 Rue Jouffroy Dabbans  75017,"25, rue Lauriston  75016"
24,157.6,2019-06-01,2019-06-09,2019-06-02,Cancelled,"Customer disputed the order and we agreed to cancel it. We must be more cautions with this customer going forward, since they are very hard to please. We must cover the shipping fees.",1968 Ford Mustang,Classic Cars,1:12,Autoart Studio Design,68,95.34,194.57,"UK Collectables, Ltd.",,Liverpool,UK,92700,lbott@classicmodelcars.com,Sales Rep,London,+44 20 7877 2041,UK,EMEA,Larry Bott,Elizabeth Devon,25 Old Broad Street Level 7 EC2N 1HN,"12, Berkeley Gardens Blvd  WX1 6LT"
22,102.17,2019-06-01,2019-06-09,2019-06-02,Cancelled,"Customer disputed the order and we agreed to cancel it. We must be more cautions with this customer going forward, since they are very hard to please. We must cover the shipping fees.",1968 Dodge Charger,Classic Cars,1:12,Welly Diecast Productions,9123,75.16,117.44,"UK Collectables, Ltd.",,Liverpool,UK,92700,lbott@classicmodelcars.com,Sales Rep,London,+44 20 7877 2041,UK,EMEA,Larry Bott,Elizabeth Devon,25 Old Broad Street Level 7 EC2N 1HN,"12, Berkeley Gardens Blvd  WX1 6LT"
25,67.03,2019-06-01,2019-06-09,2019-06-02,Cancelled,"Customer disputed the order and we agreed to cancel it. We must be more cautions with this customer going forward, since they are very hard to please. We must cover the shipping fees.",1970 Plymouth Hemi Cuda,Classic Cars,1:12,Studio M Art Models,5663,31.92,79.8,"UK Collectables, Ltd.",,Liverpool,UK,92700,lbott@classicmodelcars.com,Sales Rep,London,+44 20 7877 2041,UK,EMEA,Larry Bott,Elizabeth Devon,25 Old Broad Street Level 7 EC2N 1HN,"12, Berkeley Gardens Blvd  WX1 6LT"
41,109.4,2019-06-01,2019-06-09,2019-06-02,Cancelled,"Customer disputed the order and we agreed to cancel it. We must be more cautions with this customer going forward, since they are very hard to please. We must cover the shipping fees.",1969 Dodge Charger,Classic Cars,1:12,Welly Diecast Productions,7323,58.73,115.16,"UK Collectables, Ltd.",,Liverpool,UK,92700,lbott@classicmodelcars.com,Sales Rep,London,+44 20 7877 2041,UK,EMEA,Larry Bott,Elizabeth Devon,25 Old Broad Street Level 7 EC2N 1HN,"12, Berkeley Gardens Blvd  WX1 6LT"
26,130.22,2019-06-01,2019-06-09,2019-06-02,Cancelled,"Customer disputed the order and we agreed to cancel it. We must be more cautions with this customer going forward, since they are very hard to please. We must cover the shipping fees.",1993 Mazda RX-7,Classic Cars,1:18,Highway 66 Mini Classics,3975,83.51,141.54,"UK Collectables, Ltd.",,Liverpool,UK,92700,lbott@classicmodelcars.com,Sales Rep,London,+44 20 7877 2041,UK,EMEA,Larry Bott,Elizabeth Devon,25 Old Broad Street Level 7 EC2N 1HN,"12, Berkeley Gardens Blvd  WX1 6LT"
24,103.29,2019-06-01,2019-06-09,2019-06-02,Cancelled,"Customer disputed the order and we agreed to cancel it. We must be more cautions with this customer going forward, since they are very hard to please. We must cover the shipping fees.",1965 Aston Martin DB5,Classic Cars,1:18,Classic Metal Creations,9042,65.96,124.44,"UK Collectables, Ltd.",,Liverpool,UK,92700,lbott@classicmodelcars.com,Sales Rep,London,+44 20 7877 2041,UK,EMEA,Larry Bott,Elizabeth Devon,25 Old Broad Street Level 7 EC2N 1HN,"12, Berkeley Gardens Blvd  WX1 6LT"
23,67.76,2019-06-01,2019-06-09,2019-06-02,Cancelled,"Customer disputed the order and we agreed to cancel it. We must be more cautions with this customer going forward, since they are very hard to please. We must cover the shipping fees.",1948 Porsche 356-A Roadster,Classic Cars,1:18,Gearbox Collectibles,8826,53.9,77.0,"UK Collectables, Ltd.",,Liverpool,UK,92700,lbott@classicmodelcars.com,Sales Rep,London,+44 20 7877 2041,UK,EMEA,Larry Bott,Elizabeth Devon,25 Old Broad Street Level 7 EC2N 1HN,"12, Berkeley Gardens Blvd  WX1 6LT"
33,130.87,2019-06-01,2019-06-09,2019-06-02,Cancelled,"Customer disputed the order and we agreed to cancel it. We must be more cautions with this customer going forward, since they are very hard to please. We must cover the shipping fees.",1995 Honda Civic,Classic Cars,1:18,Min Lin Diecast,9772,93.89,142.25,"UK Collectables, Ltd.",,Liverpool,UK,92700,lbott@classicmodelcars.com,Sales Rep,London,+44 20 7877 2041,UK,EMEA,Larry Bott,Elizabeth Devon,25 Old Broad Street Level 7 EC2N 1HN,"12, Berkeley Gardens Blvd  WX1 6LT"
37,114.84,2019-06-01,2019-06-09,2019-06-02,Cancelled,"Customer disputed the order and we agreed to cancel it. We must be more cautions with this customer going forward, since they are very hard to please. We must cover the shipping fees.",1999 Indy 500 Monte Carlo SS,Classic Cars,1:18,Red Start Diecast,8164,56.76,132.0,"UK Collectables, Ltd.",,Liverpool,UK,92700,lbott@classicmodelcars.com,Sales Rep,London,+44 20 7877 2041,UK,EMEA,Larry Bott,Elizabeth Devon,25 Old Broad Street Level 7 EC2N 1HN,"12, Berkeley Gardens Blvd  WX1 6LT"
40,145.63,2019-06-01,2019-06-09,2019-06-02,Cancelled,"Customer disputed the order and we agreed to cancel it. We must be more cautions with this customer going forward, since they are very hard to please. We must cover the shipping fees.",1992 Ferrari 360 Spider red,Classic Cars,1:18,Unimax Art Galleries,8347,77.9,169.34,"UK Collectables, Ltd.",,Liverpool,UK,92700,lbott@classicmodelcars.com,Sales Rep,London,+44 20 7877 2041,UK,EMEA,Larry Bott,Elizabeth Devon,25 Old Broad Street Level 7 EC2N 1HN,"12, Berkeley Gardens Blvd  WX1 6LT"
31,139.87,2019-06-01,2019-06-09,2019-06-02,Cancelled,"Customer disputed the order and we agreed to cancel it. We must be more cautions with this customer going forward, since they are very hard to please. We must cover the shipping fees.",1948 Porsche Type 356 Roadster,Classic Cars,1:18,Gearbox Collectibles,8990,62.16,141.28,"UK Collectables, Ltd.",,Liverpool,UK,92700,lbott@classicmodelcars.com,Sales Rep,London,+44 20 7877 2041,UK,EMEA,Larry Bott,Elizabeth Devon,25 Old Broad Street Level 7 EC2N 1HN,"12, Berkeley Gardens Blvd  WX1 6LT"
40,34.74,2019-06-01,2019-06-09,2019-06-02,Cancelled,"Customer disputed the order and we agreed to cancel it. We must be more cautions with this customer going forward, since they are very hard to please. We must cover the shipping fees.",1982 Lamborghini Diablo,Classic Cars,1:24,Second Gear Diecast,7723,16.24,37.76,"UK Collectables, Ltd.",,Liverpool,UK,92700,lbott@classicmodelcars.com,Sales Rep,London,+44 20 7877 2041,UK,EMEA,Larry Bott,Elizabeth Devon,25 Old Broad Street Level 7 EC2N 1HN,"12, Berkeley Gardens Blvd  WX1 6LT"
24,50.82,2019-06-01,2019-06-09,2019-06-02,Cancelled,"Customer disputed the order and we agreed to cancel it. We must be more cautions with this customer going forward, since they are very hard to please. We must cover the shipping fees.",1971 Alpine Renault 1600s,Classic Cars,1:24,Welly Diecast Productions,7995,38.58,61.23,"UK Collectables, Ltd.",,Liverpool,UK,92700,lbott@classicmodelcars.com,Sales Rep,London,+44 20 7877 2041,UK,EMEA,Larry Bott,Elizabeth Devon,25 Old Broad Street Level 7 EC2N 1HN,"12, Berkeley Gardens Blvd  WX1 6LT"
39,115.15,2019-06-01,2019-06-09,2019-06-02,Cancelled,"Customer disputed the order and we agreed to cancel it. We must be more cautions with this customer going forward, since they are very hard to please. We must cover the shipping fees.",1956 Porsche 356A Coupe,Classic Cars,1:18,Classic Metal Creations,6600,98.3,140.43,"UK Collectables, Ltd.",,Liverpool,UK,92700,lbott@classicmodelcars.com,Sales Rep,London,+44 20 7877 2041,UK,EMEA,Larry Bott,Elizabeth Devon,25 Old Broad Street Level 7 EC2N 1HN,"12, Berkeley Gardens Blvd  WX1 6LT"
49,137.7,2019-06-03,2019-06-13,2019-06-04,Shipped,Customer requested that DHL is used for this shipping,1917 Grand Touring Sedan,Vintage Cars,1:18,Welly Diecast Productions,2724,86.7,170.0,"Down Under Souveniers, Inc",+64 9 312 5555,Auckland,New Zealand,88000,pmarsh@classicmodelcars.com,Sales Rep,Sydney,+61 2 9264 2451,Australia,APAC,Peter Marsh,Mike Graham,5-11 Wentworth Avenue Floor #2 NSW 2010,162-164 Grafton Road Level 2
36,55.09,2019-06-03,2019-06-13,2019-06-04,Shipped,Customer requested that DHL is used for this shipping,1911 Ford Town Car,Vintage Cars,1:18,Motor City Art Classics,540,33.3,60.54,"Down Under Souveniers, Inc",+64 9 312 5555,Auckland,New Zealand,88000,pmarsh@classicmodelcars.com,Sales Rep,Sydney,+61 2 9264 2451,Australia,APAC,Peter Marsh,Mike Graham,5-11 Wentworth Avenue Floor #2 NSW 2010,162-164 Grafton Road Level 2
41,102.98,2019-06-03,2019-06-13,2019-06-04,Shipped,Customer requested that DHL is used for this shipping,1932 Model A Ford J-Coupe,Vintage Cars,1:18,Autoart Studio Design,9354,58.48,127.13,"Down Under Souveniers, Inc",+64 9 312 5555,Auckland,New Zealand,88000,pmarsh@classicmodelcars.com,Sales Rep,Sydney,+61 2 9264 2451,Australia,APAC,Peter Marsh,Mike Graham,5-11 Wentworth Avenue Floor #2 NSW 2010,162-164 Grafton Road Level 2
34,80.99,2019-06-03,2019-06-13,2019-06-04,Shipped,Customer requested that DHL is used for this shipping,1932 Alfa Romeo 8C2300 Spider Sport,Vintage Cars,1:18,Exoto Designs,6553,43.26,92.03,"Down Under Souveniers, Inc",+64 9 312 5555,Auckland,New Zealand,88000,pmarsh@classicmodelcars.com,Sales Rep,Sydney,+61 2 9264 2451,Australia,APAC,Peter Marsh,Mike Graham,5-11 Wentworth Avenue Floor #2 NSW 2010,162-164 Grafton Road Level 2
30,59.87,2019-06-03,2019-06-13,2019-06-04,Shipped,Customer requested that DHL is used for this shipping,1957 Ford Thunderbird,Classic Cars,1:18,Studio M Art Models,3209,34.21,71.27,"Down Under Souveniers, Inc",+64 9 312 5555,Auckland,New Zealand,88000,pmarsh@classicmodelcars.com,Sales Rep,Sydney,+61 2 9264 2451,Australia,APAC,Peter Marsh,Mike Graham,5-11 Wentworth Avenue Floor #2 NSW 2010,162-164 Grafton Road Level 2
34,66.88,2019-06-03,2019-06-13,2019-06-04,Shipped,Customer requested that DHL is used for this shipping,1970 Chevy Chevelle SS 454,Classic Cars,1:24,Unimax Art Galleries,1005,49.24,73.49,"Down Under Souveniers, Inc",+64 9 312 5555,Auckland,New Zealand,88000,pmarsh@classicmodelcars.com,Sales Rep,Sydney,+61 2 9264 2451,Australia,APAC,Peter Marsh,Mike Graham,5-11 Wentworth Avenue Floor #2 NSW 2010,162-164 Grafton Road Level 2
32,43.27,2019-06-03,2019-06-13,2019-06-04,Shipped,Customer requested that DHL is used for this shipping,1966 Shelby Cobra 427 S/C,Classic Cars,1:24,Carousel DieCast Legends,8197,29.18,50.31,"Down Under Souveniers, Inc",+64 9 312 5555,Auckland,New Zealand,88000,pmarsh@classicmodelcars.com,Sales Rep,Sydney,+61 2 9264 2451,Australia,APAC,Peter Marsh,Mike Graham,5-11 Wentworth Avenue Floor #2 NSW 2010,162-164 Grafton Road Level 2
38,28.88,2019-06-03,2019-06-13,2019-06-04,Shipped,Customer requested that DHL is used for this shipping,1939 Chevrolet Deluxe Coupe,Vintage Cars,1:24,Motor City Art Classics,7332,22.57,33.19,"Down Under Souveniers, Inc",+64 9 312 5555,Auckland,New Zealand,88000,pmarsh@classicmodelcars.com,Sales Rep,Sydney,+61 2 9264 2451,Australia,APAC,Peter Marsh,Mike Graham,5-11 Wentworth Avenue Floor #2 NSW 2010,162-164 Grafton Road Level 2
31,85.42,2019-06-03,2019-06-13,2019-06-04,Shipped,Customer requested that DHL is used for this shipping,1949 Jaguar XK 120,Classic Cars,1:24,Classic Metal Creations,2350,47.25,90.87,"Down Under Souveniers, Inc",+64 9 312 5555,Auckland,New Zealand,88000,pmarsh@classicmodelcars.com,Sales Rep,Sydney,+61 2 9264 2451,Australia,APAC,Peter Marsh,Mike Graham,5-11 Wentworth Avenue Floor #2 NSW 2010,162-164 Grafton Road Level 2
33,111.57,2019-06-03,2019-06-13,2019-06-04,Shipped,Customer requested that DHL is used for this shipping,1952 Citroen-15CV,Classic Cars,1:24,Exoto Designs,1452,72.82,117.44,"Down Under Souveniers, Inc",+64 9 312 5555,Auckland,New Zealand,88000,pmarsh@classicmodelcars.com,Sales Rep,Sydney,+61 2 9264 2451,Australia,APAC,Peter Marsh,Mike Graham,5-11 Wentworth Avenue Floor #2 NSW 2010,162-164 Grafton Road Level 2
42,69.34,2019-06-03,2019-06-13,2019-06-04,Shipped,Customer requested that DHL is used for this shipping,1969 Chevrolet Camaro Z28,Classic Cars,1:24,Exoto Designs,4695,50.51,85.61,"Down Under Souveniers, Inc",+64 9 312 5555,Auckland,New Zealand,88000,pmarsh@classicmodelcars.com,Sales Rep,Sydney,+61 2 9264 2451,Australia,APAC,Peter Marsh,Mike Graham,5-11 Wentworth Avenue Floor #2 NSW 2010,162-164 Grafton Road Level 2
49,101.73,2019-06-03,2019-06-13,2019-06-04,Shipped,Customer requested that DHL is used for this shipping,2002 Chevy Corvette,Classic Cars,1:24,Gearbox Collectibles,9446,62.11,107.08,"Down Under Souveniers, Inc",+64 9 312 5555,Auckland,New Zealand,88000,pmarsh@classicmodelcars.com,Sales Rep,Sydney,+61 2 9264 2451,Australia,APAC,Peter Marsh,Mike Graham,5-11 Wentworth Avenue Floor #2 NSW 2010,162-164 Grafton Road Level 2
20,39.8,2019-06-03,2019-06-13,2019-06-04,Shipped,Customer requested that DHL is used for this shipping,1936 Mercedes Benz 500k Roadster,Vintage Cars,1:24,Red Start Diecast,2081,21.75,41.03,"Down Under Souveniers, Inc",+64 9 312 5555,Auckland,New Zealand,88000,pmarsh@classicmodelcars.com,Sales Rep,Sydney,+61 2 9264 2451,Australia,APAC,Peter Marsh,Mike Graham,5-11 Wentworth Avenue Floor #2 NSW 2010,162-164 Grafton Road Level 2
24,135.0,2019-06-04,2019-06-12,2019-06-09,Shipped,,1928 Mercedes-Benz SSK,Vintage Cars,1:18,Gearbox Collectibles,548,72.56,168.75,Mini Caravy,,Strasbourg,France,53800,ghernande@classicmodelcars.com,Sales Rep,Paris,+33 1 47 23 44 04,France,EMEA,Gerard Hernandez,Frédérique  Citeaux,43 Rue Jouffroy Dabbans  75017,"24, place Kléber  67000"
37,37.63,2019-06-04,2019-06-12,2019-06-09,Shipped,,1938 Cadillac V-16 Presidential Limousine,Vintage Cars,1:24,Classic Metal Creations,2847,20.61,44.8,Mini Caravy,,Strasbourg,France,53800,ghernande@classicmodelcars.com,Sales Rep,Paris,+33 1 47 23 44 04,France,EMEA,Gerard Hernandez,Frédérique  Citeaux,43 Rue Jouffroy Dabbans  75017,"24, place Kléber  67000"
34,93.49,2019-06-08,2019-06-16,2019-06-10,Shipped,,1937 Lincoln Berline,Vintage Cars,1:18,Motor City Art Classics,8693,60.62,102.74,Danish Wholesale Imports,+45 31 12 35 55,Kobenhavn,Denmark,83400,pcastillo@classicmodelcars.com,Sales Rep,Paris,+33 1 47 23 44 04,France,EMEA,Pamela Castillo,Jytte  Petersen,43 Rue Jouffroy Dabbans  75017,Vinbæltet 34  1734
29,52.83,2019-06-08,2019-06-16,2019-06-10,Shipped,,1936 Mercedes-Benz 500K Special Roadster,Vintage Cars,1:18,Studio M Art Models,8635,24.26,53.91,Danish Wholesale Imports,+45 31 12 35 55,Kobenhavn,Denmark,83400,pcastillo@classicmodelcars.com,Sales Rep,Paris,+33 1 47 23 44 04,France,EMEA,Pamela Castillo,Jytte  Petersen,43 Rue Jouffroy Dabbans  75017,Vinbæltet 34  1734
50,92.19,2019-06-14,2019-06-24,2019-06-15,Shipped,,1913 Ford Model T Speedster,Vintage Cars,1:18,Carousel DieCast Legends,4189,60.78,101.31,The Sharp Gifts Warehouse,+1 408-555-3659,San Jose,USA,77600,ljennings@classicmodelcars.com,Sales Rep,San Francisco,+1 650-219-4782,USA,,Leslie Jennings,Sue Frick,100 Market Street Suite 300 94080,3086 Ingle Ln.  94217
49,59.34,2019-06-14,2019-06-24,2019-06-15,Shipped,,1934 Ford V8 Coupe,Vintage Cars,1:18,Min Lin Diecast,5649,34.35,62.46,The Sharp Gifts Warehouse,+1 408-555-3659,San Jose,USA,77600,ljennings@classicmodelcars.com,Sales Rep,San Francisco,+1 650-219-4782,USA,,Leslie Jennings,Sue Frick,100 Market Street Suite 300 94080,3086 Ingle Ln.  94217
37,83.78,2019-06-14,2019-06-24,2019-06-15,Shipped,,18th Century Vintage Horse Carriage,Vintage Cars,1:18,Red Start Diecast,5992,60.74,104.72,The Sharp Gifts Warehouse,+1 408-555-3659,San Jose,USA,77600,ljennings@classicmodelcars.com,Sales Rep,San Francisco,+1 650-219-4782,USA,,Leslie Jennings,Sue Frick,100 Market Street Suite 300 94080,3086 Ingle Ln.  94217
26,91.27,2019-06-14,2019-06-24,2019-06-15,Shipped,,1917 Maxwell Touring Car,Vintage Cars,1:18,Exoto Designs,7913,57.54,99.21,The Sharp Gifts Warehouse,+1 408-555-3659,San Jose,USA,77600,ljennings@classicmodelcars.com,Sales Rep,San Francisco,+1 650-219-4782,USA,,Leslie Jennings,Sue Frick,100 Market Street Suite 300 94080,3086 Ingle Ln.  94217
46,81.81,2019-06-14,2019-06-24,2019-06-15,Shipped,,1936 Chrysler Airflow,Vintage Cars,1:24,Second Gear Diecast,4710,57.46,97.39,The Sharp Gifts Warehouse,+1 408-555-3659,San Jose,USA,77600,ljennings@classicmodelcars.com,Sales Rep,San Francisco,+1 650-219-4782,USA,,Leslie Jennings,Sue Frick,100 Market Street Suite 300 94080,3086 Ingle Ln.  94217
32,177.87,2019-06-15,2019-06-25,2019-06-23,Shipped,,1952 Alpine Renault 1300,Classic Cars,1:10,Classic Metal Creations,7305,98.58,214.3,"Tokyo Collectables, Ltd",+81 3-3584-0555,Minato-ku,Japan,94400,mnishi@classicmodelcars.com,Sales Rep,Tokyo,+81 3-3224-5000,Japan,Japan,Mami Nishi,Akiko Shimamura,4-1 Kioicho  102-8578,2-2-8 Roppongi  106-0032
41,133.94,2019-06-15,2019-06-25,2019-06-23,Shipped,,1958 Setra Bus,Trucks and Buses,1:12,Welly Diecast Productions,1579,77.9,136.67,"Tokyo Collectables, Ltd",+81 3-3584-0555,Minato-ku,Japan,94400,mnishi@classicmodelcars.com,Sales Rep,Tokyo,+81 3-3224-5000,Japan,Japan,Mami Nishi,Akiko Shimamura,4-1 Kioicho  102-8578,2-2-8 Roppongi  106-0032
41,113.17,2019-06-15,2019-06-25,2019-06-23,Shipped,,1940 Ford Pickup Truck,Trucks and Buses,1:18,Studio M Art Models,2613,58.33,116.67,"Tokyo Collectables, Ltd",+81 3-3584-0555,Minato-ku,Japan,94400,mnishi@classicmodelcars.com,Sales Rep,Tokyo,+81 3-3224-5000,Japan,Japan,Mami Nishi,Akiko Shimamura,4-1 Kioicho  102-8578,2-2-8 Roppongi  106-0032
21,49.81,2019-06-15,2019-06-25,2019-06-23,Shipped,,1939 Cadillac Limousine,Vintage Cars,1:18,Studio M Art Models,6645,23.14,50.31,"Tokyo Collectables, Ltd",+81 3-3584-0555,Minato-ku,Japan,94400,mnishi@classicmodelcars.com,Sales Rep,Tokyo,+81 3-3224-5000,Japan,Japan,Mami Nishi,Akiko Shimamura,4-1 Kioicho  102-8578,2-2-8 Roppongi  106-0032
20,62.7,2019-06-15,2019-06-25,2019-06-23,Shipped,,1996 Peterbilt 379 Stake Bed with Outrigger,Trucks and Buses,1:32,Red Start Diecast,814,33.61,64.64,"Tokyo Collectables, Ltd",+81 3-3584-0555,Minato-ku,Japan,94400,mnishi@classicmodelcars.com,Sales Rep,Tokyo,+81 3-3224-5000,Japan,Japan,Mami Nishi,Akiko Shimamura,4-1 Kioicho  102-8578,2-2-8 Roppongi  106-0032
45,86.99,2019-06-15,2019-06-25,2019-06-23,Shipped,,1982 Camaro Z28,Classic Cars,1:18,Carousel DieCast Legends,6934,46.53,101.15,"Tokyo Collectables, Ltd",+81 3-3584-0555,Minato-ku,Japan,94400,mnishi@classicmodelcars.com,Sales Rep,Tokyo,+81 3-3224-5000,Japan,Japan,Mami Nishi,Akiko Shimamura,4-1 Kioicho  102-8578,2-2-8 Roppongi  106-0032
26,121.15,2019-06-15,2019-06-22,2019-06-17,Shipped,,1962 LanciaA Delta 16V,Classic Cars,1:10,Second Gear Diecast,6791,103.42,147.74,Handji Gifts& Co,,Singapore,Singapore,97900,pmarsh@classicmodelcars.com,Sales Rep,Sydney,+61 2 9264 2451,Australia,APAC,Peter Marsh,Wendy Victorino,5-11 Wentworth Avenue Floor #2 NSW 2010,106 Linden Road Sandown 2nd Floor 69045
46,117.32,2019-06-15,2019-06-22,2019-06-17,Shipped,,1957 Chevy Pickup,Trucks and Buses,1:12,Exoto Designs,6125,55.7,118.5,Handji Gifts& Co,,Singapore,Singapore,97900,pmarsh@classicmodelcars.com,Sales Rep,Sydney,+61 2 9264 2451,Australia,APAC,Peter Marsh,Wendy Victorino,5-11 Wentworth Avenue Floor #2 NSW 2010,106 Linden Road Sandown 2nd Floor 69045
30,134.26,2019-06-15,2019-06-22,2019-06-17,Shipped,,1998 Chrysler Plymouth Prowler,Classic Cars,1:18,Gearbox Collectibles,4724,101.51,163.73,Handji Gifts& Co,,Singapore,Singapore,97900,pmarsh@classicmodelcars.com,Sales Rep,Sydney,+61 2 9264 2451,Australia,APAC,Peter Marsh,Wendy Victorino,5-11 Wentworth Avenue Floor #2 NSW 2010,106 Linden Road Sandown 2nd Floor 69045
34,120.28,2019-06-15,2019-06-22,2019-06-17,Shipped,,1964 Mercedes Tour Bus,Trucks and Buses,1:18,Unimax Art Galleries,8258,74.86,122.73,Handji Gifts& Co,,Singapore,Singapore,97900,pmarsh@classicmodelcars.com,Sales Rep,Sydney,+61 2 9264 2451,Australia,APAC,Peter Marsh,Wendy Victorino,5-11 Wentworth Avenue Floor #2 NSW 2010,106 Linden Road Sandown 2nd Floor 69045
30,59.55,2019-06-15,2019-06-22,2019-06-17,Shipped,,1926 Ford Fire Engine,Trucks and Buses,1:18,Carousel DieCast Legends,2019,24.92,60.77,Handji Gifts& Co,,Singapore,Singapore,97900,pmarsh@classicmodelcars.com,Sales Rep,Sydney,+61 2 9264 2451,Australia,APAC,Peter Marsh,Wendy Victorino,5-11 Wentworth Avenue Floor #2 NSW 2010,106 Linden Road Sandown 2nd Floor 69045
27,152.41,2019-06-15,2019-06-22,2019-06-17,Shipped,,1992 Ferrari 360 Spider red,Classic Cars,1:18,Unimax Art Galleries,8347,77.9,169.34,Handji Gifts& Co,,Singapore,Singapore,97900,pmarsh@classicmodelcars.com,Sales Rep,Sydney,+61 2 9264 2451,Australia,APAC,Peter Marsh,Wendy Victorino,5-11 Wentworth Avenue Floor #2 NSW 2010,106 Linden Road Sandown 2nd Floor 69045
41,107.76,2019-06-15,2019-06-22,2019-06-17,Shipped,,1940s Ford truck,Trucks and Buses,1:18,Motor City Art Classics,3128,84.76,121.08,Handji Gifts& Co,,Singapore,Singapore,97900,pmarsh@classicmodelcars.com,Sales Rep,Sydney,+61 2 9264 2451,Australia,APAC,Peter Marsh,Wendy Victorino,5-11 Wentworth Avenue Floor #2 NSW 2010,106 Linden Road Sandown 2nd Floor 69045
28,46.82,2019-06-15,2019-06-22,2019-06-17,Shipped,,1970 Dodge Coronet,Classic Cars,1:24,Highway 66 Mini Classics,4074,32.37,57.8,Handji Gifts& Co,,Singapore,Singapore,97900,pmarsh@classicmodelcars.com,Sales Rep,Sydney,+61 2 9264 2451,Australia,APAC,Peter Marsh,Wendy Victorino,5-11 Wentworth Avenue Floor #2 NSW 2010,106 Linden Road Sandown 2nd Floor 69045
47,121.4,2019-06-15,2019-06-22,2019-06-17,Shipped,,1962 Volkswagen Microbus,Trucks and Buses,1:24,Autoart Studio Design,2327,61.34,127.79,Handji Gifts& Co,,Singapore,Singapore,97900,pmarsh@classicmodelcars.com,Sales Rep,Sydney,+61 2 9264 2451,Australia,APAC,Peter Marsh,Wendy Victorino,5-11 Wentworth Avenue Floor #2 NSW 2010,106 Linden Road Sandown 2nd Floor 69045
31,31.47,2019-06-15,2019-06-22,2019-06-17,Shipped,,1958 Chevy Corvette Limited Edition,Classic Cars,1:24,Carousel DieCast Legends,2542,15.91,35.36,Handji Gifts& Co,,Singapore,Singapore,97900,pmarsh@classicmodelcars.com,Sales Rep,Sydney,+61 2 9264 2451,Australia,APAC,Peter Marsh,Wendy Victorino,5-11 Wentworth Avenue Floor #2 NSW 2010,106 Linden Road Sandown 2nd Floor 69045
45,95.35,2019-06-15,2019-06-22,2019-06-17,Shipped,,1980’s GM Manhattan Express,Trucks and Buses,1:32,Motor City Art Classics,5099,53.93,96.31,Handji Gifts& Co,,Singapore,Singapore,97900,pmarsh@classicmodelcars.com,Sales Rep,Sydney,+61 2 9264 2451,Australia,APAC,Peter Marsh,Wendy Victorino,5-11 Wentworth Avenue Floor #2 NSW 2010,106 Linden Road Sandown 2nd Floor 69045
40,45.99,2019-06-15,2019-06-22,2019-06-17,Shipped,,1954 Greyhound Scenicruiser,Trucks and Buses,1:32,Classic Metal Creations,2874,25.98,54.11,Handji Gifts& Co,,Singapore,Singapore,97900,pmarsh@classicmodelcars.com,Sales Rep,Sydney,+61 2 9264 2451,Australia,APAC,Peter Marsh,Wendy Victorino,5-11 Wentworth Avenue Floor #2 NSW 2010,106 Linden Road Sandown 2nd Floor 69045
29,105.33,2019-06-15,2019-06-22,2019-06-17,Shipped,,Diamond T620 Semi-Skirted Tanker,Trucks and Buses,1:50,Highway 66 Mini Classics,1016,68.29,115.75,Handji Gifts& Co,,Singapore,Singapore,97900,pmarsh@classicmodelcars.com,Sales Rep,Sydney,+61 2 9264 2451,Australia,APAC,Peter Marsh,Wendy Victorino,5-11 Wentworth Avenue Floor #2 NSW 2010,106 Linden Road Sandown 2nd Floor 69045
46,180.79,2019-06-16,2019-06-22,,Cancelled,Customer heard complaints from their customers and called to cancel this order. Will notify the Sales Manager.,2001 Ferrari Enzo,Classic Cars,1:12,Second Gear Diecast,3619,95.59,207.8,GiftsForHim.com,+64 9 376 3555,Auckland,New Zealand,77700,pmarsh@classicmodelcars.com,Sales Rep,Sydney,+61 2 9264 2451,Australia,APAC,Peter Marsh,Wales MacKinlay,5-11 Wentworth Avenue Floor #2 NSW 2010,199 Great North Road
30,140.5,2019-06-16,2019-06-22,,Cancelled,Customer heard complaints from their customers and called to cancel this order. Will notify the Sales Manager.,1969 Corvair Monza,Classic Cars,1:18,Welly Diecast Productions,6906,89.14,151.08,GiftsForHim.com,+64 9 376 3555,Auckland,New Zealand,77700,pmarsh@classicmodelcars.com,Sales Rep,Sydney,+61 2 9264 2451,Australia,APAC,Peter Marsh,Wales MacKinlay,5-11 Wentworth Avenue Floor #2 NSW 2010,199 Great North Road
44,169.56,2019-06-16,2019-06-22,,Cancelled,Customer heard complaints from their customers and called to cancel this order. Will notify the Sales Manager.,1969 Ford Falcon,Classic Cars,1:12,Second Gear Diecast,1049,83.05,173.02,GiftsForHim.com,+64 9 376 3555,Auckland,New Zealand,77700,pmarsh@classicmodelcars.com,Sales Rep,Sydney,+61 2 9264 2451,Australia,APAC,Peter Marsh,Wales MacKinlay,5-11 Wentworth Avenue Floor #2 NSW 2010,199 Great North Road
32,121.57,2019-06-16,2019-06-22,,Cancelled,Customer heard complaints from their customers and called to cancel this order. Will notify the Sales Manager.,1903 Ford Model A,Vintage Cars,1:18,Unimax Art Galleries,3913,68.3,136.59,GiftsForHim.com,+64 9 376 3555,Auckland,New Zealand,77700,pmarsh@classicmodelcars.com,Sales Rep,Sydney,+61 2 9264 2451,Australia,APAC,Peter Marsh,Wales MacKinlay,5-11 Wentworth Avenue Floor #2 NSW 2010,199 Great North Road
29,92.77,2019-06-16,2019-06-22,,Cancelled,Customer heard complaints from their customers and called to cancel this order. Will notify the Sales Manager.,Collectable Wooden Train,Trains,1:18,Carousel DieCast Legends,6450,67.56,100.84,GiftsForHim.com,+64 9 376 3555,Auckland,New Zealand,77700,pmarsh@classicmodelcars.com,Sales Rep,Sydney,+61 2 9264 2451,Australia,APAC,Peter Marsh,Wales MacKinlay,5-11 Wentworth Avenue Floor #2 NSW 2010,199 Great North Road
23,137.88,2019-06-16,2019-06-22,,Cancelled,Customer heard complaints from their customers and called to cancel this order. Will notify the Sales Manager.,1970 Triumph Spitfire,Classic Cars,1:18,Min Lin Diecast,5545,91.92,143.62,GiftsForHim.com,+64 9 376 3555,Auckland,New Zealand,77700,pmarsh@classicmodelcars.com,Sales Rep,Sydney,+61 2 9264 2451,Australia,APAC,Peter Marsh,Wales MacKinlay,5-11 Wentworth Avenue Floor #2 NSW 2010,199 Great North Road
23,117.1,2019-06-16,2019-06-22,,Cancelled,Customer heard complaints from their customers and called to cancel this order. Will notify the Sales Manager.,1992 Porsche Cayenne Turbo Silver,Classic Cars,1:24,Exoto Designs,6582,69.78,118.28,GiftsForHim.com,+64 9 376 3555,Auckland,New Zealand,77700,pmarsh@classicmodelcars.com,Sales Rep,Sydney,+61 2 9264 2451,Australia,APAC,Peter Marsh,Wales MacKinlay,5-11 Wentworth Avenue Floor #2 NSW 2010,199 Great North Road
27,55.3,2019-06-16,2019-06-22,,Cancelled,Customer heard complaints from their customers and called to cancel this order. Will notify the Sales Manager.,1950s Chicago Surface Lines Streetcar,Trains,1:32,Gearbox Collectibles,8601,26.72,62.14,GiftsForHim.com,+64 9 376 3555,Auckland,New Zealand,77700,pmarsh@classicmodelcars.com,Sales Rep,Sydney,+61 2 9264 2451,Australia,APAC,Peter Marsh,Wales MacKinlay,5-11 Wentworth Avenue Floor #2 NSW 2010,199 Great North Road
21,56.24,2019-06-16,2019-06-22,,Cancelled,Customer heard complaints from their customers and called to cancel this order. Will notify the Sales Manager.,1962 City of Detroit Streetcar,Trains,1:50,Classic Metal Creations,1645,37.49,58.58,GiftsForHim.com,+64 9 376 3555,Auckland,New Zealand,77700,pmarsh@classicmodelcars.com,Sales Rep,Sydney,+61 2 9264 2451,Australia,APAC,Peter Marsh,Wales MacKinlay,5-11 Wentworth Avenue Floor #2 NSW 2010,199 Great North Road
33,80.55,2019-06-16,2019-06-22,,Cancelled,Customer heard complaints from their customers and called to cancel this order. Will notify the Sales Manager.,The Mayflower,Ships,1:700,Studio M Art Models,737,43.3,86.61,GiftsForHim.com,+64 9 376 3555,Auckland,New Zealand,77700,pmarsh@classicmodelcars.com,Sales Rep,Sydney,+61 2 9264 2451,Australia,APAC,Peter Marsh,Wales MacKinlay,5-11 Wentworth Avenue Floor #2 NSW 2010,199 Great North Road
27,116.96,2019-06-17,2019-06-25,2019-06-22,Shipped,,1972 Alfa Romeo GTA,Classic Cars,1:10,Motor City Art Classics,3252,85.68,136.0,Québec Home Shopping Network,+1 514-555-8054,Montréal,Canada,48700,ftseng@classicmodelcars.com,Sales Rep,NYC,+1 212-555-3000,USA,,Foon Yue Tseng,Jean  Fresnière,523 East 53rd Street apt. 5A 10022,43 rue St. Laurent  H1J 1C3
20,80.75,2019-06-17,2019-06-25,2019-06-22,Shipped,,1904 Buick Runabout,Vintage Cars,1:18,Exoto Designs,8290,52.66,87.77,Québec Home Shopping Network,+1 514-555-8054,Montréal,Canada,48700,ftseng@classicmodelcars.com,Sales Rep,NYC,+1 212-555-3000,USA,,Foon Yue Tseng,Jean  Fresnière,523 East 53rd Street apt. 5A 10022,43 rue St. Laurent  H1J 1C3
36,105.69,2019-06-17,2019-06-25,2019-06-22,Shipped,,18th century schooner,Ships,1:24,Carousel DieCast Legends,1898,82.34,122.89,Québec Home Shopping Network,+1 514-555-8054,Montréal,Canada,48700,ftseng@classicmodelcars.com,Sales Rep,NYC,+1 212-555-3000,USA,,Foon Yue Tseng,Jean  Fresnière,523 East 53rd Street apt. 5A 10022,43 rue St. Laurent  H1J 1C3
22,79.66,2019-06-17,2019-06-25,2019-06-22,Shipped,,1912 Ford Model T Delivery Wagon,Vintage Cars,1:24,Min Lin Diecast,9173,46.91,88.51,Québec Home Shopping Network,+1 514-555-8054,Montréal,Canada,48700,ftseng@classicmodelcars.com,Sales Rep,NYC,+1 212-555-3000,USA,,Foon Yue Tseng,Jean  Fresnière,523 East 53rd Street apt. 5A 10022,43 rue St. Laurent  H1J 1C3
34,64.0,2019-06-17,2019-06-25,2019-06-22,Shipped,,The Schooner Bluenose,Ships,1:700,Autoart Studio Design,1897,34.0,66.67,Québec Home Shopping Network,+1 514-555-8054,Montréal,Canada,48700,ftseng@classicmodelcars.com,Sales Rep,NYC,+1 212-555-3000,USA,,Foon Yue Tseng,Jean  Fresnière,523 East 53rd Street apt. 5A 10022,43 rue St. Laurent  H1J 1C3
44,58.55,2019-06-17,2019-06-25,2019-06-22,Shipped,,The USS Constitution Ship,Ships,1:700,Red Start Diecast,7083,33.97,72.28,Québec Home Shopping Network,+1 514-555-8054,Montréal,Canada,48700,ftseng@classicmodelcars.com,Sales Rep,NYC,+1 212-555-3000,USA,,Foon Yue Tseng,Jean  Fresnière,523 East 53rd Street apt. 5A 10022,43 rue St. Laurent  H1J 1C3
25,89.15,2019-06-17,2019-06-25,2019-06-22,Shipped,,The Titanic,Ships,1:700,Carousel DieCast Legends,1956,51.09,100.17,Québec Home Shopping Network,+1 514-555-8054,Montréal,Canada,48700,ftseng@classicmodelcars.com,Sales Rep,NYC,+1 212-555-3000,USA,,Foon Yue Tseng,Jean  Fresnière,523 East 53rd Street apt. 5A 10022,43 rue St. Laurent  H1J 1C3
50,88.39,2019-06-17,2019-06-25,2019-06-22,Shipped,,The Queen Mary,Ships,1:700,Welly Diecast Productions,5088,53.63,99.31,Québec Home Shopping Network,+1 514-555-8054,Montréal,Canada,48700,ftseng@classicmodelcars.com,Sales Rep,NYC,+1 212-555-3000,USA,,Foon Yue Tseng,Jean  Fresnière,523 East 53rd Street apt. 5A 10022,43 rue St. Laurent  H1J 1C3
29,43.68,2019-06-17,2019-06-25,2019-06-22,Shipped,,Pont Yacht,Ships,1:72,Unimax Art Galleries,414,33.3,54.6,Québec Home Shopping Network,+1 514-555-8054,Montréal,Canada,48700,ftseng@classicmodelcars.com,Sales Rep,NYC,+1 212-555-3000,USA,,Foon Yue Tseng,Jean  Fresnière,523 East 53rd Street apt. 5A 10022,43 rue St. Laurent  H1J 1C3
49,157.69,2019-06-24,2019-07-01,,Cancelled,This customer found a better offer from one of our competitors. Will call back to renegotiate.,1980s Black Hawk Helicopter,Planes,1:18,Red Start Diecast,5330,77.27,157.69,Euro+ Shopping Channel,+34 915 55 94 44,Madrid,Spain,227600,ghernande@classicmodelcars.com,Sales Rep,Paris,+33 1 47 23 44 04,France,EMEA,Gerard Hernandez,Diego  Freyre,43 Rue Jouffroy Dabbans  75017,"C/ Moralzarzal, 86  28034"
32,81.72,2019-06-24,2019-07-01,,Cancelled,This customer found a better offer from one of our competitors. Will call back to renegotiate.,1999 Yamaha Speed Boat,Ships,1:18,Min Lin Diecast,4259,51.61,86.02,Euro+ Shopping Channel,+34 915 55 94 44,Madrid,Spain,227600,ghernande@classicmodelcars.com,Sales Rep,Paris,+33 1 47 23 44 04,France,EMEA,Gerard Hernandez,Diego  Freyre,43 Rue Jouffroy Dabbans  75017,"C/ Moralzarzal, 86  28034"
34,85.75,2019-06-24,2019-07-01,,Cancelled,This customer found a better offer from one of our competitors. Will call back to renegotiate.,1941 Chevrolet Special Deluxe Cabriolet,Vintage Cars,1:18,Exoto Designs,2378,64.58,105.87,Euro+ Shopping Channel,+34 915 55 94 44,Madrid,Spain,227600,ghernande@classicmodelcars.com,Sales Rep,Paris,+33 1 47 23 44 04,France,EMEA,Gerard Hernandez,Diego  Freyre,43 Rue Jouffroy Dabbans  75017,"C/ Moralzarzal, 86  28034"
34,98.48,2019-06-24,2019-07-01,,Cancelled,This customer found a better offer from one of our competitors. Will call back to renegotiate.,1928 British Royal Navy Airplane,Planes,1:24,Classic Metal Creations,3627,66.74,109.42,Euro+ Shopping Channel,+34 915 55 94 44,Madrid,Spain,227600,ghernande@classicmodelcars.com,Sales Rep,Paris,+33 1 47 23 44 04,France,EMEA,Gerard Hernandez,Diego  Freyre,43 Rue Jouffroy Dabbans  75017,"C/ Moralzarzal, 86  28034"
24,63.71,2019-06-24,2019-07-01,,Cancelled,This customer found a better offer from one of our competitors. Will call back to renegotiate.,1900s Vintage Bi-Plane,Planes,1:24,Autoart Studio Design,5942,34.25,68.51,Euro+ Shopping Channel,+34 915 55 94 44,Madrid,Spain,227600,ghernande@classicmodelcars.com,Sales Rep,Paris,+33 1 47 23 44 04,France,EMEA,Gerard Hernandez,Diego  Freyre,43 Rue Jouffroy Dabbans  75017,"C/ Moralzarzal, 86  28034"
46,65.75,2019-06-24,2019-07-01,,Cancelled,This customer found a better offer from one of our competitors. Will call back to renegotiate.,1937 Horch 930V Limousine,Vintage Cars,1:24,Autoart Studio Design,2902,26.3,65.75,Euro+ Shopping Channel,+34 915 55 94 44,Madrid,Spain,227600,ghernande@classicmodelcars.com,Sales Rep,Paris,+33 1 47 23 44 04,France,EMEA,Gerard Hernandez,Diego  Freyre,43 Rue Jouffroy Dabbans  75017,"C/ Moralzarzal, 86  28034"
49,82.18,2019-06-24,2019-07-01,,Cancelled,This customer found a better offer from one of our competitors. Will call back to renegotiate.,1940 Ford Delivery Sedan,Vintage Cars,1:24,Carousel DieCast Legends,6621,48.64,83.86,Euro+ Shopping Channel,+34 915 55 94 44,Madrid,Spain,227600,ghernande@classicmodelcars.com,Sales Rep,Paris,+33 1 47 23 44 04,France,EMEA,Gerard Hernandez,Diego  Freyre,43 Rue Jouffroy Dabbans  75017,"C/ Moralzarzal, 86  28034"
48,58.69,2019-06-24,2019-07-01,,Cancelled,This customer found a better offer from one of our competitors. Will call back to renegotiate.,Corsair F4U ( Bird Cage),Planes,1:24,Second Gear Diecast,6812,29.34,68.24,Euro+ Shopping Channel,+34 915 55 94 44,Madrid,Spain,227600,ghernande@classicmodelcars.com,Sales Rep,Paris,+33 1 47 23 44 04,France,EMEA,Gerard Hernandez,Diego  Freyre,43 Rue Jouffroy Dabbans  75017,"C/ Moralzarzal, 86  28034"
40,63.97,2019-06-24,2019-07-01,,Cancelled,This customer found a better offer from one of our competitors. Will call back to renegotiate.,1928 Ford Phaeton Deluxe,Vintage Cars,1:32,Highway 66 Mini Classics,136,33.02,68.79,Euro+ Shopping Channel,+34 915 55 94 44,Madrid,Spain,227600,ghernande@classicmodelcars.com,Sales Rep,Paris,+33 1 47 23 44 04,France,EMEA,Gerard Hernandez,Diego  Freyre,43 Rue Jouffroy Dabbans  75017,"C/ Moralzarzal, 86  28034"
49,35.78,2019-06-24,2019-07-01,,Cancelled,This customer found a better offer from one of our competitors. Will call back to renegotiate.,1930 Buick Marquette Phaeton,Vintage Cars,1:50,Studio M Art Models,7062,27.06,43.64,Euro+ Shopping Channel,+34 915 55 94 44,Madrid,Spain,227600,ghernande@classicmodelcars.com,Sales Rep,Paris,+33 1 47 23 44 04,France,EMEA,Gerard Hernandez,Diego  Freyre,43 Rue Jouffroy Dabbans  75017,"C/ Moralzarzal, 86  28034"
40,87.69,2019-06-24,2019-07-01,,Cancelled,This customer found a better offer from one of our competitors. Will call back to renegotiate.,American Airlines: B767-300,Planes,1:700,Min Lin Diecast,5841,51.15,91.34,Euro+ Shopping Channel,+34 915 55 94 44,Madrid,Spain,227600,ghernande@classicmodelcars.com,Sales Rep,Paris,+33 1 47 23 44 04,France,EMEA,Gerard Hernandez,Diego  Freyre,43 Rue Jouffroy Dabbans  75017,"C/ Moralzarzal, 86  28034"
44,83.28,2019-06-24,2019-07-01,,Cancelled,This customer found a better offer from one of our competitors. Will call back to renegotiate.,HMS Bounty,Ships,1:700,Unimax Art Galleries,3501,39.83,90.52,Euro+ Shopping Channel,+34 915 55 94 44,Madrid,Spain,227600,ghernande@classicmodelcars.com,Sales Rep,Paris,+33 1 47 23 44 04,France,EMEA,Gerard Hernandez,Diego  Freyre,43 Rue Jouffroy Dabbans  75017,"C/ Moralzarzal, 86  28034"
33,81.77,2019-06-24,2019-07-01,,Cancelled,This customer found a better offer from one of our competitors. Will call back to renegotiate.,America West Airlines B757-200,Planes,1:700,Motor City Art Classics,9653,68.8,99.72,Euro+ Shopping Channel,+34 915 55 94 44,Madrid,Spain,227600,ghernande@classicmodelcars.com,Sales Rep,Paris,+33 1 47 23 44 04,France,EMEA,Gerard Hernandez,Diego  Freyre,43 Rue Jouffroy Dabbans  75017,"C/ Moralzarzal, 86  28034"
27,64.8,2019-06-24,2019-07-01,,Cancelled,This customer found a better offer from one of our competitors. Will call back to renegotiate.,F/A 18 Hornet 1/72,Planes,1:72,Motor City Art Classics,551,54.4,80.0,Euro+ Shopping Channel,+34 915 55 94 44,Madrid,Spain,227600,ghernande@classicmodelcars.com,Sales Rep,Paris,+33 1 47 23 44 04,France,EMEA,Gerard Hernandez,Diego  Freyre,43 Rue Jouffroy Dabbans  75017,"C/ Moralzarzal, 86  28034"
35,64.41,2019-06-24,2019-07-01,,Cancelled,This customer found a better offer from one of our competitors. Will call back to renegotiate.,American Airlines: MD-11S,Planes,1:700,Second Gear Diecast,8820,36.27,74.03,Euro+ Shopping Channel,+34 915 55 94 44,Madrid,Spain,227600,ghernande@classicmodelcars.com,Sales Rep,Paris,+33 1 47 23 44 04,France,EMEA,Gerard Hernandez,Diego  Freyre,43 Rue Jouffroy Dabbans  75017,"C/ Moralzarzal, 86  28034"
21,41.71,2019-06-24,2019-07-01,,Cancelled,This customer found a better offer from one of our competitors. Will call back to renegotiate.,Boeing X-32A JSF,Planes,1:72,Motor City Art Classics,4857,32.77,49.66,Euro+ Shopping Channel,+34 915 55 94 44,Madrid,Spain,227600,ghernande@classicmodelcars.com,Sales Rep,Paris,+33 1 47 23 44 04,France,EMEA,Gerard Hernandez,Diego  Freyre,43 Rue Jouffroy Dabbans  75017,"C/ Moralzarzal, 86  28034"
34,89.0,2019-06-28,2019-07-04,2019-07-02,Shipped,,1969 Harley Davidson Ultimate Chopper,Motorcycles,1:10,Min Lin Diecast,7933,48.81,95.7,Gift Depot Inc.,+1 203-555-2570,Bridgewater,USA,84300,gvanauf@classicmodelcars.com,Sales Rep,NYC,+1 212-555-3000,USA,,George Vanauf,Julie King,523 East 53rd Street apt. 5A 10022,25593 South Bay Ln.  97562
40,107.05,2019-06-28,2019-07-04,2019-07-02,Shipped,,1996 Moto Guzzi 1100i,Motorcycles,1:10,Highway 66 Mini Classics,6625,68.99,118.94,Gift Depot Inc.,+1 203-555-2570,Bridgewater,USA,84300,gvanauf@classicmodelcars.com,Sales Rep,NYC,+1 212-555-3000,USA,,George Vanauf,Julie King,523 East 53rd Street apt. 5A 10022,25593 South Bay Ln.  97562
41,193.66,2019-06-28,2019-07-04,2019-07-02,Shipped,,2003 Harley-Davidson Eagle Drag Bike,Motorcycles,1:10,Red Start Diecast,5582,91.02,193.66,Gift Depot Inc.,+1 203-555-2570,Bridgewater,USA,84300,gvanauf@classicmodelcars.com,Sales Rep,NYC,+1 212-555-3000,USA,,George Vanauf,Julie King,523 East 53rd Street apt. 5A 10022,25593 South Bay Ln.  97562
48,123.51,2019-06-28,2019-07-04,2019-07-02,Shipped,,2002 Suzuki XREO,Motorcycles,1:12,Unimax Art Galleries,9997,66.27,150.62,Gift Depot Inc.,+1 203-555-2570,Bridgewater,USA,84300,gvanauf@classicmodelcars.com,Sales Rep,NYC,+1 212-555-3000,USA,,George Vanauf,Julie King,523 East 53rd Street apt. 5A 10022,25593 South Bay Ln.  97562
33,67.58,2019-06-28,2019-07-04,2019-07-02,Shipped,,P-51-D Mustang,Planes,1:72,Gearbox Collectibles,992,49.0,84.48,Gift Depot Inc.,+1 203-555-2570,Bridgewater,USA,84300,gvanauf@classicmodelcars.com,Sales Rep,NYC,+1 212-555-3000,USA,,George Vanauf,Julie King,523 East 53rd Street apt. 5A 10022,25593 South Bay Ln.  97562
34,50.27,2019-06-28,2019-07-04,2019-07-02,Shipped,,1936 Harley Davidson El Knucklehead,Motorcycles,1:18,Welly Diecast Productions,4357,24.23,60.57,Gift Depot Inc.,+1 203-555-2570,Bridgewater,USA,84300,gvanauf@classicmodelcars.com,Sales Rep,NYC,+1 212-555-3000,USA,,George Vanauf,Julie King,523 East 53rd Street apt. 5A 10022,25593 South Bay Ln.  97562
42,109.32,2019-06-28,2019-07-04,2019-07-02,Shipped,,1997 BMW R 1100 S,Motorcycles,1:24,Autoart Studio Design,7003,60.86,112.7,Gift Depot Inc.,+1 203-555-2570,Bridgewater,USA,84300,gvanauf@classicmodelcars.com,Sales Rep,NYC,+1 212-555-3000,USA,,George Vanauf,Julie King,523 East 53rd Street apt. 5A 10022,25593 South Bay Ln.  97562
37,67.03,2019-06-28,2019-07-04,2019-07-02,Shipped,,1960 BSA Gold Star DBD34,Motorcycles,1:24,Highway 66 Mini Classics,15,37.32,76.17,Gift Depot Inc.,+1 203-555-2570,Bridgewater,USA,84300,gvanauf@classicmodelcars.com,Sales Rep,NYC,+1 212-555-3000,USA,,George Vanauf,Julie King,523 East 53rd Street apt. 5A 10022,25593 South Bay Ln.  97562
24,59.41,2019-06-28,2019-07-04,2019-07-02,Shipped,,1900s Vintage Tri-Plane,Planes,1:24,Unimax Art Galleries,2756,36.23,72.45,Gift Depot Inc.,+1 203-555-2570,Bridgewater,USA,84300,gvanauf@classicmodelcars.com,Sales Rep,NYC,+1 212-555-3000,USA,,George Vanauf,Julie King,523 East 53rd Street apt. 5A 10022,25593 South Bay Ln.  97562
31,93.9,2019-06-28,2019-07-04,2019-07-02,Shipped,,1997 BMW F650 ST,Motorcycles,1:32,Exoto Designs,178,66.92,99.89,Gift Depot Inc.,+1 203-555-2570,Bridgewater,USA,84300,gvanauf@classicmodelcars.com,Sales Rep,NYC,+1 212-555-3000,USA,,George Vanauf,Julie King,523 East 53rd Street apt. 5A 10022,25593 South Bay Ln.  97562
47,117.46,2019-06-28,2019-07-04,2019-07-02,Shipped,,ATA: B757-300,Planes,1:700,Highway 66 Mini Classics,7106,59.33,118.65,Gift Depot Inc.,+1 203-555-2570,Bridgewater,USA,84300,gvanauf@classicmodelcars.com,Sales Rep,NYC,+1 212-555-3000,USA,,George Vanauf,Julie King,523 East 53rd Street apt. 5A 10022,25593 South Bay Ln.  97562
48,58.44,2019-06-30,2019-07-06,2019-07-01,Shipped,Customer will send a truck to our local warehouse on 7/1/2004,1957 Vespa GS150,Motorcycles,1:18,Studio M Art Models,7689,32.95,62.17,Gifts4AllAges.com,+1 617-555-9555,Boston,USA,41900,spatterson@classicmodelcars.com,Sales Rep,Boston,+1 215-837-0825,USA,,Steve Patterson,Juri Yoshido,1550 Court Place Suite 102 02107,8616 Spinnaker Dr.  51003
20,124.99,2019-06-30,2019-07-06,2019-07-01,Shipped,Customer will send a truck to our local warehouse on 7/1/2004,1957 Corvette Convertible,Classic Cars,1:18,Classic Metal Creations,1249,69.93,148.8,Gifts4AllAges.com,+1 617-555-9555,Boston,USA,41900,spatterson@classicmodelcars.com,Sales Rep,Boston,+1 215-837-0825,USA,,Steve Patterson,Juri Yoshido,1550 Court Place Suite 102 02107,8616 Spinnaker Dr.  51003
37,61.64,2019-06-30,2019-07-06,2019-07-01,Shipped,Customer will send a truck to our local warehouse on 7/1/2004,1982 Ducati 900 Monster,Motorcycles,1:24,Highway 66 Mini Classics,6840,47.1,69.26,Gifts4AllAges.com,+1 617-555-9555,Boston,USA,41900,spatterson@classicmodelcars.com,Sales Rep,Boston,+1 215-837-0825,USA,,Steve Patterson,Juri Yoshido,1550 Court Place Suite 102 02107,8616 Spinnaker Dr.  51003
47,75.18,2019-06-30,2019-07-06,2019-07-01,Shipped,Customer will send a truck to our local warehouse on 7/1/2004,1961 Chevrolet Impala,Classic Cars,1:18,Classic Metal Creations,7869,32.33,80.84,Gifts4AllAges.com,+1 617-555-9555,Boston,USA,41900,spatterson@classicmodelcars.com,Sales Rep,Boston,+1 215-837-0825,USA,,Steve Patterson,Juri Yoshido,1550 Court Place Suite 102 02107,8616 Spinnaker Dr.  51003
20,39.02,2019-06-30,2019-07-06,2019-07-01,Shipped,Customer will send a truck to our local warehouse on 7/1/2004,1982 Ducati 996 R,Motorcycles,1:32,Gearbox Collectibles,9241,24.14,40.23,Gifts4AllAges.com,+1 617-555-9555,Boston,USA,41900,spatterson@classicmodelcars.com,Sales Rep,Boston,+1 215-837-0825,USA,,Steve Patterson,Juri Yoshido,1550 Court Place Suite 102 02107,8616 Spinnaker Dr.  51003
34,100.01,2019-06-30,2019-07-06,2019-07-01,Shipped,Customer will send a truck to our local warehouse on 7/1/2004,1974 Ducati 350 Mk3 Desmo,Motorcycles,1:32,Second Gear Diecast,3341,56.13,102.05,Gifts4AllAges.com,+1 617-555-9555,Boston,USA,41900,spatterson@classicmodelcars.com,Sales Rep,Boston,+1 215-837-0825,USA,,Steve Patterson,Juri Yoshido,1550 Court Place Suite 102 02107,8616 Spinnaker Dr.  51003
47,67.53,2019-06-30,2019-07-06,2019-07-01,Shipped,Customer will send a truck to our local warehouse on 7/1/2004,2002 Yamaha YZR M1,Motorcycles,1:50,Autoart Studio Design,600,34.17,81.36,Gifts4AllAges.com,+1 617-555-9555,Boston,USA,41900,spatterson@classicmodelcars.com,Sales Rep,Boston,+1 215-837-0825,USA,,Steve Patterson,Juri Yoshido,1550 Court Place Suite 102 02107,8616 Spinnaker Dr.  51003
45,74.78,2019-07-02,2019-07-09,2019-07-07,Shipped,,1969 Dodge Super Bee,Classic Cars,1:18,Min Lin Diecast,1917,49.05,80.41,"Australian Collectables, Ltd",,Glen Waverly,Australia,60300,afixter@classicmodelcars.com,Sales Rep,Sydney,+61 2 9264 2451,Australia,APAC,Andy Fixter,Sean Clenahan,5-11 Wentworth Avenue Floor #2 NSW 2010,7 Allen Street  3150
49,123.47,2019-07-02,2019-07-09,2019-07-07,Shipped,,1976 Ford Gran Torino,Classic Cars,1:18,Gearbox Collectibles,9127,73.49,146.99,"Australian Collectables, Ltd",,Glen Waverly,Australia,60300,afixter@classicmodelcars.com,Sales Rep,Sydney,+61 2 9264 2451,Australia,APAC,Andy Fixter,Sean Clenahan,5-11 Wentworth Avenue Floor #2 NSW 2010,7 Allen Street  3150
44,188.73,2019-07-06,2019-07-14,2019-07-10,Shipped,,1968 Ford Mustang,Classic Cars,1:12,Autoart Studio Design,68,95.34,194.57,Lordine Souveniers,+39 0522 556555,Reggio Emilia,Italy,121400,pcastillo@classicmodelcars.com,Sales Rep,Paris,+33 1 47 23 44 04,France,EMEA,Pamela Castillo,Maurizio  Moroni,43 Rue Jouffroy Dabbans  75017,Strada Provinciale 124  42100
22,110.39,2019-07-06,2019-07-14,2019-07-10,Shipped,,1968 Dodge Charger,Classic Cars,1:12,Welly Diecast Productions,9123,75.16,117.44,Lordine Souveniers,+39 0522 556555,Reggio Emilia,Italy,121400,pcastillo@classicmodelcars.com,Sales Rep,Paris,+33 1 47 23 44 04,France,EMEA,Pamela Castillo,Maurizio  Moroni,43 Rue Jouffroy Dabbans  75017,Strada Provinciale 124  42100
35,67.83,2019-07-06,2019-07-14,2019-07-10,Shipped,,1970 Plymouth Hemi Cuda,Classic Cars,1:12,Studio M Art Models,5663,31.92,79.8,Lordine Souveniers,+39 0522 556555,Reggio Emilia,Italy,121400,pcastillo@classicmodelcars.com,Sales Rep,Paris,+33 1 47 23 44 04,France,EMEA,Pamela Castillo,Maurizio  Moroni,43 Rue Jouffroy Dabbans  75017,Strada Provinciale 124  42100
40,112.86,2019-07-06,2019-07-14,2019-07-10,Shipped,,1969 Dodge Charger,Classic Cars,1:12,Welly Diecast Productions,7323,58.73,115.16,Lordine Souveniers,+39 0522 556555,Reggio Emilia,Italy,121400,pcastillo@classicmodelcars.com,Sales Rep,Paris,+33 1 47 23 44 04,France,EMEA,Pamela Castillo,Maurizio  Moroni,43 Rue Jouffroy Dabbans  75017,Strada Provinciale 124  42100
21,131.63,2019-07-06,2019-07-14,2019-07-10,Shipped,,1993 Mazda RX-7,Classic Cars,1:18,Highway 66 Mini Classics,3975,83.51,141.54,Lordine Souveniers,+39 0522 556555,Reggio Emilia,Italy,121400,pcastillo@classicmodelcars.com,Sales Rep,Paris,+33 1 47 23 44 04,France,EMEA,Pamela Castillo,Maurizio  Moroni,43 Rue Jouffroy Dabbans  75017,Strada Provinciale 124  42100
36,99.55,2019-07-06,2019-07-14,2019-07-10,Shipped,,1965 Aston Martin DB5,Classic Cars,1:18,Classic Metal Creations,9042,65.96,124.44,Lordine Souveniers,+39 0522 556555,Reggio Emilia,Italy,121400,pcastillo@classicmodelcars.com,Sales Rep,Paris,+33 1 47 23 44 04,France,EMEA,Pamela Castillo,Maurizio  Moroni,43 Rue Jouffroy Dabbans  75017,Strada Provinciale 124  42100
33,77.0,2019-07-06,2019-07-14,2019-07-10,Shipped,,1948 Porsche 356-A Roadster,Classic Cars,1:18,Gearbox Collectibles,8826,53.9,77.0,Lordine Souveniers,+39 0522 556555,Reggio Emilia,Italy,121400,pcastillo@classicmodelcars.com,Sales Rep,Paris,+33 1 47 23 44 04,France,EMEA,Pamela Castillo,Maurizio  Moroni,43 Rue Jouffroy Dabbans  75017,Strada Provinciale 124  42100
49,139.41,2019-07-06,2019-07-14,2019-07-10,Shipped,,1995 Honda Civic,Classic Cars,1:18,Min Lin Diecast,9772,93.89,142.25,Lordine Souveniers,+39 0522 556555,Reggio Emilia,Italy,121400,pcastillo@classicmodelcars.com,Sales Rep,Paris,+33 1 47 23 44 04,France,EMEA,Pamela Castillo,Maurizio  Moroni,43 Rue Jouffroy Dabbans  75017,Strada Provinciale 124  42100
20,113.52,2019-07-06,2019-07-14,2019-07-10,Shipped,,1999 Indy 500 Monte Carlo SS,Classic Cars,1:18,Red Start Diecast,8164,56.76,132.0,Lordine Souveniers,+39 0522 556555,Reggio Emilia,Italy,121400,pcastillo@classicmodelcars.com,Sales Rep,Paris,+33 1 47 23 44 04,France,EMEA,Pamela Castillo,Maurizio  Moroni,43 Rue Jouffroy Dabbans  75017,Strada Provinciale 124  42100
29,137.17,2019-07-06,2019-07-14,2019-07-10,Shipped,,1992 Ferrari 360 Spider red,Classic Cars,1:18,Unimax Art Galleries,8347,77.9,169.34,Lordine Souveniers,+39 0522 556555,Reggio Emilia,Italy,121400,pcastillo@classicmodelcars.com,Sales Rep,Paris,+33 1 47 23 44 04,France,EMEA,Pamela Castillo,Maurizio  Moroni,43 Rue Jouffroy Dabbans  75017,Strada Provinciale 124  42100
33,127.15,2019-07-06,2019-07-14,2019-07-10,Shipped,,1948 Porsche Type 356 Roadster,Classic Cars,1:18,Gearbox Collectibles,8990,62.16,141.28,Lordine Souveniers,+39 0522 556555,Reggio Emilia,Italy,121400,pcastillo@classicmodelcars.com,Sales Rep,Paris,+33 1 47 23 44 04,France,EMEA,Pamela Castillo,Maurizio  Moroni,43 Rue Jouffroy Dabbans  75017,Strada Provinciale 124  42100
28,40.25,2019-07-06,2019-07-14,2019-07-10,Shipped,,1966 Shelby Cobra 427 S/C,Classic Cars,1:24,Carousel DieCast Legends,8197,29.18,50.31,Lordine Souveniers,+39 0522 556555,Reggio Emilia,Italy,121400,pcastillo@classicmodelcars.com,Sales Rep,Paris,+33 1 47 23 44 04,France,EMEA,Pamela Castillo,Maurizio  Moroni,43 Rue Jouffroy Dabbans  75017,Strada Provinciale 124  42100
34,35.12,2019-07-06,2019-07-14,2019-07-10,Shipped,,1982 Lamborghini Diablo,Classic Cars,1:24,Second Gear Diecast,7723,16.24,37.76,Lordine Souveniers,+39 0522 556555,Reggio Emilia,Italy,121400,pcastillo@classicmodelcars.com,Sales Rep,Paris,+33 1 47 23 44 04,France,EMEA,Pamela Castillo,Maurizio  Moroni,43 Rue Jouffroy Dabbans  75017,Strada Provinciale 124  42100
47,56.33,2019-07-06,2019-07-14,2019-07-10,Shipped,,1971 Alpine Renault 1600s,Classic Cars,1:24,Welly Diecast Productions,7995,38.58,61.23,Lordine Souveniers,+39 0522 556555,Reggio Emilia,Italy,121400,pcastillo@classicmodelcars.com,Sales Rep,Paris,+33 1 47 23 44 04,France,EMEA,Pamela Castillo,Maurizio  Moroni,43 Rue Jouffroy Dabbans  75017,Strada Provinciale 124  42100
24,119.37,2019-07-06,2019-07-14,2019-07-10,Shipped,,1956 Porsche 356A Coupe,Classic Cars,1:18,Classic Metal Creations,6600,98.3,140.43,Lordine Souveniers,+39 0522 556555,Reggio Emilia,Italy,121400,pcastillo@classicmodelcars.com,Sales Rep,Paris,+33 1 47 23 44 04,France,EMEA,Pamela Castillo,Maurizio  Moroni,43 Rue Jouffroy Dabbans  75017,Strada Provinciale 124  42100
36,71.27,2019-07-07,2019-07-17,2019-07-09,Shipped,,1957 Ford Thunderbird,Classic Cars,1:18,Studio M Art Models,3209,34.21,71.27,Muscle Machine Inc,+1 212-555-7413,NYC,USA,138500,ftseng@classicmodelcars.com,Sales Rep,NYC,+1 212-555-3000,USA,,Foon Yue Tseng,Jeff Young,523 East 53rd Street apt. 5A 10022,4092 Furth Circle Suite 400 10022
40,72.02,2019-07-07,2019-07-17,2019-07-09,Shipped,,1970 Chevy Chevelle SS 454,Classic Cars,1:24,Unimax Art Galleries,1005,49.24,73.49,Muscle Machine Inc,+1 212-555-7413,NYC,USA,138500,ftseng@classicmodelcars.com,Sales Rep,NYC,+1 212-555-3000,USA,,Foon Yue Tseng,Jeff Young,523 East 53rd Street apt. 5A 10022,4092 Furth Circle Suite 400 10022
38,76.33,2019-07-07,2019-07-17,2019-07-09,Shipped,,1949 Jaguar XK 120,Classic Cars,1:24,Classic Metal Creations,2350,47.25,90.87,Muscle Machine Inc,+1 212-555-7413,NYC,USA,138500,ftseng@classicmodelcars.com,Sales Rep,NYC,+1 212-555-3000,USA,,Foon Yue Tseng,Jeff Young,523 East 53rd Street apt. 5A 10022,4092 Furth Circle Suite 400 10022
43,93.95,2019-07-07,2019-07-17,2019-07-09,Shipped,,1952 Citroen-15CV,Classic Cars,1:24,Exoto Designs,1452,72.82,117.44,Muscle Machine Inc,+1 212-555-7413,NYC,USA,138500,ftseng@classicmodelcars.com,Sales Rep,NYC,+1 212-555-3000,USA,,Foon Yue Tseng,Jeff Young,523 East 53rd Street apt. 5A 10022,4092 Furth Circle Suite 400 10022
44,83.9,2019-07-07,2019-07-17,2019-07-09,Shipped,,1969 Chevrolet Camaro Z28,Classic Cars,1:24,Exoto Designs,4695,50.51,85.61,Muscle Machine Inc,+1 212-555-7413,NYC,USA,138500,ftseng@classicmodelcars.com,Sales Rep,NYC,+1 212-555-3000,USA,,Foon Yue Tseng,Jeff Young,523 East 53rd Street apt. 5A 10022,4092 Furth Circle Suite 400 10022
43,98.51,2019-07-07,2019-07-17,2019-07-09,Shipped,,2002 Chevy Corvette,Classic Cars,1:24,Gearbox Collectibles,9446,62.11,107.08,Muscle Machine Inc,+1 212-555-7413,NYC,USA,138500,ftseng@classicmodelcars.com,Sales Rep,NYC,+1 212-555-3000,USA,,Foon Yue Tseng,Jeff Young,523 East 53rd Street apt. 5A 10022,4092 Furth Circle Suite 400 10022
49,93.49,2019-07-12,2019-07-18,2019-07-14,Shipped,,1937 Lincoln Berline,Vintage Cars,1:18,Motor City Art Classics,8693,60.62,102.74,"Extreme Desk Decorations, Ltd",+64 4 499 9555,Wellington,New Zealand,86800,pmarsh@classicmodelcars.com,Sales Rep,Sydney,+61 2 9264 2451,Australia,APAC,Peter Marsh,Sarah McRoy,5-11 Wentworth Avenue Floor #2 NSW 2010,101 Lambton Quay Level 11
26,45.82,2019-07-12,2019-07-18,2019-07-14,Shipped,,1936 Mercedes-Benz 500K Special Roadster,Vintage Cars,1:18,Studio M Art Models,8635,24.26,53.91,"Extreme Desk Decorations, Ltd",+64 4 499 9555,Wellington,New Zealand,86800,pmarsh@classicmodelcars.com,Sales Rep,Sydney,+61 2 9264 2451,Australia,APAC,Peter Marsh,Sarah McRoy,5-11 Wentworth Avenue Floor #2 NSW 2010,101 Lambton Quay Level 11
34,164.9,2019-07-12,2019-07-18,2019-07-14,Shipped,,1917 Grand Touring Sedan,Vintage Cars,1:18,Welly Diecast Productions,2724,86.7,170.0,"Extreme Desk Decorations, Ltd",+64 4 499 9555,Wellington,New Zealand,86800,pmarsh@classicmodelcars.com,Sales Rep,Sydney,+61 2 9264 2451,Australia,APAC,Peter Marsh,Sarah McRoy,5-11 Wentworth Avenue Floor #2 NSW 2010,101 Lambton Quay Level 11
31,60.54,2019-07-12,2019-07-18,2019-07-14,Shipped,,1911 Ford Town Car,Vintage Cars,1:18,Motor City Art Classics,540,33.3,60.54,"Extreme Desk Decorations, Ltd",+64 4 499 9555,Wellington,New Zealand,86800,pmarsh@classicmodelcars.com,Sales Rep,Sydney,+61 2 9264 2451,Australia,APAC,Peter Marsh,Sarah McRoy,5-11 Wentworth Avenue Floor #2 NSW 2010,101 Lambton Quay Level 11
50,124.59,2019-07-12,2019-07-18,2019-07-14,Shipped,,1932 Model A Ford J-Coupe,Vintage Cars,1:18,Autoart Studio Design,9354,58.48,127.13,"Extreme Desk Decorations, Ltd",+64 4 499 9555,Wellington,New Zealand,86800,pmarsh@classicmodelcars.com,Sales Rep,Sydney,+61 2 9264 2451,Australia,APAC,Peter Marsh,Sarah McRoy,5-11 Wentworth Avenue Floor #2 NSW 2010,101 Lambton Quay Level 11
35,148.5,2019-07-12,2019-07-18,2019-07-14,Shipped,,1928 Mercedes-Benz SSK,Vintage Cars,1:18,Gearbox Collectibles,548,72.56,168.75,"Extreme Desk Decorations, Ltd",+64 4 499 9555,Wellington,New Zealand,86800,pmarsh@classicmodelcars.com,Sales Rep,Sydney,+61 2 9264 2451,Australia,APAC,Peter Marsh,Sarah McRoy,5-11 Wentworth Avenue Floor #2 NSW 2010,101 Lambton Quay Level 11
39,96.23,2019-07-12,2019-07-18,2019-07-14,Shipped,,1917 Maxwell Touring Car,Vintage Cars,1:18,Exoto Designs,7913,57.54,99.21,"Extreme Desk Decorations, Ltd",+64 4 499 9555,Wellington,New Zealand,86800,pmarsh@classicmodelcars.com,Sales Rep,Sydney,+61 2 9264 2451,Australia,APAC,Peter Marsh,Sarah McRoy,5-11 Wentworth Avenue Floor #2 NSW 2010,101 Lambton Quay Level 11
35,84.67,2019-07-12,2019-07-18,2019-07-14,Shipped,,1932 Alfa Romeo 8C2300 Spider Sport,Vintage Cars,1:18,Exoto Designs,6553,43.26,92.03,"Extreme Desk Decorations, Ltd",+64 4 499 9555,Wellington,New Zealand,86800,pmarsh@classicmodelcars.com,Sales Rep,Sydney,+61 2 9264 2451,Australia,APAC,Peter Marsh,Sarah McRoy,5-11 Wentworth Avenue Floor #2 NSW 2010,101 Lambton Quay Level 11
33,31.86,2019-07-12,2019-07-18,2019-07-14,Shipped,,1939 Chevrolet Deluxe Coupe,Vintage Cars,1:24,Motor City Art Classics,7332,22.57,33.19,"Extreme Desk Decorations, Ltd",+64 4 499 9555,Wellington,New Zealand,86800,pmarsh@classicmodelcars.com,Sales Rep,Sydney,+61 2 9264 2451,Australia,APAC,Peter Marsh,Sarah McRoy,5-11 Wentworth Avenue Floor #2 NSW 2010,101 Lambton Quay Level 11
40,36.29,2019-07-12,2019-07-18,2019-07-14,Shipped,,1938 Cadillac V-16 Presidential Limousine,Vintage Cars,1:24,Classic Metal Creations,2847,20.61,44.8,"Extreme Desk Decorations, Ltd",+64 4 499 9555,Wellington,New Zealand,86800,pmarsh@classicmodelcars.com,Sales Rep,Sydney,+61 2 9264 2451,Australia,APAC,Peter Marsh,Sarah McRoy,5-11 Wentworth Avenue Floor #2 NSW 2010,101 Lambton Quay Level 11
30,37.75,2019-07-12,2019-07-18,2019-07-14,Shipped,,1936 Mercedes Benz 500k Roadster,Vintage Cars,1:24,Red Start Diecast,2081,21.75,41.03,"Extreme Desk Decorations, Ltd",+64 4 499 9555,Wellington,New Zealand,86800,pmarsh@classicmodelcars.com,Sales Rep,Sydney,+61 2 9264 2451,Australia,APAC,Peter Marsh,Sarah McRoy,5-11 Wentworth Avenue Floor #2 NSW 2010,101 Lambton Quay Level 11
32,57.46,2019-07-16,2019-07-22,2019-07-18,Shipped,,1934 Ford V8 Coupe,Vintage Cars,1:18,Min Lin Diecast,5649,34.35,62.46,Salzburg Collectables,+43 6562 9555,Salzburg,Austria,71700,pcastillo@classicmodelcars.com,Sales Rep,Paris,+33 1 47 23 44 04,France,EMEA,Pamela Castillo,Georg  Pipps,43 Rue Jouffroy Dabbans  75017,Geislweg 14  5020
48,95.44,2019-07-16,2019-07-22,2019-07-18,Shipped,,1936 Chrysler Airflow,Vintage Cars,1:24,Second Gear Diecast,4710,57.46,97.39,Salzburg Collectables,+43 6562 9555,Salzburg,Austria,71700,pcastillo@classicmodelcars.com,Sales Rep,Paris,+33 1 47 23 44 04,France,EMEA,Pamela Castillo,Georg  Pipps,43 Rue Jouffroy Dabbans  75017,Geislweg 14  5020
21,171.44,2019-07-19,2019-07-27,2019-07-24,Shipped,Can we renegotiate this one?,1952 Alpine Renault 1300,Classic Cars,1:10,Classic Metal Creations,7305,98.58,214.3,Souveniers And Things Co.,+61 2 9495 8555,Chatswood,Australia,93300,afixter@classicmodelcars.com,Sales Rep,Sydney,+61 2 9264 2451,Australia,APAC,Andy Fixter,Adrian Huxley,5-11 Wentworth Avenue Floor #2 NSW 2010,Monitor Money Building 815 Pacific Hwy 2067
32,124.1,2019-07-19,2019-07-27,2019-07-24,Shipped,Can we renegotiate this one?,1962 LanciaA Delta 16V,Classic Cars,1:10,Second Gear Diecast,6791,103.42,147.74,Souveniers And Things Co.,+61 2 9495 8555,Chatswood,Australia,93300,afixter@classicmodelcars.com,Sales Rep,Sydney,+61 2 9264 2451,Australia,APAC,Andy Fixter,Adrian Huxley,5-11 Wentworth Avenue Floor #2 NSW 2010,Monitor Money Building 815 Pacific Hwy 2067
28,135.3,2019-07-19,2019-07-27,2019-07-24,Shipped,Can we renegotiate this one?,1958 Setra Bus,Trucks and Buses,1:12,Welly Diecast Productions,1579,77.9,136.67,Souveniers And Things Co.,+61 2 9495 8555,Chatswood,Australia,93300,afixter@classicmodelcars.com,Sales Rep,Sydney,+61 2 9264 2451,Australia,APAC,Andy Fixter,Adrian Huxley,5-11 Wentworth Avenue Floor #2 NSW 2010,Monitor Money Building 815 Pacific Hwy 2067
43,94.5,2019-07-19,2019-07-27,2019-07-24,Shipped,Can we renegotiate this one?,1940 Ford Pickup Truck,Trucks and Buses,1:18,Studio M Art Models,2613,58.33,116.67,Souveniers And Things Co.,+61 2 9495 8555,Chatswood,Australia,93300,afixter@classicmodelcars.com,Sales Rep,Sydney,+61 2 9264 2451,Australia,APAC,Andy Fixter,Adrian Huxley,5-11 Wentworth Avenue Floor #2 NSW 2010,Monitor Money Building 815 Pacific Hwy 2067
31,81.05,2019-07-19,2019-07-27,2019-07-24,Shipped,Can we renegotiate this one?,1913 Ford Model T Speedster,Vintage Cars,1:18,Carousel DieCast Legends,4189,60.78,101.31,Souveniers And Things Co.,+61 2 9495 8555,Chatswood,Australia,93300,afixter@classicmodelcars.com,Sales Rep,Sydney,+61 2 9264 2451,Australia,APAC,Andy Fixter,Adrian Huxley,5-11 Wentworth Avenue Floor #2 NSW 2010,Monitor Money Building 815 Pacific Hwy 2067
38,85.87,2019-07-19,2019-07-27,2019-07-24,Shipped,Can we renegotiate this one?,18th Century Vintage Horse Carriage,Vintage Cars,1:18,Red Start Diecast,5992,60.74,104.72,Souveniers And Things Co.,+61 2 9495 8555,Chatswood,Australia,93300,afixter@classicmodelcars.com,Sales Rep,Sydney,+61 2 9264 2451,Australia,APAC,Andy Fixter,Adrian Huxley,5-11 Wentworth Avenue Floor #2 NSW 2010,Monitor Money Building 815 Pacific Hwy 2067
38,107.76,2019-07-19,2019-07-27,2019-07-24,Shipped,Can we renegotiate this one?,1940s Ford truck,Trucks and Buses,1:18,Motor City Art Classics,3128,84.76,121.08,Souveniers And Things Co.,+61 2 9495 8555,Chatswood,Australia,93300,afixter@classicmodelcars.com,Sales Rep,Sydney,+61 2 9264 2451,Australia,APAC,Andy Fixter,Adrian Huxley,5-11 Wentworth Avenue Floor #2 NSW 2010,Monitor Money Building 815 Pacific Hwy 2067
44,40.25,2019-07-19,2019-07-27,2019-07-24,Shipped,Can we renegotiate this one?,1939 Cadillac Limousine,Vintage Cars,1:18,Studio M Art Models,6645,23.14,50.31,Souveniers And Things Co.,+61 2 9495 8555,Chatswood,Australia,93300,afixter@classicmodelcars.com,Sales Rep,Sydney,+61 2 9264 2451,Australia,APAC,Andy Fixter,Adrian Huxley,5-11 Wentworth Avenue Floor #2 NSW 2010,Monitor Money Building 815 Pacific Hwy 2067
32,93.42,2019-07-19,2019-07-27,2019-07-24,Shipped,Can we renegotiate this one?,1980’s GM Manhattan Express,Trucks and Buses,1:32,Motor City Art Classics,5099,53.93,96.31,Souveniers And Things Co.,+61 2 9495 8555,Chatswood,Australia,93300,afixter@classicmodelcars.com,Sales Rep,Sydney,+61 2 9264 2451,Australia,APAC,Andy Fixter,Adrian Huxley,5-11 Wentworth Avenue Floor #2 NSW 2010,Monitor Money Building 815 Pacific Hwy 2067
21,52.36,2019-07-19,2019-07-27,2019-07-24,Shipped,Can we renegotiate this one?,1996 Peterbilt 379 Stake Bed with Outrigger,Trucks and Buses,1:32,Red Start Diecast,814,33.61,64.64,Souveniers And Things Co.,+61 2 9495 8555,Chatswood,Australia,93300,afixter@classicmodelcars.com,Sales Rep,Sydney,+61 2 9264 2451,Australia,APAC,Andy Fixter,Adrian Huxley,5-11 Wentworth Avenue Floor #2 NSW 2010,Monitor Money Building 815 Pacific Hwy 2067
46,101.15,2019-07-19,2019-07-27,2019-07-24,Shipped,Can we renegotiate this one?,1982 Camaro Z28,Classic Cars,1:18,Carousel DieCast Legends,6934,46.53,101.15,Souveniers And Things Co.,+61 2 9495 8555,Chatswood,Australia,93300,afixter@classicmodelcars.com,Sales Rep,Sydney,+61 2 9264 2451,Australia,APAC,Andy Fixter,Adrian Huxley,5-11 Wentworth Avenue Floor #2 NSW 2010,Monitor Money Building 815 Pacific Hwy 2067
31,99.54,2019-07-20,2019-07-29,2019-07-23,Shipped,,1957 Chevy Pickup,Trucks and Buses,1:12,Exoto Designs,6125,55.7,118.5,Mini Gifts Distributors Ltd.,+1 415-555-1450,San Rafael,USA,210500,ljennings@classicmodelcars.com,Sales Rep,San Francisco,+1 650-219-4782,USA,,Leslie Jennings,Susan Nelson,100 Market Street Suite 300 94080,5677 Strong St.  97562
50,147.36,2019-07-20,2019-07-29,2019-07-23,Shipped,,1998 Chrysler Plymouth Prowler,Classic Cars,1:18,Gearbox Collectibles,4724,101.51,163.73,Mini Gifts Distributors Ltd.,+1 415-555-1450,San Rafael,USA,210500,ljennings@classicmodelcars.com,Sales Rep,San Francisco,+1 650-219-4782,USA,,Leslie Jennings,Susan Nelson,100 Market Street Suite 300 94080,5677 Strong St.  97562
50,121.5,2019-07-20,2019-07-29,2019-07-23,Shipped,,1964 Mercedes Tour Bus,Trucks and Buses,1:18,Unimax Art Galleries,8258,74.86,122.73,Mini Gifts Distributors Ltd.,+1 415-555-1450,San Rafael,USA,210500,ljennings@classicmodelcars.com,Sales Rep,San Francisco,+1 650-219-4782,USA,,Leslie Jennings,Susan Nelson,100 Market Street Suite 300 94080,5677 Strong St.  97562
25,59.55,2019-07-20,2019-07-29,2019-07-23,Shipped,,1926 Ford Fire Engine,Trucks and Buses,1:18,Carousel DieCast Legends,2019,24.92,60.77,Mini Gifts Distributors Ltd.,+1 415-555-1450,San Rafael,USA,210500,ljennings@classicmodelcars.com,Sales Rep,San Francisco,+1 650-219-4782,USA,,Leslie Jennings,Susan Nelson,100 Market Street Suite 300 94080,5677 Strong St.  97562
20,169.34,2019-07-20,2019-07-29,2019-07-23,Shipped,,1992 Ferrari 360 Spider red,Classic Cars,1:18,Unimax Art Galleries,8347,77.9,169.34,Mini Gifts Distributors Ltd.,+1 415-555-1450,San Rafael,USA,210500,ljennings@classicmodelcars.com,Sales Rep,San Francisco,+1 650-219-4782,USA,,Leslie Jennings,Susan Nelson,100 Market Street Suite 300 94080,5677 Strong St.  97562
45,49.71,2019-07-20,2019-07-29,2019-07-23,Shipped,,1970 Dodge Coronet,Classic Cars,1:24,Highway 66 Mini Classics,4074,32.37,57.8,Mini Gifts Distributors Ltd.,+1 415-555-1450,San Rafael,USA,210500,ljennings@classicmodelcars.com,Sales Rep,San Francisco,+1 650-219-4782,USA,,Leslie Jennings,Susan Nelson,100 Market Street Suite 300 94080,5677 Strong St.  97562
43,122.68,2019-07-20,2019-07-29,2019-07-23,Shipped,,1962 Volkswagen Microbus,Trucks and Buses,1:24,Autoart Studio Design,2327,61.34,127.79,Mini Gifts Distributors Ltd.,+1 415-555-1450,San Rafael,USA,210500,ljennings@classicmodelcars.com,Sales Rep,San Francisco,+1 650-219-4782,USA,,Leslie Jennings,Susan Nelson,100 Market Street Suite 300 94080,5677 Strong St.  97562
38,28.64,2019-07-20,2019-07-29,2019-07-23,Shipped,,1958 Chevy Corvette Limited Edition,Classic Cars,1:24,Carousel DieCast Legends,2542,15.91,35.36,Mini Gifts Distributors Ltd.,+1 415-555-1450,San Rafael,USA,210500,ljennings@classicmodelcars.com,Sales Rep,San Francisco,+1 650-219-4782,USA,,Leslie Jennings,Susan Nelson,100 Market Street Suite 300 94080,5677 Strong St.  97562
22,110.0,2019-07-20,2019-07-29,2019-07-23,Shipped,,1992 Porsche Cayenne Turbo Silver,Classic Cars,1:24,Exoto Designs,6582,69.78,118.28,Mini Gifts Distributors Ltd.,+1 415-555-1450,San Rafael,USA,210500,ljennings@classicmodelcars.com,Sales Rep,San Francisco,+1 650-219-4782,USA,,Leslie Jennings,Susan Nelson,100 Market Street Suite 300 94080,5677 Strong St.  97562
35,51.95,2019-07-20,2019-07-29,2019-07-23,Shipped,,1954 Greyhound Scenicruiser,Trucks and Buses,1:32,Classic Metal Creations,2874,25.98,54.11,Mini Gifts Distributors Ltd.,+1 415-555-1450,San Rafael,USA,210500,ljennings@classicmodelcars.com,Sales Rep,San Francisco,+1 650-219-4782,USA,,Leslie Jennings,Susan Nelson,100 Market Street Suite 300 94080,5677 Strong St.  97562
34,93.76,2019-07-20,2019-07-29,2019-07-23,Shipped,,Diamond T620 Semi-Skirted Tanker,Trucks and Buses,1:50,Highway 66 Mini Classics,1016,68.29,115.75,Mini Gifts Distributors Ltd.,+1 415-555-1450,San Rafael,USA,210500,ljennings@classicmodelcars.com,Sales Rep,San Francisco,+1 650-219-4782,USA,,Leslie Jennings,Susan Nelson,100 Market Street Suite 300 94080,5677 Strong St.  97562
35,187.02,2019-07-20,2019-07-26,2019-07-22,Shipped,,2001 Ferrari Enzo,Classic Cars,1:12,Second Gear Diecast,3619,95.59,207.8,Diecast Classics Inc.,+1 215-555-1555,Allentown,USA,100600,spatterson@classicmodelcars.com,Sales Rep,Boston,+1 215-837-0825,USA,,Steve Patterson,Kelvin Leong,1550 Court Place Suite 102 02107,7586 Pompton St.  70267
27,123.89,2019-07-20,2019-07-26,2019-07-22,Shipped,,1969 Corvair Monza,Classic Cars,1:18,Welly Diecast Productions,6906,89.14,151.08,Diecast Classics Inc.,+1 215-555-1555,Allentown,USA,100600,spatterson@classicmodelcars.com,Sales Rep,Boston,+1 215-837-0825,USA,,Steve Patterson,Kelvin Leong,1550 Court Place Suite 102 02107,7586 Pompton St.  70267
39,148.8,2019-07-20,2019-07-26,2019-07-22,Shipped,,1969 Ford Falcon,Classic Cars,1:12,Second Gear Diecast,1049,83.05,173.02,Diecast Classics Inc.,+1 215-555-1555,Allentown,USA,100600,spatterson@classicmodelcars.com,Sales Rep,Boston,+1 215-837-0825,USA,,Steve Patterson,Kelvin Leong,1550 Court Place Suite 102 02107,7586 Pompton St.  70267
25,126.39,2019-07-20,2019-07-26,2019-07-22,Shipped,,1970 Triumph Spitfire,Classic Cars,1:18,Min Lin Diecast,5545,91.92,143.62,Diecast Classics Inc.,+1 215-555-1555,Allentown,USA,100600,spatterson@classicmodelcars.com,Sales Rep,Boston,+1 215-837-0825,USA,,Steve Patterson,Kelvin Leong,1550 Court Place Suite 102 02107,7586 Pompton St.  70267
45,56.55,2019-07-20,2019-07-26,2019-07-22,Shipped,,1950s Chicago Surface Lines Streetcar,Trains,1:32,Gearbox Collectibles,8601,26.72,62.14,Diecast Classics Inc.,+1 215-555-1555,Allentown,USA,100600,spatterson@classicmodelcars.com,Sales Rep,Boston,+1 215-837-0825,USA,,Steve Patterson,Kelvin Leong,1550 Court Place Suite 102 02107,7586 Pompton St.  70267
43,53.89,2019-07-20,2019-07-26,2019-07-22,Shipped,,1962 City of Detroit Streetcar,Trains,1:50,Classic Metal Creations,1645,37.49,58.58,Diecast Classics Inc.,+1 215-555-1555,Allentown,USA,100600,spatterson@classicmodelcars.com,Sales Rep,Boston,+1 215-837-0825,USA,,Steve Patterson,Kelvin Leong,1550 Court Place Suite 102 02107,7586 Pompton St.  70267
30,136.0,2019-07-21,2019-07-28,2019-07-22,Shipped,,1972 Alfa Romeo GTA,Classic Cars,1:10,Motor City Art Classics,3252,85.68,136.0,Petit Auto,,Bruxelles,Belgium,79900,pcastillo@classicmodelcars.com,Sales Rep,Paris,+33 1 47 23 44 04,France,EMEA,Pamela Castillo,Catherine  Dewey,43 Rue Jouffroy Dabbans  75017,Rue Joseph-Bens 532  B-1180
34,84.3,2019-07-21,2019-07-28,2019-07-22,Shipped,,1999 Yamaha Speed Boat,Ships,1:18,Min Lin Diecast,4259,51.61,86.02,Petit Auto,,Bruxelles,Belgium,79900,pcastillo@classicmodelcars.com,Sales Rep,Paris,+33 1 47 23 44 04,France,EMEA,Pamela Castillo,Catherine  Dewey,43 Rue Jouffroy Dabbans  75017,Rue Joseph-Bens 532  B-1180
40,117.47,2019-07-21,2019-07-28,2019-07-22,Shipped,,1903 Ford Model A,Vintage Cars,1:18,Unimax Art Galleries,3913,68.3,136.59,Petit Auto,,Bruxelles,Belgium,79900,pcastillo@classicmodelcars.com,Sales Rep,Paris,+33 1 47 23 44 04,France,EMEA,Pamela Castillo,Catherine  Dewey,43 Rue Jouffroy Dabbans  75017,Rue Joseph-Bens 532  B-1180
47,87.73,2019-07-21,2019-07-28,2019-07-22,Shipped,,Collectable Wooden Train,Trains,1:18,Carousel DieCast Legends,6450,67.56,100.84,Petit Auto,,Bruxelles,Belgium,79900,pcastillo@classicmodelcars.com,Sales Rep,Paris,+33 1 47 23 44 04,France,EMEA,Pamela Castillo,Catherine  Dewey,43 Rue Jouffroy Dabbans  75017,Rue Joseph-Bens 532  B-1180
50,105.87,2019-07-21,2019-07-28,2019-07-22,Shipped,,1941 Chevrolet Special Deluxe Cabriolet,Vintage Cars,1:18,Exoto Designs,2378,64.58,105.87,Petit Auto,,Bruxelles,Belgium,79900,pcastillo@classicmodelcars.com,Sales Rep,Paris,+33 1 47 23 44 04,France,EMEA,Pamela Castillo,Catherine  Dewey,43 Rue Jouffroy Dabbans  75017,Rue Joseph-Bens 532  B-1180
33,72.85,2019-07-21,2019-07-28,2019-07-22,Shipped,,1904 Buick Runabout,Vintage Cars,1:18,Exoto Designs,8290,52.66,87.77,Petit Auto,,Bruxelles,Belgium,79900,pcastillo@classicmodelcars.com,Sales Rep,Paris,+33 1 47 23 44 04,France,EMEA,Pamela Castillo,Catherine  Dewey,43 Rue Jouffroy Dabbans  75017,Rue Joseph-Bens 532  B-1180
22,103.23,2019-07-21,2019-07-28,2019-07-22,Shipped,,18th century schooner,Ships,1:24,Carousel DieCast Legends,1898,82.34,122.89,Petit Auto,,Bruxelles,Belgium,79900,pcastillo@classicmodelcars.com,Sales Rep,Paris,+33 1 47 23 44 04,France,EMEA,Pamela Castillo,Catherine  Dewey,43 Rue Jouffroy Dabbans  75017,Rue Joseph-Bens 532  B-1180
27,84.08,2019-07-21,2019-07-28,2019-07-22,Shipped,,1912 Ford Model T Delivery Wagon,Vintage Cars,1:24,Min Lin Diecast,9173,46.91,88.51,Petit Auto,,Bruxelles,Belgium,79900,pcastillo@classicmodelcars.com,Sales Rep,Paris,+33 1 47 23 44 04,France,EMEA,Pamela Castillo,Catherine  Dewey,43 Rue Jouffroy Dabbans  75017,Rue Joseph-Bens 532  B-1180
48,83.86,2019-07-21,2019-07-28,2019-07-22,Shipped,,1940 Ford Delivery Sedan,Vintage Cars,1:24,Carousel DieCast Legends,6621,48.64,83.86,Petit Auto,,Bruxelles,Belgium,79900,pcastillo@classicmodelcars.com,Sales Rep,Paris,+33 1 47 23 44 04,France,EMEA,Pamela Castillo,Catherine  Dewey,43 Rue Jouffroy Dabbans  75017,Rue Joseph-Bens 532  B-1180
21,66.0,2019-07-21,2019-07-28,2019-07-22,Shipped,,The Schooner Bluenose,Ships,1:700,Autoart Studio Design,1897,34.0,66.67,Petit Auto,,Bruxelles,Belgium,79900,pcastillo@classicmodelcars.com,Sales Rep,Paris,+33 1 47 23 44 04,France,EMEA,Pamela Castillo,Catherine  Dewey,43 Rue Jouffroy Dabbans  75017,Rue Joseph-Bens 532  B-1180
21,77.95,2019-07-21,2019-07-28,2019-07-22,Shipped,,The Mayflower,Ships,1:700,Studio M Art Models,737,43.3,86.61,Petit Auto,,Bruxelles,Belgium,79900,pcastillo@classicmodelcars.com,Sales Rep,Paris,+33 1 47 23 44 04,France,EMEA,Pamela Castillo,Catherine  Dewey,43 Rue Jouffroy Dabbans  75017,Rue Joseph-Bens 532  B-1180
42,57.82,2019-07-21,2019-07-28,2019-07-22,Shipped,,The USS Constitution Ship,Ships,1:700,Red Start Diecast,7083,33.97,72.28,Petit Auto,,Bruxelles,Belgium,79900,pcastillo@classicmodelcars.com,Sales Rep,Paris,+33 1 47 23 44 04,France,EMEA,Pamela Castillo,Catherine  Dewey,43 Rue Jouffroy Dabbans  75017,Rue Joseph-Bens 532  B-1180
40,91.15,2019-07-21,2019-07-28,2019-07-22,Shipped,,The Titanic,Ships,1:700,Carousel DieCast Legends,1956,51.09,100.17,Petit Auto,,Bruxelles,Belgium,79900,pcastillo@classicmodelcars.com,Sales Rep,Paris,+33 1 47 23 44 04,France,EMEA,Pamela Castillo,Catherine  Dewey,43 Rue Jouffroy Dabbans  75017,Rue Joseph-Bens 532  B-1180
26,89.38,2019-07-21,2019-07-28,2019-07-22,Shipped,,The Queen Mary,Ships,1:700,Welly Diecast Productions,5088,53.63,99.31,Petit Auto,,Bruxelles,Belgium,79900,pcastillo@classicmodelcars.com,Sales Rep,Paris,+33 1 47 23 44 04,France,EMEA,Pamela Castillo,Catherine  Dewey,43 Rue Jouffroy Dabbans  75017,Rue Joseph-Bens 532  B-1180
37,51.32,2019-07-21,2019-07-28,2019-07-22,Shipped,,Pont Yacht,Ships,1:72,Unimax Art Galleries,414,33.3,54.6,Petit Auto,,Bruxelles,Belgium,79900,pcastillo@classicmodelcars.com,Sales Rep,Paris,+33 1 47 23 44 04,France,EMEA,Pamela Castillo,Catherine  Dewey,43 Rue Jouffroy Dabbans  75017,Rue Joseph-Bens 532  B-1180
41,129.31,2019-07-21,2019-07-29,2019-07-22,Shipped,,1980s Black Hawk Helicopter,Planes,1:18,Red Start Diecast,5330,77.27,157.69,Collectables For Less Inc.,+1 617-555-8555,Brickhaven,USA,70700,jfirrelli@classicmodelcars.com,Sales Rep,Boston,+1 215-837-0825,USA,,Julie Firrelli,Allen Nelson,1550 Court Place Suite 102 02107,7825 Douglas Av.  58339
40,56.86,2019-07-21,2019-07-29,2019-07-22,Shipped,,1900s Vintage Bi-Plane,Planes,1:24,Autoart Studio Design,5942,34.25,68.51,Collectables For Less Inc.,+1 617-555-8555,Brickhaven,USA,70700,jfirrelli@classicmodelcars.com,Sales Rep,Boston,+1 215-837-0825,USA,,Julie Firrelli,Allen Nelson,1550 Court Place Suite 102 02107,7825 Douglas Av.  58339
24,65.09,2019-07-21,2019-07-29,2019-07-22,Shipped,,1937 Horch 930V Limousine,Vintage Cars,1:24,Autoart Studio Design,2902,26.3,65.75,Collectables For Less Inc.,+1 617-555-8555,Brickhaven,USA,70700,jfirrelli@classicmodelcars.com,Sales Rep,Boston,+1 215-837-0825,USA,,Julie Firrelli,Allen Nelson,1550 Court Place Suite 102 02107,7825 Douglas Av.  58339
24,75.13,2019-07-21,2019-07-29,2019-07-22,Shipped,,HMS Bounty,Ships,1:700,Unimax Art Galleries,3501,39.83,90.52,Collectables For Less Inc.,+1 617-555-8555,Brickhaven,USA,70700,jfirrelli@classicmodelcars.com,Sales Rep,Boston,+1 215-837-0825,USA,,Julie Firrelli,Allen Nelson,1550 Court Place Suite 102 02107,7825 Douglas Av.  58339
32,49.66,2019-07-21,2019-07-29,2019-07-22,Shipped,,Boeing X-32A JSF,Planes,1:72,Motor City Art Classics,4857,32.77,49.66,Collectables For Less Inc.,+1 617-555-8555,Brickhaven,USA,70700,jfirrelli@classicmodelcars.com,Sales Rep,Boston,+1 215-837-0825,USA,,Julie Firrelli,Allen Nelson,1550 Court Place Suite 102 02107,7825 Douglas Av.  58339
45,81.35,2019-07-23,2019-08-02,2019-07-29,Shipped,,1969 Harley Davidson Ultimate Chopper,Motorcycles,1:10,Min Lin Diecast,7933,48.81,95.7,La Rochelle Gifts,,Nantes,France,118200,ghernande@classicmodelcars.com,Sales Rep,Paris,+33 1 47 23 44 04,France,EMEA,Gerard Hernandez,Janine  Labrune,43 Rue Jouffroy Dabbans  75017,"67, rue des Cinquante Otages  44000"
22,115.37,2019-07-23,2019-08-02,2019-07-29,Shipped,,1996 Moto Guzzi 1100i,Motorcycles,1:10,Highway 66 Mini Classics,6625,68.99,118.94,La Rochelle Gifts,,Nantes,France,118200,ghernande@classicmodelcars.com,Sales Rep,Paris,+33 1 47 23 44 04,France,EMEA,Gerard Hernandez,Janine  Labrune,43 Rue Jouffroy Dabbans  75017,"67, rue des Cinquante Otages  44000"
36,154.93,2019-07-23,2019-08-02,2019-07-29,Shipped,,2003 Harley-Davidson Eagle Drag Bike,Motorcycles,1:10,Red Start Diecast,5582,91.02,193.66,La Rochelle Gifts,,Nantes,France,118200,ghernande@classicmodelcars.com,Sales Rep,Paris,+33 1 47 23 44 04,France,EMEA,Gerard Hernandez,Janine  Labrune,43 Rue Jouffroy Dabbans  75017,"67, rue des Cinquante Otages  44000"
35,70.12,2019-07-23,2019-08-02,2019-07-29,Shipped,,P-51-D Mustang,Planes,1:72,Gearbox Collectibles,992,49.0,84.48,La Rochelle Gifts,,Nantes,France,118200,ghernande@classicmodelcars.com,Sales Rep,Paris,+33 1 47 23 44 04,France,EMEA,Gerard Hernandez,Janine  Labrune,43 Rue Jouffroy Dabbans  75017,"67, rue des Cinquante Otages  44000"
37,52.09,2019-07-23,2019-08-02,2019-07-29,Shipped,,1936 Harley Davidson El Knucklehead,Motorcycles,1:18,Welly Diecast Productions,4357,24.23,60.57,La Rochelle Gifts,,Nantes,France,118200,ghernande@classicmodelcars.com,Sales Rep,Paris,+33 1 47 23 44 04,France,EMEA,Gerard Hernandez,Janine  Labrune,43 Rue Jouffroy Dabbans  75017,"67, rue des Cinquante Otages  44000"
21,105.94,2019-07-23,2019-08-02,2019-07-29,Shipped,,1997 BMW R 1100 S,Motorcycles,1:24,Autoart Studio Design,7003,60.86,112.7,La Rochelle Gifts,,Nantes,France,118200,ghernande@classicmodelcars.com,Sales Rep,Paris,+33 1 47 23 44 04,France,EMEA,Gerard Hernandez,Janine  Labrune,43 Rue Jouffroy Dabbans  75017,"67, rue des Cinquante Otages  44000"
25,97.38,2019-07-23,2019-08-02,2019-07-29,Shipped,,1928 British Royal Navy Airplane,Planes,1:24,Classic Metal Creations,3627,66.74,109.42,La Rochelle Gifts,,Nantes,France,118200,ghernande@classicmodelcars.com,Sales Rep,Paris,+33 1 47 23 44 04,France,EMEA,Gerard Hernandez,Janine  Labrune,43 Rue Jouffroy Dabbans  75017,"67, rue des Cinquante Otages  44000"
30,61.7,2019-07-23,2019-08-02,2019-07-29,Shipped,,1960 BSA Gold Star DBD34,Motorcycles,1:24,Highway 66 Mini Classics,15,37.32,76.17,La Rochelle Gifts,,Nantes,France,118200,ghernande@classicmodelcars.com,Sales Rep,Paris,+33 1 47 23 44 04,France,EMEA,Gerard Hernandez,Janine  Labrune,43 Rue Jouffroy Dabbans  75017,"67, rue des Cinquante Otages  44000"
41,58.0,2019-07-23,2019-08-02,2019-07-29,Shipped,,Corsair F4U ( Bird Cage),Planes,1:24,Second Gear Diecast,6812,29.34,68.24,La Rochelle Gifts,,Nantes,France,118200,ghernande@classicmodelcars.com,Sales Rep,Paris,+33 1 47 23 44 04,France,EMEA,Gerard Hernandez,Janine  Labrune,43 Rue Jouffroy Dabbans  75017,"67, rue des Cinquante Otages  44000"
27,67.38,2019-07-23,2019-08-02,2019-07-29,Shipped,,1900s Vintage Tri-Plane,Planes,1:24,Unimax Art Galleries,2756,36.23,72.45,La Rochelle Gifts,,Nantes,France,118200,ghernande@classicmodelcars.com,Sales Rep,Paris,+33 1 47 23 44 04,France,EMEA,Gerard Hernandez,Janine  Labrune,43 Rue Jouffroy Dabbans  75017,"67, rue des Cinquante Otages  44000"
23,89.9,2019-07-23,2019-08-02,2019-07-29,Shipped,,1997 BMW F650 ST,Motorcycles,1:32,Exoto Designs,178,66.92,99.89,La Rochelle Gifts,,Nantes,France,118200,ghernande@classicmodelcars.com,Sales Rep,Paris,+33 1 47 23 44 04,France,EMEA,Gerard Hernandez,Janine  Labrune,43 Rue Jouffroy Dabbans  75017,"67, rue des Cinquante Otages  44000"
28,58.47,2019-07-23,2019-08-02,2019-07-29,Shipped,,1928 Ford Phaeton Deluxe,Vintage Cars,1:32,Highway 66 Mini Classics,136,33.02,68.79,La Rochelle Gifts,,Nantes,France,118200,ghernande@classicmodelcars.com,Sales Rep,Paris,+33 1 47 23 44 04,France,EMEA,Gerard Hernandez,Janine  Labrune,43 Rue Jouffroy Dabbans  75017,"67, rue des Cinquante Otages  44000"
38,40.15,2019-07-23,2019-08-02,2019-07-29,Shipped,,1930 Buick Marquette Phaeton,Vintage Cars,1:50,Studio M Art Models,7062,27.06,43.64,La Rochelle Gifts,,Nantes,France,118200,ghernande@classicmodelcars.com,Sales Rep,Paris,+33 1 47 23 44 04,France,EMEA,Gerard Hernandez,Janine  Labrune,43 Rue Jouffroy Dabbans  75017,"67, rue des Cinquante Otages  44000"
32,85.86,2019-07-23,2019-08-02,2019-07-29,Shipped,,American Airlines: B767-300,Planes,1:700,Min Lin Diecast,5841,51.15,91.34,La Rochelle Gifts,,Nantes,France,118200,ghernande@classicmodelcars.com,Sales Rep,Paris,+33 1 47 23 44 04,France,EMEA,Gerard Hernandez,Janine  Labrune,43 Rue Jouffroy Dabbans  75017,"67, rue des Cinquante Otages  44000"
39,82.77,2019-07-23,2019-08-02,2019-07-29,Shipped,,America West Airlines B757-200,Planes,1:700,Motor City Art Classics,9653,68.8,99.72,La Rochelle Gifts,,Nantes,France,118200,ghernande@classicmodelcars.com,Sales Rep,Paris,+33 1 47 23 44 04,France,EMEA,Gerard Hernandez,Janine  Labrune,43 Rue Jouffroy Dabbans  75017,"67, rue des Cinquante Otages  44000"
48,102.04,2019-07-23,2019-08-02,2019-07-29,Shipped,,ATA: B757-300,Planes,1:700,Highway 66 Mini Classics,7106,59.33,118.65,La Rochelle Gifts,,Nantes,France,118200,ghernande@classicmodelcars.com,Sales Rep,Paris,+33 1 47 23 44 04,France,EMEA,Gerard Hernandez,Janine  Labrune,43 Rue Jouffroy Dabbans  75017,"67, rue des Cinquante Otages  44000"
43,72.0,2019-07-23,2019-08-02,2019-07-29,Shipped,,F/A 18 Hornet 1/72,Planes,1:72,Motor City Art Classics,551,54.4,80.0,La Rochelle Gifts,,Nantes,France,118200,ghernande@classicmodelcars.com,Sales Rep,Paris,+33 1 47 23 44 04,France,EMEA,Gerard Hernandez,Janine  Labrune,43 Rue Jouffroy Dabbans  75017,"67, rue des Cinquante Otages  44000"
31,59.96,2019-07-23,2019-08-02,2019-07-29,Shipped,,American Airlines: MD-11S,Planes,1:700,Second Gear Diecast,8820,36.27,74.03,La Rochelle Gifts,,Nantes,France,118200,ghernande@classicmodelcars.com,Sales Rep,Paris,+33 1 47 23 44 04,France,EMEA,Gerard Hernandez,Janine  Labrune,43 Rue Jouffroy Dabbans  75017,"67, rue des Cinquante Otages  44000"
50,184.84,2019-08-02,2019-08-11,2019-08-08,Shipped,,1968 Ford Mustang,Classic Cars,1:12,Autoart Studio Design,68,95.34,194.57,Online Mini Collectables,+1 617-555-7555,Brickhaven,USA,68700,jfirrelli@classicmodelcars.com,Sales Rep,Boston,+1 215-837-0825,USA,,Julie Firrelli,Miguel Barajas,1550 Court Place Suite 102 02107,7635 Spinnaker Dr.  58339
43,150.62,2019-08-02,2019-08-11,2019-08-08,Shipped,,2002 Suzuki XREO,Motorcycles,1:12,Unimax Art Galleries,9997,66.27,150.62,Online Mini Collectables,+1 617-555-7555,Brickhaven,USA,68700,jfirrelli@classicmodelcars.com,Sales Rep,Boston,+1 215-837-0825,USA,,Julie Firrelli,Miguel Barajas,1550 Court Place Suite 102 02107,7635 Spinnaker Dr.  58339
47,104.52,2019-08-02,2019-08-11,2019-08-08,Shipped,,1968 Dodge Charger,Classic Cars,1:12,Welly Diecast Productions,9123,75.16,117.44,Online Mini Collectables,+1 617-555-7555,Brickhaven,USA,68700,jfirrelli@classicmodelcars.com,Sales Rep,Boston,+1 215-837-0825,USA,,Julie Firrelli,Miguel Barajas,1550 Court Place Suite 102 02107,7635 Spinnaker Dr.  58339
38,67.83,2019-08-02,2019-08-11,2019-08-08,Shipped,,1970 Plymouth Hemi Cuda,Classic Cars,1:12,Studio M Art Models,5663,31.92,79.8,Online Mini Collectables,+1 617-555-7555,Brickhaven,USA,68700,jfirrelli@classicmodelcars.com,Sales Rep,Boston,+1 215-837-0825,USA,,Julie Firrelli,Miguel Barajas,1550 Court Place Suite 102 02107,7635 Spinnaker Dr.  58339
38,78.0,2019-08-02,2019-08-11,2019-08-08,Shipped,,1969 Dodge Super Bee,Classic Cars,1:18,Min Lin Diecast,1917,49.05,80.41,Online Mini Collectables,+1 617-555-7555,Brickhaven,USA,68700,jfirrelli@classicmodelcars.com,Sales Rep,Boston,+1 215-837-0825,USA,,Julie Firrelli,Miguel Barajas,1550 Court Place Suite 102 02107,7635 Spinnaker Dr.  58339
30,139.64,2019-08-02,2019-08-11,2019-08-08,Shipped,,1976 Ford Gran Torino,Classic Cars,1:18,Gearbox Collectibles,9127,73.49,146.99,Online Mini Collectables,+1 617-555-7555,Brickhaven,USA,68700,jfirrelli@classicmodelcars.com,Sales Rep,Boston,+1 215-837-0825,USA,,Julie Firrelli,Miguel Barajas,1550 Court Place Suite 102 02107,7635 Spinnaker Dr.  58339
33,54.71,2019-08-02,2019-08-11,2019-08-08,Shipped,,1957 Vespa GS150,Motorcycles,1:18,Studio M Art Models,7689,32.95,62.17,Online Mini Collectables,+1 617-555-7555,Brickhaven,USA,68700,jfirrelli@classicmodelcars.com,Sales Rep,Boston,+1 215-837-0825,USA,,Julie Firrelli,Miguel Barajas,1550 Court Place Suite 102 02107,7635 Spinnaker Dr.  58339
48,120.53,2019-08-02,2019-08-11,2019-08-08,Shipped,,1957 Corvette Convertible,Classic Cars,1:18,Classic Metal Creations,1249,69.93,148.8,Online Mini Collectables,+1 617-555-7555,Brickhaven,USA,68700,jfirrelli@classicmodelcars.com,Sales Rep,Boston,+1 215-837-0825,USA,,Julie Firrelli,Miguel Barajas,1550 Court Place Suite 102 02107,7635 Spinnaker Dr.  58339
46,61.64,2019-08-02,2019-08-11,2019-08-08,Shipped,,1982 Ducati 900 Monster,Motorcycles,1:24,Highway 66 Mini Classics,6840,47.1,69.26,Online Mini Collectables,+1 617-555-7555,Brickhaven,USA,68700,jfirrelli@classicmodelcars.com,Sales Rep,Boston,+1 215-837-0825,USA,,Julie Firrelli,Miguel Barajas,1550 Court Place Suite 102 02107,7635 Spinnaker Dr.  58339
20,58.17,2019-08-02,2019-08-11,2019-08-08,Shipped,,1971 Alpine Renault 1600s,Classic Cars,1:24,Welly Diecast Productions,7995,38.58,61.23,Online Mini Collectables,+1 617-555-7555,Brickhaven,USA,68700,jfirrelli@classicmodelcars.com,Sales Rep,Boston,+1 215-837-0825,USA,,Julie Firrelli,Miguel Barajas,1550 Court Place Suite 102 02107,7635 Spinnaker Dr.  58339
48,67.1,2019-08-02,2019-08-11,2019-08-08,Shipped,,1961 Chevrolet Impala,Classic Cars,1:18,Classic Metal Creations,7869,32.33,80.84,Online Mini Collectables,+1 617-555-7555,Brickhaven,USA,68700,jfirrelli@classicmodelcars.com,Sales Rep,Boston,+1 215-837-0825,USA,,Julie Firrelli,Miguel Barajas,1550 Court Place Suite 102 02107,7635 Spinnaker Dr.  58339
27,35.4,2019-08-02,2019-08-11,2019-08-08,Shipped,,1982 Ducati 996 R,Motorcycles,1:32,Gearbox Collectibles,9241,24.14,40.23,Online Mini Collectables,+1 617-555-7555,Brickhaven,USA,68700,jfirrelli@classicmodelcars.com,Sales Rep,Boston,+1 215-837-0825,USA,,Julie Firrelli,Miguel Barajas,1550 Court Place Suite 102 02107,7635 Spinnaker Dr.  58339
38,94.91,2019-08-02,2019-08-11,2019-08-08,Shipped,,1974 Ducati 350 Mk3 Desmo,Motorcycles,1:32,Second Gear Diecast,3341,56.13,102.05,Online Mini Collectables,+1 617-555-7555,Brickhaven,USA,68700,jfirrelli@classicmodelcars.com,Sales Rep,Boston,+1 215-837-0825,USA,,Julie Firrelli,Miguel Barajas,1550 Court Place Suite 102 02107,7635 Spinnaker Dr.  58339
21,67.53,2019-08-02,2019-08-11,2019-08-08,Shipped,,2002 Yamaha YZR M1,Motorcycles,1:50,Autoart Studio Design,600,34.17,81.36,Online Mini Collectables,+1 617-555-7555,Brickhaven,USA,68700,jfirrelli@classicmodelcars.com,Sales Rep,Boston,+1 215-837-0825,USA,,Julie Firrelli,Miguel Barajas,1550 Court Place Suite 102 02107,7635 Spinnaker Dr.  58339
28,93.28,2019-08-04,2019-08-12,2019-08-05,Shipped,,1969 Dodge Charger,Classic Cars,1:12,Welly Diecast Productions,7323,58.73,115.16,"Dragon Souveniers, Ltd.",,Singapore,Singapore,103800,mnishi@classicmodelcars.com,Sales Rep,Tokyo,+81 3-3224-5000,Japan,Japan,Mami Nishi,Eric Natividad,4-1 Kioicho  102-8578,Bronz Sok. Bronz Apt. 3/6 Tesvikiye 79903
34,114.65,2019-08-06,2019-08-16,2019-08-09,Shipped,,1993 Mazda RX-7,Classic Cars,1:18,Highway 66 Mini Classics,3975,83.51,141.54,Signal Gift Stores,+1 702-555-1838,Las Vegas,USA,71800,lthompson@classicmodelcars.com,Sales Rep,San Francisco,+1 650-219-4782,USA,,Leslie Thompson,Jean King,100 Market Street Suite 300 94080,8489 Strong St.  83030
23,107.02,2019-08-06,2019-08-16,2019-08-09,Shipped,,1965 Aston Martin DB5,Classic Cars,1:18,Classic Metal Creations,9042,65.96,124.44,Signal Gift Stores,+1 702-555-1838,Las Vegas,USA,71800,lthompson@classicmodelcars.com,Sales Rep,San Francisco,+1 650-219-4782,USA,,Leslie Thompson,Jean King,100 Market Street Suite 300 94080,8489 Strong St.  83030
29,73.15,2019-08-06,2019-08-16,2019-08-09,Shipped,,1948 Porsche 356-A Roadster,Classic Cars,1:18,Gearbox Collectibles,8826,53.9,77.0,Signal Gift Stores,+1 702-555-1838,Las Vegas,USA,71800,lthompson@classicmodelcars.com,Sales Rep,San Francisco,+1 650-219-4782,USA,,Leslie Thompson,Jean King,100 Market Street Suite 300 94080,8489 Strong St.  83030
29,118.07,2019-08-06,2019-08-16,2019-08-09,Shipped,,1995 Honda Civic,Classic Cars,1:18,Min Lin Diecast,9772,93.89,142.25,Signal Gift Stores,+1 702-555-1838,Las Vegas,USA,71800,lthompson@classicmodelcars.com,Sales Rep,San Francisco,+1 650-219-4782,USA,,Leslie Thompson,Jean King,100 Market Street Suite 300 94080,8489 Strong St.  83030
39,117.48,2019-08-06,2019-08-16,2019-08-09,Shipped,,1999 Indy 500 Monte Carlo SS,Classic Cars,1:18,Red Start Diecast,8164,56.76,132.0,Signal Gift Stores,+1 702-555-1838,Las Vegas,USA,71800,lthompson@classicmodelcars.com,Sales Rep,San Francisco,+1 650-219-4782,USA,,Leslie Thompson,Jean King,100 Market Street Suite 300 94080,8489 Strong St.  83030
42,167.65,2019-08-06,2019-08-16,2019-08-09,Shipped,,1992 Ferrari 360 Spider red,Classic Cars,1:18,Unimax Art Galleries,8347,77.9,169.34,Signal Gift Stores,+1 702-555-1838,Las Vegas,USA,71800,lthompson@classicmodelcars.com,Sales Rep,San Francisco,+1 650-219-4782,USA,,Leslie Thompson,Jean King,100 Market Street Suite 300 94080,8489 Strong St.  83030
31,114.44,2019-08-06,2019-08-16,2019-08-09,Shipped,,1948 Porsche Type 356 Roadster,Classic Cars,1:18,Gearbox Collectibles,8990,62.16,141.28,Signal Gift Stores,+1 702-555-1838,Las Vegas,USA,71800,lthompson@classicmodelcars.com,Sales Rep,San Francisco,+1 650-219-4782,USA,,Leslie Thompson,Jean King,100 Market Street Suite 300 94080,8489 Strong St.  83030
35,48.8,2019-08-06,2019-08-16,2019-08-09,Shipped,,1966 Shelby Cobra 427 S/C,Classic Cars,1:24,Carousel DieCast Legends,8197,29.18,50.31,Signal Gift Stores,+1 702-555-1838,Las Vegas,USA,71800,lthompson@classicmodelcars.com,Sales Rep,San Francisco,+1 650-219-4782,USA,,Leslie Thompson,Jean King,100 Market Street Suite 300 94080,8489 Strong St.  83030
31,37.38,2019-08-06,2019-08-16,2019-08-09,Shipped,,1982 Lamborghini Diablo,Classic Cars,1:24,Second Gear Diecast,7723,16.24,37.76,Signal Gift Stores,+1 702-555-1838,Las Vegas,USA,71800,lthompson@classicmodelcars.com,Sales Rep,San Francisco,+1 650-219-4782,USA,,Leslie Thompson,Jean King,100 Market Street Suite 300 94080,8489 Strong St.  83030
25,136.22,2019-08-06,2019-08-16,2019-08-09,Shipped,,1956 Porsche 356A Coupe,Classic Cars,1:18,Classic Metal Creations,6600,98.3,140.43,Signal Gift Stores,+1 702-555-1838,Las Vegas,USA,71800,lthompson@classicmodelcars.com,Sales Rep,San Francisco,+1 650-219-4782,USA,,Leslie Thompson,Jean King,100 Market Street Suite 300 94080,8489 Strong St.  83030
26,68.42,2019-08-09,2019-08-19,2019-08-15,Shipped,"Cautious optimism. We have happy customers here, if we can keep them well stocked.  I need all the information I can get on the planned shippments of Porches",1957 Ford Thunderbird,Classic Cars,1:18,Studio M Art Models,3209,34.21,71.27,Euro+ Shopping Channel,+34 915 55 94 44,Madrid,Spain,227600,ghernande@classicmodelcars.com,Sales Rep,Paris,+33 1 47 23 44 04,France,EMEA,Gerard Hernandez,Diego  Freyre,43 Rue Jouffroy Dabbans  75017,"C/ Moralzarzal, 86  28034"
32,68.35,2019-08-09,2019-08-19,2019-08-15,Shipped,"Cautious optimism. We have happy customers here, if we can keep them well stocked.  I need all the information I can get on the planned shippments of Porches",1970 Chevy Chevelle SS 454,Classic Cars,1:24,Unimax Art Galleries,1005,49.24,73.49,Euro+ Shopping Channel,+34 915 55 94 44,Madrid,Spain,227600,ghernande@classicmodelcars.com,Sales Rep,Paris,+33 1 47 23 44 04,France,EMEA,Gerard Hernandez,Diego  Freyre,43 Rue Jouffroy Dabbans  75017,"C/ Moralzarzal, 86  28034"
49,76.33,2019-08-09,2019-08-19,2019-08-15,Shipped,"Cautious optimism. We have happy customers here, if we can keep them well stocked.  I need all the information I can get on the planned shippments of Porches",1949 Jaguar XK 120,Classic Cars,1:24,Classic Metal Creations,2350,47.25,90.87,Euro+ Shopping Channel,+34 915 55 94 44,Madrid,Spain,227600,ghernande@classicmodelcars.com,Sales Rep,Paris,+33 1 47 23 44 04,France,EMEA,Gerard Hernandez,Diego  Freyre,43 Rue Jouffroy Dabbans  75017,"C/ Moralzarzal, 86  28034"
48,106.87,2019-08-09,2019-08-19,2019-08-15,Shipped,"Cautious optimism. We have happy customers here, if we can keep them well stocked.  I need all the information I can get on the planned shippments of Porches",1952 Citroen-15CV,Classic Cars,1:24,Exoto Designs,1452,72.82,117.44,Euro+ Shopping Channel,+34 915 55 94 44,Madrid,Spain,227600,ghernande@classicmodelcars.com,Sales Rep,Paris,+33 1 47 23 44 04,France,EMEA,Gerard Hernandez,Diego  Freyre,43 Rue Jouffroy Dabbans  75017,"C/ Moralzarzal, 86  28034"
33,78.76,2019-08-09,2019-08-19,2019-08-15,Shipped,"Cautious optimism. We have happy customers here, if we can keep them well stocked.  I need all the information I can get on the planned shippments of Porches",1969 Chevrolet Camaro Z28,Classic Cars,1:24,Exoto Designs,4695,50.51,85.61,Euro+ Shopping Channel,+34 915 55 94 44,Madrid,Spain,227600,ghernande@classicmodelcars.com,Sales Rep,Paris,+33 1 47 23 44 04,France,EMEA,Gerard Hernandez,Diego  Freyre,43 Rue Jouffroy Dabbans  75017,"C/ Moralzarzal, 86  28034"
48,95.3,2019-08-09,2019-08-19,2019-08-15,Shipped,"Cautious optimism. We have happy customers here, if we can keep them well stocked.  I need all the information I can get on the planned shippments of Porches",2002 Chevy Corvette,Classic Cars,1:24,Gearbox Collectibles,9446,62.11,107.08,Euro+ Shopping Channel,+34 915 55 94 44,Madrid,Spain,227600,ghernande@classicmodelcars.com,Sales Rep,Paris,+33 1 47 23 44 04,France,EMEA,Gerard Hernandez,Diego  Freyre,43 Rue Jouffroy Dabbans  75017,"C/ Moralzarzal, 86  28034"
34,205.73,2019-08-17,2019-08-27,2019-08-19,Shipped,,1952 Alpine Renault 1300,Classic Cars,1:10,Classic Metal Creations,7305,98.58,214.3,Amica Models & Co.,+39 011 498 8555,Torino,Italy,113000,pcastillo@classicmodelcars.com,Sales Rep,Paris,+33 1 47 23 44 04,France,EMEA,Pamela Castillo,Paolo  Accorti,43 Rue Jouffroy Dabbans  75017,Via Monte Bianco 34  10100
24,98.0,2019-08-17,2019-08-27,2019-08-19,Shipped,,1940 Ford Pickup Truck,Trucks and Buses,1:18,Studio M Art Models,2613,58.33,116.67,Amica Models & Co.,+39 011 498 8555,Torino,Italy,113000,pcastillo@classicmodelcars.com,Sales Rep,Paris,+33 1 47 23 44 04,France,EMEA,Pamela Castillo,Paolo  Accorti,43 Rue Jouffroy Dabbans  75017,Via Monte Bianco 34  10100
50,87.33,2019-08-17,2019-08-27,2019-08-19,Shipped,,1937 Lincoln Berline,Vintage Cars,1:18,Motor City Art Classics,8693,60.62,102.74,Amica Models & Co.,+39 011 498 8555,Torino,Italy,113000,pcastillo@classicmodelcars.com,Sales Rep,Paris,+33 1 47 23 44 04,France,EMEA,Pamela Castillo,Paolo  Accorti,43 Rue Jouffroy Dabbans  75017,Via Monte Bianco 34  10100
27,47.44,2019-08-17,2019-08-27,2019-08-19,Shipped,,1936 Mercedes-Benz 500K Special Roadster,Vintage Cars,1:18,Studio M Art Models,8635,24.26,53.91,Amica Models & Co.,+39 011 498 8555,Torino,Italy,113000,pcastillo@classicmodelcars.com,Sales Rep,Paris,+33 1 47 23 44 04,France,EMEA,Pamela Castillo,Paolo  Accorti,43 Rue Jouffroy Dabbans  75017,Via Monte Bianco 34  10100
26,161.5,2019-08-17,2019-08-27,2019-08-19,Shipped,,1917 Grand Touring Sedan,Vintage Cars,1:18,Welly Diecast Productions,2724,86.7,170.0,Amica Models & Co.,+39 011 498 8555,Torino,Italy,113000,pcastillo@classicmodelcars.com,Sales Rep,Paris,+33 1 47 23 44 04,France,EMEA,Pamela Castillo,Paolo  Accorti,43 Rue Jouffroy Dabbans  75017,Via Monte Bianco 34  10100
25,53.28,2019-08-17,2019-08-27,2019-08-19,Shipped,,1911 Ford Town Car,Vintage Cars,1:18,Motor City Art Classics,540,33.3,60.54,Amica Models & Co.,+39 011 498 8555,Torino,Italy,113000,pcastillo@classicmodelcars.com,Sales Rep,Paris,+33 1 47 23 44 04,France,EMEA,Pamela Castillo,Paolo  Accorti,43 Rue Jouffroy Dabbans  75017,Via Monte Bianco 34  10100
37,109.33,2019-08-17,2019-08-27,2019-08-19,Shipped,,1932 Model A Ford J-Coupe,Vintage Cars,1:18,Autoart Studio Design,9354,58.48,127.13,Amica Models & Co.,+39 011 498 8555,Torino,Italy,113000,pcastillo@classicmodelcars.com,Sales Rep,Paris,+33 1 47 23 44 04,France,EMEA,Pamela Castillo,Paolo  Accorti,43 Rue Jouffroy Dabbans  75017,Via Monte Bianco 34  10100
22,158.63,2019-08-17,2019-08-27,2019-08-19,Shipped,,1928 Mercedes-Benz SSK,Vintage Cars,1:18,Gearbox Collectibles,548,72.56,168.75,Amica Models & Co.,+39 011 498 8555,Torino,Italy,113000,pcastillo@classicmodelcars.com,Sales Rep,Paris,+33 1 47 23 44 04,France,EMEA,Pamela Castillo,Paolo  Accorti,43 Rue Jouffroy Dabbans  75017,Via Monte Bianco 34  10100
46,82.06,2019-08-17,2019-08-27,2019-08-19,Shipped,,1913 Ford Model T Speedster,Vintage Cars,1:18,Carousel DieCast Legends,4189,60.78,101.31,Amica Models & Co.,+39 011 498 8555,Torino,Italy,113000,pcastillo@classicmodelcars.com,Sales Rep,Paris,+33 1 47 23 44 04,France,EMEA,Pamela Castillo,Paolo  Accorti,43 Rue Jouffroy Dabbans  75017,Via Monte Bianco 34  10100
43,54.34,2019-08-17,2019-08-27,2019-08-19,Shipped,,1934 Ford V8 Coupe,Vintage Cars,1:18,Min Lin Diecast,5649,34.35,62.46,Amica Models & Co.,+39 011 498 8555,Torino,Italy,113000,pcastillo@classicmodelcars.com,Sales Rep,Paris,+33 1 47 23 44 04,France,EMEA,Pamela Castillo,Paolo  Accorti,43 Rue Jouffroy Dabbans  75017,Via Monte Bianco 34  10100
29,102.63,2019-08-17,2019-08-27,2019-08-19,Shipped,,18th Century Vintage Horse Carriage,Vintage Cars,1:18,Red Start Diecast,5992,60.74,104.72,Amica Models & Co.,+39 011 498 8555,Torino,Italy,113000,pcastillo@classicmodelcars.com,Sales Rep,Paris,+33 1 47 23 44 04,France,EMEA,Pamela Castillo,Paolo  Accorti,43 Rue Jouffroy Dabbans  75017,Via Monte Bianco 34  10100
34,99.21,2019-08-17,2019-08-27,2019-08-19,Shipped,,1917 Maxwell Touring Car,Vintage Cars,1:18,Exoto Designs,7913,57.54,99.21,Amica Models & Co.,+39 011 498 8555,Torino,Italy,113000,pcastillo@classicmodelcars.com,Sales Rep,Paris,+33 1 47 23 44 04,France,EMEA,Pamela Castillo,Paolo  Accorti,43 Rue Jouffroy Dabbans  75017,Via Monte Bianco 34  10100
35,77.31,2019-08-17,2019-08-27,2019-08-19,Shipped,,1932 Alfa Romeo 8C2300 Spider Sport,Vintage Cars,1:18,Exoto Designs,6553,43.26,92.03,Amica Models & Co.,+39 011 498 8555,Torino,Italy,113000,pcastillo@classicmodelcars.com,Sales Rep,Paris,+33 1 47 23 44 04,France,EMEA,Pamela Castillo,Paolo  Accorti,43 Rue Jouffroy Dabbans  75017,Via Monte Bianco 34  10100
20,29.87,2019-08-17,2019-08-27,2019-08-19,Shipped,,1939 Chevrolet Deluxe Coupe,Vintage Cars,1:24,Motor City Art Classics,7332,22.57,33.19,Amica Models & Co.,+39 011 498 8555,Torino,Italy,113000,pcastillo@classicmodelcars.com,Sales Rep,Paris,+33 1 47 23 44 04,France,EMEA,Pamela Castillo,Paolo  Accorti,43 Rue Jouffroy Dabbans  75017,Via Monte Bianco 34  10100
45,36.29,2019-08-17,2019-08-27,2019-08-19,Shipped,,1938 Cadillac V-16 Presidential Limousine,Vintage Cars,1:24,Classic Metal Creations,2847,20.61,44.8,Amica Models & Co.,+39 011 498 8555,Torino,Italy,113000,pcastillo@classicmodelcars.com,Sales Rep,Paris,+33 1 47 23 44 04,France,EMEA,Pamela Castillo,Paolo  Accorti,43 Rue Jouffroy Dabbans  75017,Via Monte Bianco 34  10100
33,35.29,2019-08-17,2019-08-27,2019-08-19,Shipped,,1936 Mercedes Benz 500k Roadster,Vintage Cars,1:24,Red Start Diecast,2081,21.75,41.03,Amica Models & Co.,+39 011 498 8555,Torino,Italy,113000,pcastillo@classicmodelcars.com,Sales Rep,Paris,+33 1 47 23 44 04,France,EMEA,Pamela Castillo,Paolo  Accorti,43 Rue Jouffroy Dabbans  75017,Via Monte Bianco 34  10100
21,79.86,2019-08-17,2019-08-27,2019-08-19,Shipped,,1936 Chrysler Airflow,Vintage Cars,1:24,Second Gear Diecast,4710,57.46,97.39,Amica Models & Co.,+39 011 498 8555,Torino,Italy,113000,pcastillo@classicmodelcars.com,Sales Rep,Paris,+33 1 47 23 44 04,France,EMEA,Pamela Castillo,Paolo  Accorti,43 Rue Jouffroy Dabbans  75017,Via Monte Bianco 34  10100
44,132.97,2019-08-19,2019-08-28,2019-08-23,Shipped,,1962 LanciaA Delta 16V,Classic Cars,1:10,Second Gear Diecast,6791,103.42,147.74,Diecast Classics Inc.,+1 215-555-1555,Allentown,USA,100600,spatterson@classicmodelcars.com,Sales Rep,Boston,+1 215-837-0825,USA,,Steve Patterson,Kelvin Leong,1550 Court Place Suite 102 02107,7586 Pompton St.  70267
25,127.1,2019-08-19,2019-08-28,2019-08-23,Shipped,,1958 Setra Bus,Trucks and Buses,1:12,Welly Diecast Productions,1579,77.9,136.67,Diecast Classics Inc.,+1 215-555-1555,Allentown,USA,100600,spatterson@classicmodelcars.com,Sales Rep,Boston,+1 215-837-0825,USA,,Steve Patterson,Kelvin Leong,1550 Court Place Suite 102 02107,7586 Pompton St.  70267
41,98.36,2019-08-19,2019-08-28,2019-08-23,Shipped,,1957 Chevy Pickup,Trucks and Buses,1:12,Exoto Designs,6125,55.7,118.5,Diecast Classics Inc.,+1 215-555-1555,Allentown,USA,100600,spatterson@classicmodelcars.com,Sales Rep,Boston,+1 215-837-0825,USA,,Steve Patterson,Kelvin Leong,1550 Court Place Suite 102 02107,7586 Pompton St.  70267
48,114.14,2019-08-19,2019-08-28,2019-08-23,Shipped,,1964 Mercedes Tour Bus,Trucks and Buses,1:18,Unimax Art Galleries,8258,74.86,122.73,Diecast Classics Inc.,+1 215-555-1555,Allentown,USA,100600,spatterson@classicmodelcars.com,Sales Rep,Boston,+1 215-837-0825,USA,,Steve Patterson,Kelvin Leong,1550 Court Place Suite 102 02107,7586 Pompton St.  70267
29,56.52,2019-08-19,2019-08-28,2019-08-23,Shipped,,1926 Ford Fire Engine,Trucks and Buses,1:18,Carousel DieCast Legends,2019,24.92,60.77,Diecast Classics Inc.,+1 215-555-1555,Allentown,USA,100600,spatterson@classicmodelcars.com,Sales Rep,Boston,+1 215-837-0825,USA,,Steve Patterson,Kelvin Leong,1550 Court Place Suite 102 02107,7586 Pompton St.  70267
25,135.47,2019-08-19,2019-08-28,2019-08-23,Shipped,,1992 Ferrari 360 Spider red,Classic Cars,1:18,Unimax Art Galleries,8347,77.9,169.34,Diecast Classics Inc.,+1 215-555-1555,Allentown,USA,100600,spatterson@classicmodelcars.com,Sales Rep,Boston,+1 215-837-0825,USA,,Steve Patterson,Kelvin Leong,1550 Court Place Suite 102 02107,7586 Pompton St.  70267
25,96.86,2019-08-19,2019-08-28,2019-08-23,Shipped,,1940s Ford truck,Trucks and Buses,1:18,Motor City Art Classics,3128,84.76,121.08,Diecast Classics Inc.,+1 215-555-1555,Allentown,USA,100600,spatterson@classicmodelcars.com,Sales Rep,Boston,+1 215-837-0825,USA,,Steve Patterson,Kelvin Leong,1550 Court Place Suite 102 02107,7586 Pompton St.  70267
44,42.76,2019-08-19,2019-08-28,2019-08-23,Shipped,,1939 Cadillac Limousine,Vintage Cars,1:18,Studio M Art Models,6645,23.14,50.31,Diecast Classics Inc.,+1 215-555-1555,Allentown,USA,100600,spatterson@classicmodelcars.com,Sales Rep,Boston,+1 215-837-0825,USA,,Steve Patterson,Kelvin Leong,1550 Court Place Suite 102 02107,7586 Pompton St.  70267
25,112.46,2019-08-19,2019-08-28,2019-08-23,Shipped,,1962 Volkswagen Microbus,Trucks and Buses,1:24,Autoart Studio Design,2327,61.34,127.79,Diecast Classics Inc.,+1 215-555-1555,Allentown,USA,100600,spatterson@classicmodelcars.com,Sales Rep,Boston,+1 215-837-0825,USA,,Steve Patterson,Kelvin Leong,1550 Court Place Suite 102 02107,7586 Pompton St.  70267
20,33.95,2019-08-19,2019-08-28,2019-08-23,Shipped,,1958 Chevy Corvette Limited Edition,Classic Cars,1:24,Carousel DieCast Legends,2542,15.91,35.36,Diecast Classics Inc.,+1 215-555-1555,Allentown,USA,100600,spatterson@classicmodelcars.com,Sales Rep,Boston,+1 215-837-0825,USA,,Steve Patterson,Kelvin Leong,1550 Court Place Suite 102 02107,7586 Pompton St.  70267
29,80.9,2019-08-19,2019-08-28,2019-08-23,Shipped,,1980’s GM Manhattan Express,Trucks and Buses,1:32,Motor City Art Classics,5099,53.93,96.31,Diecast Classics Inc.,+1 215-555-1555,Allentown,USA,100600,spatterson@classicmodelcars.com,Sales Rep,Boston,+1 215-837-0825,USA,,Steve Patterson,Kelvin Leong,1550 Court Place Suite 102 02107,7586 Pompton St.  70267
31,44.91,2019-08-19,2019-08-28,2019-08-23,Shipped,,1954 Greyhound Scenicruiser,Trucks and Buses,1:32,Classic Metal Creations,2874,25.98,54.11,Diecast Classics Inc.,+1 215-555-1555,Allentown,USA,100600,spatterson@classicmodelcars.com,Sales Rep,Boston,+1 215-837-0825,USA,,Steve Patterson,Kelvin Leong,1550 Court Place Suite 102 02107,7586 Pompton St.  70267
36,59.47,2019-08-19,2019-08-28,2019-08-23,Shipped,,1996 Peterbilt 379 Stake Bed with Outrigger,Trucks and Buses,1:32,Red Start Diecast,814,33.61,64.64,Diecast Classics Inc.,+1 215-555-1555,Allentown,USA,100600,spatterson@classicmodelcars.com,Sales Rep,Boston,+1 215-837-0825,USA,,Steve Patterson,Kelvin Leong,1550 Court Place Suite 102 02107,7586 Pompton St.  70267
27,89.01,2019-08-19,2019-08-28,2019-08-23,Shipped,,1982 Camaro Z28,Classic Cars,1:18,Carousel DieCast Legends,6934,46.53,101.15,Diecast Classics Inc.,+1 215-555-1555,Allentown,USA,100600,spatterson@classicmodelcars.com,Sales Rep,Boston,+1 215-837-0825,USA,,Steve Patterson,Kelvin Leong,1550 Court Place Suite 102 02107,7586 Pompton St.  70267
41,176.63,2019-08-20,2019-08-26,2019-08-22,Shipped,,2001 Ferrari Enzo,Classic Cars,1:12,Second Gear Diecast,3619,95.59,207.8,Mini Gifts Distributors Ltd.,+1 415-555-1450,San Rafael,USA,210500,ljennings@classicmodelcars.com,Sales Rep,San Francisco,+1 650-219-4782,USA,,Leslie Jennings,Susan Nelson,100 Market Street Suite 300 94080,5677 Strong St.  97562
27,142.02,2019-08-20,2019-08-26,2019-08-22,Shipped,,1969 Corvair Monza,Classic Cars,1:18,Welly Diecast Productions,6906,89.14,151.08,Mini Gifts Distributors Ltd.,+1 415-555-1450,San Rafael,USA,210500,ljennings@classicmodelcars.com,Sales Rep,San Francisco,+1 650-219-4782,USA,,Leslie Jennings,Susan Nelson,100 Market Street Suite 300 94080,5677 Strong St.  97562
24,169.56,2019-08-20,2019-08-26,2019-08-22,Shipped,,1969 Ford Falcon,Classic Cars,1:12,Second Gear Diecast,1049,83.05,173.02,Mini Gifts Distributors Ltd.,+1 415-555-1450,San Rafael,USA,210500,ljennings@classicmodelcars.com,Sales Rep,San Francisco,+1 650-219-4782,USA,,Leslie Jennings,Susan Nelson,100 Market Street Suite 300 94080,5677 Strong St.  97562
23,147.36,2019-08-20,2019-08-26,2019-08-22,Shipped,,1998 Chrysler Plymouth Prowler,Classic Cars,1:18,Gearbox Collectibles,4724,101.51,163.73,Mini Gifts Distributors Ltd.,+1 415-555-1450,San Rafael,USA,210500,ljennings@classicmodelcars.com,Sales Rep,San Francisco,+1 650-219-4782,USA,,Leslie Jennings,Susan Nelson,100 Market Street Suite 300 94080,5677 Strong St.  97562
43,122.93,2019-08-20,2019-08-26,2019-08-22,Shipped,,1903 Ford Model A,Vintage Cars,1:18,Unimax Art Galleries,3913,68.3,136.59,Mini Gifts Distributors Ltd.,+1 415-555-1450,San Rafael,USA,210500,ljennings@classicmodelcars.com,Sales Rep,San Francisco,+1 650-219-4782,USA,,Leslie Jennings,Susan Nelson,100 Market Street Suite 300 94080,5677 Strong St.  97562
36,88.74,2019-08-20,2019-08-26,2019-08-22,Shipped,,Collectable Wooden Train,Trains,1:18,Carousel DieCast Legends,6450,67.56,100.84,Mini Gifts Distributors Ltd.,+1 415-555-1450,San Rafael,USA,210500,ljennings@classicmodelcars.com,Sales Rep,San Francisco,+1 650-219-4782,USA,,Leslie Jennings,Susan Nelson,100 Market Street Suite 300 94080,5677 Strong St.  97562
31,132.13,2019-08-20,2019-08-26,2019-08-22,Shipped,,1970 Triumph Spitfire,Classic Cars,1:18,Min Lin Diecast,5545,91.92,143.62,Mini Gifts Distributors Ltd.,+1 415-555-1450,San Rafael,USA,210500,ljennings@classicmodelcars.com,Sales Rep,San Francisco,+1 650-219-4782,USA,,Leslie Jennings,Susan Nelson,100 Market Street Suite 300 94080,5677 Strong St.  97562
29,49.71,2019-08-20,2019-08-26,2019-08-22,Shipped,,1970 Dodge Coronet,Classic Cars,1:24,Highway 66 Mini Classics,4074,32.37,57.8,Mini Gifts Distributors Ltd.,+1 415-555-1450,San Rafael,USA,210500,ljennings@classicmodelcars.com,Sales Rep,San Francisco,+1 650-219-4782,USA,,Leslie Jennings,Susan Nelson,100 Market Street Suite 300 94080,5677 Strong St.  97562
39,96.99,2019-08-20,2019-08-26,2019-08-22,Shipped,,1992 Porsche Cayenne Turbo Silver,Classic Cars,1:24,Exoto Designs,6582,69.78,118.28,Mini Gifts Distributors Ltd.,+1 415-555-1450,San Rafael,USA,210500,ljennings@classicmodelcars.com,Sales Rep,San Francisco,+1 650-219-4782,USA,,Leslie Jennings,Susan Nelson,100 Market Street Suite 300 94080,5677 Strong St.  97562
36,51.58,2019-08-20,2019-08-26,2019-08-22,Shipped,,1950s Chicago Surface Lines Streetcar,Trains,1:32,Gearbox Collectibles,8601,26.72,62.14,Mini Gifts Distributors Ltd.,+1 415-555-1450,San Rafael,USA,210500,ljennings@classicmodelcars.com,Sales Rep,San Francisco,+1 650-219-4782,USA,,Leslie Jennings,Susan Nelson,100 Market Street Suite 300 94080,5677 Strong St.  97562
38,114.59,2019-08-20,2019-08-26,2019-08-22,Shipped,,Diamond T620 Semi-Skirted Tanker,Trucks and Buses,1:50,Highway 66 Mini Classics,1016,68.29,115.75,Mini Gifts Distributors Ltd.,+1 415-555-1450,San Rafael,USA,210500,ljennings@classicmodelcars.com,Sales Rep,San Francisco,+1 650-219-4782,USA,,Leslie Jennings,Susan Nelson,100 Market Street Suite 300 94080,5677 Strong St.  97562
37,56.24,2019-08-20,2019-08-26,2019-08-22,Shipped,,1962 City of Detroit Streetcar,Trains,1:50,Classic Metal Creations,1645,37.49,58.58,Mini Gifts Distributors Ltd.,+1 415-555-1450,San Rafael,USA,210500,ljennings@classicmodelcars.com,Sales Rep,San Francisco,+1 650-219-4782,USA,,Leslie Jennings,Susan Nelson,100 Market Street Suite 300 94080,5677 Strong St.  97562
43,77.95,2019-08-20,2019-08-26,2019-08-22,Shipped,,The Mayflower,Ships,1:700,Studio M Art Models,737,43.3,86.61,Mini Gifts Distributors Ltd.,+1 415-555-1450,San Rafael,USA,210500,ljennings@classicmodelcars.com,Sales Rep,San Francisco,+1 650-219-4782,USA,,Leslie Jennings,Susan Nelson,100 Market Street Suite 300 94080,5677 Strong St.  97562
25,130.56,2019-08-20,2019-08-30,2019-08-23,Shipped,,1972 Alfa Romeo GTA,Classic Cars,1:10,Motor City Art Classics,3252,85.68,136.0,"Royal Canadian Collectables, Ltd.",+1 604-555-4555,Tsawassen,Canada,89600,gvanauf@classicmodelcars.com,Sales Rep,NYC,+1 212-555-3000,USA,,George Vanauf,Elizabeth  Lincoln,523 East 53rd Street apt. 5A 10022,23 Tsawassen Blvd.  T2F 8M4
21,78.28,2019-08-20,2019-08-30,2019-08-23,Shipped,,1999 Yamaha Speed Boat,Ships,1:18,Min Lin Diecast,4259,51.61,86.02,"Royal Canadian Collectables, Ltd.",+1 604-555-4555,Tsawassen,Canada,89600,gvanauf@classicmodelcars.com,Sales Rep,NYC,+1 212-555-3000,USA,,George Vanauf,Elizabeth  Lincoln,523 East 53rd Street apt. 5A 10022,23 Tsawassen Blvd.  T2F 8M4
46,100.58,2019-08-20,2019-08-30,2019-08-23,Shipped,,1941 Chevrolet Special Deluxe Cabriolet,Vintage Cars,1:18,Exoto Designs,2378,64.58,105.87,"Royal Canadian Collectables, Ltd.",+1 604-555-4555,Tsawassen,Canada,89600,gvanauf@classicmodelcars.com,Sales Rep,NYC,+1 212-555-3000,USA,,George Vanauf,Elizabeth  Lincoln,523 East 53rd Street apt. 5A 10022,23 Tsawassen Blvd.  T2F 8M4
34,71.97,2019-08-20,2019-08-30,2019-08-23,Shipped,,1904 Buick Runabout,Vintage Cars,1:18,Exoto Designs,8290,52.66,87.77,"Royal Canadian Collectables, Ltd.",+1 604-555-4555,Tsawassen,Canada,89600,gvanauf@classicmodelcars.com,Sales Rep,NYC,+1 212-555-3000,USA,,George Vanauf,Elizabeth  Lincoln,523 East 53rd Street apt. 5A 10022,23 Tsawassen Blvd.  T2F 8M4
42,99.54,2019-08-20,2019-08-30,2019-08-23,Shipped,,18th century schooner,Ships,1:24,Carousel DieCast Legends,1898,82.34,122.89,"Royal Canadian Collectables, Ltd.",+1 604-555-4555,Tsawassen,Canada,89600,gvanauf@classicmodelcars.com,Sales Rep,NYC,+1 212-555-3000,USA,,George Vanauf,Elizabeth  Lincoln,523 East 53rd Street apt. 5A 10022,23 Tsawassen Blvd.  T2F 8M4
34,80.54,2019-08-20,2019-08-30,2019-08-23,Shipped,,1912 Ford Model T Delivery Wagon,Vintage Cars,1:24,Min Lin Diecast,9173,46.91,88.51,"Royal Canadian Collectables, Ltd.",+1 604-555-4555,Tsawassen,Canada,89600,gvanauf@classicmodelcars.com,Sales Rep,NYC,+1 212-555-3000,USA,,George Vanauf,Elizabeth  Lincoln,523 East 53rd Street apt. 5A 10022,23 Tsawassen Blvd.  T2F 8M4
33,77.15,2019-08-20,2019-08-30,2019-08-23,Shipped,,1940 Ford Delivery Sedan,Vintage Cars,1:24,Carousel DieCast Legends,6621,48.64,83.86,"Royal Canadian Collectables, Ltd.",+1 604-555-4555,Tsawassen,Canada,89600,gvanauf@classicmodelcars.com,Sales Rep,NYC,+1 212-555-3000,USA,,George Vanauf,Elizabeth  Lincoln,523 East 53rd Street apt. 5A 10022,23 Tsawassen Blvd.  T2F 8M4
45,62.0,2019-08-20,2019-08-30,2019-08-23,Shipped,,The Schooner Bluenose,Ships,1:700,Autoart Studio Design,1897,34.0,66.67,"Royal Canadian Collectables, Ltd.",+1 604-555-4555,Tsawassen,Canada,89600,gvanauf@classicmodelcars.com,Sales Rep,NYC,+1 212-555-3000,USA,,George Vanauf,Elizabeth  Lincoln,523 East 53rd Street apt. 5A 10022,23 Tsawassen Blvd.  T2F 8M4
20,74.23,2019-08-20,2019-08-30,2019-08-23,Shipped,,HMS Bounty,Ships,1:700,Unimax Art Galleries,3501,39.83,90.52,"Royal Canadian Collectables, Ltd.",+1 604-555-4555,Tsawassen,Canada,89600,gvanauf@classicmodelcars.com,Sales Rep,NYC,+1 212-555-3000,USA,,George Vanauf,Elizabeth  Lincoln,523 East 53rd Street apt. 5A 10022,23 Tsawassen Blvd.  T2F 8M4
47,68.67,2019-08-20,2019-08-30,2019-08-23,Shipped,,The USS Constitution Ship,Ships,1:700,Red Start Diecast,7083,33.97,72.28,"Royal Canadian Collectables, Ltd.",+1 604-555-4555,Tsawassen,Canada,89600,gvanauf@classicmodelcars.com,Sales Rep,NYC,+1 212-555-3000,USA,,George Vanauf,Elizabeth  Lincoln,523 East 53rd Street apt. 5A 10022,23 Tsawassen Blvd.  T2F 8M4
22,88.15,2019-08-20,2019-08-30,2019-08-23,Shipped,,The Titanic,Ships,1:700,Carousel DieCast Legends,1956,51.09,100.17,"Royal Canadian Collectables, Ltd.",+1 604-555-4555,Tsawassen,Canada,89600,gvanauf@classicmodelcars.com,Sales Rep,NYC,+1 212-555-3000,USA,,George Vanauf,Elizabeth  Lincoln,523 East 53rd Street apt. 5A 10022,23 Tsawassen Blvd.  T2F 8M4
38,85.41,2019-08-20,2019-08-30,2019-08-23,Shipped,,The Queen Mary,Ships,1:700,Welly Diecast Productions,5088,53.63,99.31,"Royal Canadian Collectables, Ltd.",+1 604-555-4555,Tsawassen,Canada,89600,gvanauf@classicmodelcars.com,Sales Rep,NYC,+1 212-555-3000,USA,,George Vanauf,Elizabeth  Lincoln,523 East 53rd Street apt. 5A 10022,23 Tsawassen Blvd.  T2F 8M4
43,41.22,2019-08-20,2019-08-30,2019-08-23,Shipped,,Boeing X-32A JSF,Planes,1:72,Motor City Art Classics,4857,32.77,49.66,"Royal Canadian Collectables, Ltd.",+1 604-555-4555,Tsawassen,Canada,89600,gvanauf@classicmodelcars.com,Sales Rep,NYC,+1 212-555-3000,USA,,George Vanauf,Elizabeth  Lincoln,523 East 53rd Street apt. 5A 10022,23 Tsawassen Blvd.  T2F 8M4
33,49.14,2019-08-20,2019-08-30,2019-08-23,Shipped,,Pont Yacht,Ships,1:72,Unimax Art Galleries,414,33.3,54.6,"Royal Canadian Collectables, Ltd.",+1 604-555-4555,Tsawassen,Canada,89600,gvanauf@classicmodelcars.com,Sales Rep,NYC,+1 212-555-3000,USA,,George Vanauf,Elizabeth  Lincoln,523 East 53rd Street apt. 5A 10022,23 Tsawassen Blvd.  T2F 8M4
45,137.19,2019-08-21,2019-08-29,2019-08-26,Shipped,Custom shipping instructions sent to warehouse,1980s Black Hawk Helicopter,Planes,1:18,Red Start Diecast,5330,77.27,157.69,"Norway Gifts By Mail, Co.",+47 22 12 15 55,Oslo,Norway,95100,bjones@classicmodelcars.com,Sales Rep,London,+44 20 7877 2041,UK,EMEA,Barry Jones,Jan Klaeboe,25 Old Broad Street Level 7 EC2N 1HN,Drammensveien 126A PB 211 Sentrum N 0106
31,68.43,2019-08-21,2019-08-29,2019-08-26,Shipped,Custom shipping instructions sent to warehouse,P-51-D Mustang,Planes,1:72,Gearbox Collectibles,992,49.0,84.48,"Norway Gifts By Mail, Co.",+47 22 12 15 55,Oslo,Norway,95100,bjones@classicmodelcars.com,Sales Rep,London,+44 20 7877 2041,UK,EMEA,Barry Jones,Jan Klaeboe,25 Old Broad Street Level 7 EC2N 1HN,Drammensveien 126A PB 211 Sentrum N 0106
22,101.76,2019-08-21,2019-08-29,2019-08-26,Shipped,Custom shipping instructions sent to warehouse,1928 British Royal Navy Airplane,Planes,1:24,Classic Metal Creations,3627,66.74,109.42,"Norway Gifts By Mail, Co.",+47 22 12 15 55,Oslo,Norway,95100,bjones@classicmodelcars.com,Sales Rep,London,+44 20 7877 2041,UK,EMEA,Barry Jones,Jan Klaeboe,25 Old Broad Street Level 7 EC2N 1HN,Drammensveien 126A PB 211 Sentrum N 0106
30,65.08,2019-08-21,2019-08-29,2019-08-26,Shipped,Custom shipping instructions sent to warehouse,1900s Vintage Bi-Plane,Planes,1:24,Autoart Studio Design,5942,34.25,68.51,"Norway Gifts By Mail, Co.",+47 22 12 15 55,Oslo,Norway,95100,bjones@classicmodelcars.com,Sales Rep,London,+44 20 7877 2041,UK,EMEA,Barry Jones,Jan Klaeboe,25 Old Broad Street Level 7 EC2N 1HN,Drammensveien 126A PB 211 Sentrum N 0106
39,59.83,2019-08-21,2019-08-29,2019-08-26,Shipped,Custom shipping instructions sent to warehouse,1937 Horch 930V Limousine,Vintage Cars,1:24,Autoart Studio Design,2902,26.3,65.75,"Norway Gifts By Mail, Co.",+47 22 12 15 55,Oslo,Norway,95100,bjones@classicmodelcars.com,Sales Rep,London,+44 20 7877 2041,UK,EMEA,Barry Jones,Jan Klaeboe,25 Old Broad Street Level 7 EC2N 1HN,Drammensveien 126A PB 211 Sentrum N 0106
21,65.51,2019-08-21,2019-08-29,2019-08-26,Shipped,Custom shipping instructions sent to warehouse,Corsair F4U ( Bird Cage),Planes,1:24,Second Gear Diecast,6812,29.34,68.24,"Norway Gifts By Mail, Co.",+47 22 12 15 55,Oslo,Norway,95100,bjones@classicmodelcars.com,Sales Rep,London,+44 20 7877 2041,UK,EMEA,Barry Jones,Jan Klaeboe,25 Old Broad Street Level 7 EC2N 1HN,Drammensveien 126A PB 211 Sentrum N 0106
21,66.65,2019-08-21,2019-08-29,2019-08-26,Shipped,Custom shipping instructions sent to warehouse,1900s Vintage Tri-Plane,Planes,1:24,Unimax Art Galleries,2756,36.23,72.45,"Norway Gifts By Mail, Co.",+47 22 12 15 55,Oslo,Norway,95100,bjones@classicmodelcars.com,Sales Rep,London,+44 20 7877 2041,UK,EMEA,Barry Jones,Jan Klaeboe,25 Old Broad Street Level 7 EC2N 1HN,Drammensveien 126A PB 211 Sentrum N 0106
50,60.54,2019-08-21,2019-08-29,2019-08-26,Shipped,Custom shipping instructions sent to warehouse,1928 Ford Phaeton Deluxe,Vintage Cars,1:32,Highway 66 Mini Classics,136,33.02,68.79,"Norway Gifts By Mail, Co.",+47 22 12 15 55,Oslo,Norway,95100,bjones@classicmodelcars.com,Sales Rep,London,+44 20 7877 2041,UK,EMEA,Barry Jones,Jan Klaeboe,25 Old Broad Street Level 7 EC2N 1HN,Drammensveien 126A PB 211 Sentrum N 0106
33,35.78,2019-08-21,2019-08-29,2019-08-26,Shipped,Custom shipping instructions sent to warehouse,1930 Buick Marquette Phaeton,Vintage Cars,1:50,Studio M Art Models,7062,27.06,43.64,"Norway Gifts By Mail, Co.",+47 22 12 15 55,Oslo,Norway,95100,bjones@classicmodelcars.com,Sales Rep,London,+44 20 7877 2041,UK,EMEA,Barry Jones,Jan Klaeboe,25 Old Broad Street Level 7 EC2N 1HN,Drammensveien 126A PB 211 Sentrum N 0106
24,87.69,2019-08-21,2019-08-29,2019-08-26,Shipped,Custom shipping instructions sent to warehouse,American Airlines: B767-300,Planes,1:700,Min Lin Diecast,5841,51.15,91.34,"Norway Gifts By Mail, Co.",+47 22 12 15 55,Oslo,Norway,95100,bjones@classicmodelcars.com,Sales Rep,London,+44 20 7877 2041,UK,EMEA,Barry Jones,Jan Klaeboe,25 Old Broad Street Level 7 EC2N 1HN,Drammensveien 126A PB 211 Sentrum N 0106
45,95.73,2019-08-21,2019-08-29,2019-08-26,Shipped,Custom shipping instructions sent to warehouse,America West Airlines B757-200,Planes,1:700,Motor City Art Classics,9653,68.8,99.72,"Norway Gifts By Mail, Co.",+47 22 12 15 55,Oslo,Norway,95100,bjones@classicmodelcars.com,Sales Rep,London,+44 20 7877 2041,UK,EMEA,Barry Jones,Jan Klaeboe,25 Old Broad Street Level 7 EC2N 1HN,Drammensveien 126A PB 211 Sentrum N 0106
25,68.0,2019-08-21,2019-08-29,2019-08-26,Shipped,Custom shipping instructions sent to warehouse,F/A 18 Hornet 1/72,Planes,1:72,Motor City Art Classics,551,54.4,80.0,"Norway Gifts By Mail, Co.",+47 22 12 15 55,Oslo,Norway,95100,bjones@classicmodelcars.com,Sales Rep,London,+44 20 7877 2041,UK,EMEA,Barry Jones,Jan Klaeboe,25 Old Broad Street Level 7 EC2N 1HN,Drammensveien 126A PB 211 Sentrum N 0106
32,73.29,2019-08-21,2019-08-29,2019-08-26,Shipped,Custom shipping instructions sent to warehouse,American Airlines: MD-11S,Planes,1:700,Second Gear Diecast,8820,36.27,74.03,"Norway Gifts By Mail, Co.",+47 22 12 15 55,Oslo,Norway,95100,bjones@classicmodelcars.com,Sales Rep,London,+44 20 7877 2041,UK,EMEA,Barry Jones,Jan Klaeboe,25 Old Broad Street Level 7 EC2N 1HN,Drammensveien 126A PB 211 Sentrum N 0106
36,95.7,2019-08-27,2019-09-04,2019-08-31,Shipped,,1969 Harley Davidson Ultimate Chopper,Motorcycles,1:10,Min Lin Diecast,7933,48.81,95.7,Martas Replicas Co.,+1 617-555-8555,Cambridge,USA,123700,spatterson@classicmodelcars.com,Sales Rep,Boston,+1 215-837-0825,USA,,Steve Patterson,Marta Hernandez,1550 Court Place Suite 102 02107,39323 Spinnaker Dr.  51247
47,110.61,2019-08-27,2019-09-04,2019-08-31,Shipped,,1996 Moto Guzzi 1100i,Motorcycles,1:10,Highway 66 Mini Classics,6625,68.99,118.94,Martas Replicas Co.,+1 617-555-8555,Cambridge,USA,123700,spatterson@classicmodelcars.com,Sales Rep,Boston,+1 215-837-0825,USA,,Steve Patterson,Marta Hernandez,1550 Court Place Suite 102 02107,39323 Spinnaker Dr.  51247
27,166.55,2019-08-27,2019-09-04,2019-08-31,Shipped,,2003 Harley-Davidson Eagle Drag Bike,Motorcycles,1:10,Red Start Diecast,5582,91.02,193.66,Martas Replicas Co.,+1 617-555-8555,Cambridge,USA,123700,spatterson@classicmodelcars.com,Sales Rep,Boston,+1 215-837-0825,USA,,Steve Patterson,Marta Hernandez,1550 Court Place Suite 102 02107,39323 Spinnaker Dr.  51247
49,131.04,2019-08-27,2019-09-04,2019-08-31,Shipped,,2002 Suzuki XREO,Motorcycles,1:12,Unimax Art Galleries,9997,66.27,150.62,Martas Replicas Co.,+1 617-555-8555,Cambridge,USA,123700,spatterson@classicmodelcars.com,Sales Rep,Boston,+1 215-837-0825,USA,,Steve Patterson,Marta Hernandez,1550 Court Place Suite 102 02107,39323 Spinnaker Dr.  51247
20,50.88,2019-08-27,2019-09-04,2019-08-31,Shipped,,1936 Harley Davidson El Knucklehead,Motorcycles,1:18,Welly Diecast Productions,4357,24.23,60.57,Martas Replicas Co.,+1 617-555-8555,Cambridge,USA,123700,spatterson@classicmodelcars.com,Sales Rep,Boston,+1 215-837-0825,USA,,Steve Patterson,Marta Hernandez,1550 Court Place Suite 102 02107,39323 Spinnaker Dr.  51247
34,91.29,2019-08-27,2019-09-04,2019-08-31,Shipped,,1997 BMW R 1100 S,Motorcycles,1:24,Autoart Studio Design,7003,60.86,112.7,Martas Replicas Co.,+1 617-555-8555,Cambridge,USA,123700,spatterson@classicmodelcars.com,Sales Rep,Boston,+1 215-837-0825,USA,,Steve Patterson,Marta Hernandez,1550 Court Place Suite 102 02107,39323 Spinnaker Dr.  51247
39,61.7,2019-08-27,2019-09-04,2019-08-31,Shipped,,1960 BSA Gold Star DBD34,Motorcycles,1:24,Highway 66 Mini Classics,15,37.32,76.17,Martas Replicas Co.,+1 617-555-8555,Cambridge,USA,123700,spatterson@classicmodelcars.com,Sales Rep,Boston,+1 215-837-0825,USA,,Steve Patterson,Marta Hernandez,1550 Court Place Suite 102 02107,39323 Spinnaker Dr.  51247
38,64.41,2019-08-27,2019-09-04,2019-08-31,Shipped,,1982 Ducati 900 Monster,Motorcycles,1:24,Highway 66 Mini Classics,6840,47.1,69.26,Martas Replicas Co.,+1 617-555-8555,Cambridge,USA,123700,spatterson@classicmodelcars.com,Sales Rep,Boston,+1 215-837-0825,USA,,Steve Patterson,Marta Hernandez,1550 Court Place Suite 102 02107,39323 Spinnaker Dr.  51247
37,82.91,2019-08-27,2019-09-04,2019-08-31,Shipped,,1997 BMW F650 ST,Motorcycles,1:32,Exoto Designs,178,66.92,99.89,Martas Replicas Co.,+1 617-555-8555,Cambridge,USA,123700,spatterson@classicmodelcars.com,Sales Rep,Boston,+1 215-837-0825,USA,,Steve Patterson,Marta Hernandez,1550 Court Place Suite 102 02107,39323 Spinnaker Dr.  51247
37,36.61,2019-08-27,2019-09-04,2019-08-31,Shipped,,1982 Ducati 996 R,Motorcycles,1:32,Gearbox Collectibles,9241,24.14,40.23,Martas Replicas Co.,+1 617-555-8555,Cambridge,USA,123700,spatterson@classicmodelcars.com,Sales Rep,Boston,+1 215-837-0825,USA,,Steve Patterson,Marta Hernandez,1550 Court Place Suite 102 02107,39323 Spinnaker Dr.  51247
26,100.01,2019-08-27,2019-09-04,2019-08-31,Shipped,,1974 Ducati 350 Mk3 Desmo,Motorcycles,1:32,Second Gear Diecast,3341,56.13,102.05,Martas Replicas Co.,+1 617-555-8555,Cambridge,USA,123700,spatterson@classicmodelcars.com,Sales Rep,Boston,+1 215-837-0825,USA,,Steve Patterson,Marta Hernandez,1550 Court Place Suite 102 02107,39323 Spinnaker Dr.  51247
39,76.48,2019-08-27,2019-09-04,2019-08-31,Shipped,,2002 Yamaha YZR M1,Motorcycles,1:50,Autoart Studio Design,600,34.17,81.36,Martas Replicas Co.,+1 617-555-8555,Cambridge,USA,123700,spatterson@classicmodelcars.com,Sales Rep,Boston,+1 215-837-0825,USA,,Steve Patterson,Marta Hernandez,1550 Court Place Suite 102 02107,39323 Spinnaker Dr.  51247
45,102.04,2019-08-27,2019-09-04,2019-08-31,Shipped,,ATA: B757-300,Planes,1:700,Highway 66 Mini Classics,7106,59.33,118.65,Martas Replicas Co.,+1 617-555-8555,Cambridge,USA,123700,spatterson@classicmodelcars.com,Sales Rep,Boston,+1 215-837-0825,USA,,Steve Patterson,Marta Hernandez,1550 Court Place Suite 102 02107,39323 Spinnaker Dr.  51247
38,51.6,2019-08-28,2019-09-06,2019-09-01,Shipped,,1957 Vespa GS150,Motorcycles,1:18,Studio M Art Models,7689,32.95,62.17,"La Corne Dabondance, Co.",+33 1 42 34 25 55,Paris,France,84300,lbondur@classicmodelcars.com,Sales Rep,Paris,+33 1 47 23 44 04,France,EMEA,Loui Bondur,Marie Bertrand,43 Rue Jouffroy Dabbans  75017,"265, boulevard Charonne  75012"
21,190.68,2019-08-30,2019-09-06,2019-09-01,Shipped,,1968 Ford Mustang,Classic Cars,1:12,Autoart Studio Design,68,95.34,194.57,"Vida Sport, Ltd",,Genève,Switzerland,141300,mgerard@classicmodelcars.com,Sales Rep,Paris,+33 1 47 23 44 04,France,EMEA,Martin Gerard,Mihael Holz,43 Rue Jouffroy Dabbans  75017,Grenzacherweg 237  1203
45,117.44,2019-08-30,2019-09-06,2019-09-01,Shipped,,1968 Dodge Charger,Classic Cars,1:12,Welly Diecast Productions,9123,75.16,117.44,"Vida Sport, Ltd",,Genève,Switzerland,141300,mgerard@classicmodelcars.com,Sales Rep,Paris,+33 1 47 23 44 04,France,EMEA,Martin Gerard,Mihael Holz,43 Rue Jouffroy Dabbans  75017,Grenzacherweg 237  1203
41,74.21,2019-08-30,2019-09-06,2019-09-01,Shipped,,1970 Plymouth Hemi Cuda,Classic Cars,1:12,Studio M Art Models,5663,31.92,79.8,"Vida Sport, Ltd",,Genève,Switzerland,141300,mgerard@classicmodelcars.com,Sales Rep,Paris,+33 1 47 23 44 04,France,EMEA,Martin Gerard,Mihael Holz,43 Rue Jouffroy Dabbans  75017,Grenzacherweg 237  1203
23,107.1,2019-08-30,2019-09-06,2019-09-01,Shipped,,1969 Dodge Charger,Classic Cars,1:12,Welly Diecast Productions,7323,58.73,115.16,"Vida Sport, Ltd",,Genève,Switzerland,141300,mgerard@classicmodelcars.com,Sales Rep,Paris,+33 1 47 23 44 04,France,EMEA,Martin Gerard,Mihael Holz,43 Rue Jouffroy Dabbans  75017,Grenzacherweg 237  1203
41,113.23,2019-08-30,2019-09-06,2019-09-01,Shipped,,1993 Mazda RX-7,Classic Cars,1:18,Highway 66 Mini Classics,3975,83.51,141.54,"Vida Sport, Ltd",,Genève,Switzerland,141300,mgerard@classicmodelcars.com,Sales Rep,Paris,+33 1 47 23 44 04,France,EMEA,Martin Gerard,Mihael Holz,43 Rue Jouffroy Dabbans  75017,Grenzacherweg 237  1203
44,61.6,2019-08-30,2019-09-06,2019-09-01,Shipped,,1948 Porsche 356-A Roadster,Classic Cars,1:18,Gearbox Collectibles,8826,53.9,77.0,"Vida Sport, Ltd",,Genève,Switzerland,141300,mgerard@classicmodelcars.com,Sales Rep,Paris,+33 1 47 23 44 04,France,EMEA,Martin Gerard,Mihael Holz,43 Rue Jouffroy Dabbans  75017,Grenzacherweg 237  1203
24,123.76,2019-08-30,2019-09-06,2019-09-01,Shipped,,1995 Honda Civic,Classic Cars,1:18,Min Lin Diecast,9772,93.89,142.25,"Vida Sport, Ltd",,Genève,Switzerland,141300,mgerard@classicmodelcars.com,Sales Rep,Paris,+33 1 47 23 44 04,France,EMEA,Martin Gerard,Mihael Holz,43 Rue Jouffroy Dabbans  75017,Grenzacherweg 237  1203
44,114.84,2019-08-30,2019-09-06,2019-09-01,Shipped,,1999 Indy 500 Monte Carlo SS,Classic Cars,1:18,Red Start Diecast,8164,56.76,132.0,"Vida Sport, Ltd",,Genève,Switzerland,141300,mgerard@classicmodelcars.com,Sales Rep,Paris,+33 1 47 23 44 04,France,EMEA,Martin Gerard,Mihael Holz,43 Rue Jouffroy Dabbans  75017,Grenzacherweg 237  1203
36,137.17,2019-08-30,2019-09-06,2019-09-01,Shipped,,1992 Ferrari 360 Spider red,Classic Cars,1:18,Unimax Art Galleries,8347,77.9,169.34,"Vida Sport, Ltd",,Genève,Switzerland,141300,mgerard@classicmodelcars.com,Sales Rep,Paris,+33 1 47 23 44 04,France,EMEA,Martin Gerard,Mihael Holz,43 Rue Jouffroy Dabbans  75017,Grenzacherweg 237  1203
43,68.35,2019-08-30,2019-09-06,2019-09-01,Shipped,,1969 Dodge Super Bee,Classic Cars,1:18,Min Lin Diecast,1917,49.05,80.41,"Vida Sport, Ltd",,Genève,Switzerland,141300,mgerard@classicmodelcars.com,Sales Rep,Paris,+33 1 47 23 44 04,France,EMEA,Martin Gerard,Mihael Holz,43 Rue Jouffroy Dabbans  75017,Grenzacherweg 237  1203
40,127.88,2019-08-30,2019-09-06,2019-09-01,Shipped,,1976 Ford Gran Torino,Classic Cars,1:18,Gearbox Collectibles,9127,73.49,146.99,"Vida Sport, Ltd",,Genève,Switzerland,141300,mgerard@classicmodelcars.com,Sales Rep,Paris,+33 1 47 23 44 04,France,EMEA,Martin Gerard,Mihael Holz,43 Rue Jouffroy Dabbans  75017,Grenzacherweg 237  1203
27,139.87,2019-08-30,2019-09-06,2019-09-01,Shipped,,1948 Porsche Type 356 Roadster,Classic Cars,1:18,Gearbox Collectibles,8990,62.16,141.28,"Vida Sport, Ltd",,Genève,Switzerland,141300,mgerard@classicmodelcars.com,Sales Rep,Paris,+33 1 47 23 44 04,France,EMEA,Martin Gerard,Mihael Holz,43 Rue Jouffroy Dabbans  75017,Grenzacherweg 237  1203
34,119.04,2019-08-30,2019-09-06,2019-09-01,Shipped,,1957 Corvette Convertible,Classic Cars,1:18,Classic Metal Creations,1249,69.93,148.8,"Vida Sport, Ltd",,Genève,Switzerland,141300,mgerard@classicmodelcars.com,Sales Rep,Paris,+33 1 47 23 44 04,France,EMEA,Martin Gerard,Mihael Holz,43 Rue Jouffroy Dabbans  75017,Grenzacherweg 237  1203
36,31.34,2019-08-30,2019-09-06,2019-09-01,Shipped,,1982 Lamborghini Diablo,Classic Cars,1:24,Second Gear Diecast,7723,16.24,37.76,"Vida Sport, Ltd",,Genève,Switzerland,141300,mgerard@classicmodelcars.com,Sales Rep,Paris,+33 1 47 23 44 04,France,EMEA,Martin Gerard,Mihael Holz,43 Rue Jouffroy Dabbans  75017,Grenzacherweg 237  1203
20,58.17,2019-08-30,2019-09-06,2019-09-01,Shipped,,1971 Alpine Renault 1600s,Classic Cars,1:24,Welly Diecast Productions,7995,38.58,61.23,"Vida Sport, Ltd",,Genève,Switzerland,141300,mgerard@classicmodelcars.com,Sales Rep,Paris,+33 1 47 23 44 04,France,EMEA,Martin Gerard,Mihael Holz,43 Rue Jouffroy Dabbans  75017,Grenzacherweg 237  1203
36,137.62,2019-08-30,2019-09-06,2019-09-01,Shipped,,1956 Porsche 356A Coupe,Classic Cars,1:18,Classic Metal Creations,6600,98.3,140.43,"Vida Sport, Ltd",,Genève,Switzerland,141300,mgerard@classicmodelcars.com,Sales Rep,Paris,+33 1 47 23 44 04,France,EMEA,Martin Gerard,Mihael Holz,43 Rue Jouffroy Dabbans  75017,Grenzacherweg 237  1203
40,79.22,2019-08-30,2019-09-06,2019-09-01,Shipped,,1961 Chevrolet Impala,Classic Cars,1:18,Classic Metal Creations,7869,32.33,80.84,"Vida Sport, Ltd",,Genève,Switzerland,141300,mgerard@classicmodelcars.com,Sales Rep,Paris,+33 1 47 23 44 04,France,EMEA,Martin Gerard,Mihael Holz,43 Rue Jouffroy Dabbans  75017,Grenzacherweg 237  1203
20,120.71,2019-09-01,2019-09-11,2019-09-05,Shipped,,1965 Aston Martin DB5,Classic Cars,1:18,Classic Metal Creations,9042,65.96,124.44,Handji Gifts& Co,,Singapore,Singapore,97900,pmarsh@classicmodelcars.com,Sales Rep,Sydney,+61 2 9264 2451,Australia,APAC,Peter Marsh,Wendy Victorino,5-11 Wentworth Avenue Floor #2 NSW 2010,106 Linden Road Sandown 2nd Floor 69045
32,168.3,2019-09-01,2019-09-11,2019-09-05,Shipped,,1917 Grand Touring Sedan,Vintage Cars,1:18,Welly Diecast Productions,2724,86.7,170.0,Handji Gifts& Co,,Singapore,Singapore,97900,pmarsh@classicmodelcars.com,Sales Rep,Sydney,+61 2 9264 2451,Australia,APAC,Peter Marsh,Wendy Victorino,5-11 Wentworth Avenue Floor #2 NSW 2010,106 Linden Road Sandown 2nd Floor 69045
28,50.25,2019-09-01,2019-09-11,2019-09-05,Shipped,,1911 Ford Town Car,Vintage Cars,1:18,Motor City Art Classics,540,33.3,60.54,Handji Gifts& Co,,Singapore,Singapore,97900,pmarsh@classicmodelcars.com,Sales Rep,Sydney,+61 2 9264 2451,Australia,APAC,Peter Marsh,Wendy Victorino,5-11 Wentworth Avenue Floor #2 NSW 2010,106 Linden Road Sandown 2nd Floor 69045
31,102.98,2019-09-01,2019-09-11,2019-09-05,Shipped,,1932 Model A Ford J-Coupe,Vintage Cars,1:18,Autoart Studio Design,9354,58.48,127.13,Handji Gifts& Co,,Singapore,Singapore,97900,pmarsh@classicmodelcars.com,Sales Rep,Sydney,+61 2 9264 2451,Australia,APAC,Peter Marsh,Wendy Victorino,5-11 Wentworth Avenue Floor #2 NSW 2010,106 Linden Road Sandown 2nd Floor 69045
35,90.19,2019-09-01,2019-09-11,2019-09-05,Shipped,,1932 Alfa Romeo 8C2300 Spider Sport,Vintage Cars,1:18,Exoto Designs,6553,43.26,92.03,Handji Gifts& Co,,Singapore,Singapore,97900,pmarsh@classicmodelcars.com,Sales Rep,Sydney,+61 2 9264 2451,Australia,APAC,Peter Marsh,Wendy Victorino,5-11 Wentworth Avenue Floor #2 NSW 2010,106 Linden Road Sandown 2nd Floor 69045
23,57.02,2019-09-01,2019-09-11,2019-09-05,Shipped,,1957 Ford Thunderbird,Classic Cars,1:18,Studio M Art Models,3209,34.21,71.27,Handji Gifts& Co,,Singapore,Singapore,97900,pmarsh@classicmodelcars.com,Sales Rep,Sydney,+61 2 9264 2451,Australia,APAC,Peter Marsh,Wendy Victorino,5-11 Wentworth Avenue Floor #2 NSW 2010,106 Linden Road Sandown 2nd Floor 69045
36,66.88,2019-09-01,2019-09-11,2019-09-05,Shipped,,1970 Chevy Chevelle SS 454,Classic Cars,1:24,Unimax Art Galleries,1005,49.24,73.49,Handji Gifts& Co,,Singapore,Singapore,97900,pmarsh@classicmodelcars.com,Sales Rep,Sydney,+61 2 9264 2451,Australia,APAC,Peter Marsh,Wendy Victorino,5-11 Wentworth Avenue Floor #2 NSW 2010,106 Linden Road Sandown 2nd Floor 69045
50,49.3,2019-09-01,2019-09-11,2019-09-05,Shipped,,1966 Shelby Cobra 427 S/C,Classic Cars,1:24,Carousel DieCast Legends,8197,29.18,50.31,Handji Gifts& Co,,Singapore,Singapore,97900,pmarsh@classicmodelcars.com,Sales Rep,Sydney,+61 2 9264 2451,Australia,APAC,Peter Marsh,Wendy Victorino,5-11 Wentworth Avenue Floor #2 NSW 2010,106 Linden Road Sandown 2nd Floor 69045
29,32.19,2019-09-01,2019-09-11,2019-09-05,Shipped,,1939 Chevrolet Deluxe Coupe,Vintage Cars,1:24,Motor City Art Classics,7332,22.57,33.19,Handji Gifts& Co,,Singapore,Singapore,97900,pmarsh@classicmodelcars.com,Sales Rep,Sydney,+61 2 9264 2451,Australia,APAC,Peter Marsh,Wendy Victorino,5-11 Wentworth Avenue Floor #2 NSW 2010,106 Linden Road Sandown 2nd Floor 69045
35,81.78,2019-09-01,2019-09-11,2019-09-05,Shipped,,1949 Jaguar XK 120,Classic Cars,1:24,Classic Metal Creations,2350,47.25,90.87,Handji Gifts& Co,,Singapore,Singapore,97900,pmarsh@classicmodelcars.com,Sales Rep,Sydney,+61 2 9264 2451,Australia,APAC,Peter Marsh,Wendy Victorino,5-11 Wentworth Avenue Floor #2 NSW 2010,106 Linden Road Sandown 2nd Floor 69045
48,109.22,2019-09-01,2019-09-11,2019-09-05,Shipped,,1952 Citroen-15CV,Classic Cars,1:24,Exoto Designs,1452,72.82,117.44,Handji Gifts& Co,,Singapore,Singapore,97900,pmarsh@classicmodelcars.com,Sales Rep,Sydney,+61 2 9264 2451,Australia,APAC,Peter Marsh,Wendy Victorino,5-11 Wentworth Avenue Floor #2 NSW 2010,106 Linden Road Sandown 2nd Floor 69045
34,76.19,2019-09-01,2019-09-11,2019-09-05,Shipped,,1969 Chevrolet Camaro Z28,Classic Cars,1:24,Exoto Designs,4695,50.51,85.61,Handji Gifts& Co,,Singapore,Singapore,97900,pmarsh@classicmodelcars.com,Sales Rep,Sydney,+61 2 9264 2451,Australia,APAC,Peter Marsh,Wendy Victorino,5-11 Wentworth Avenue Floor #2 NSW 2010,106 Linden Road Sandown 2nd Floor 69045
41,101.73,2019-09-01,2019-09-11,2019-09-05,Shipped,,2002 Chevy Corvette,Classic Cars,1:24,Gearbox Collectibles,9446,62.11,107.08,Handji Gifts& Co,,Singapore,Singapore,97900,pmarsh@classicmodelcars.com,Sales Rep,Sydney,+61 2 9264 2451,Australia,APAC,Peter Marsh,Wendy Victorino,5-11 Wentworth Avenue Floor #2 NSW 2010,106 Linden Road Sandown 2nd Floor 69045
33,37.75,2019-09-01,2019-09-11,2019-09-05,Shipped,,1936 Mercedes Benz 500k Roadster,Vintage Cars,1:24,Red Start Diecast,2081,21.75,41.03,Handji Gifts& Co,,Singapore,Singapore,97900,pmarsh@classicmodelcars.com,Sales Rep,Sydney,+61 2 9264 2451,Australia,APAC,Peter Marsh,Wendy Victorino,5-11 Wentworth Avenue Floor #2 NSW 2010,106 Linden Road Sandown 2nd Floor 69045
38,92.47,2019-09-03,2019-09-13,2019-09-04,Shipped,We need to keep in close contact with their Marketing VP. He is the decision maker for all their purchases.,1937 Lincoln Berline,Vintage Cars,1:18,Motor City Art Classics,8693,60.62,102.74,Herkku Gifts,+47 22 67 32 15,Bergen,Norway,96800,bjones@classicmodelcars.com,Sales Rep,London,+44 20 7877 2041,UK,EMEA,Barry Jones,Veysel Oeztan,25 Old Broad Street Level 7 EC2N 1HN,Brehmen St. 121 PR 334 Sentrum N 5804
24,44.75,2019-09-03,2019-09-13,2019-09-04,Shipped,We need to keep in close contact with their Marketing VP. He is the decision maker for all their purchases.,1936 Mercedes-Benz 500K Special Roadster,Vintage Cars,1:18,Studio M Art Models,8635,24.26,53.91,Herkku Gifts,+47 22 67 32 15,Bergen,Norway,96800,bjones@classicmodelcars.com,Sales Rep,London,+44 20 7877 2041,UK,EMEA,Barry Jones,Veysel Oeztan,25 Old Broad Street Level 7 EC2N 1HN,Brehmen St. 121 PR 334 Sentrum N 5804
43,141.75,2019-09-03,2019-09-13,2019-09-04,Shipped,We need to keep in close contact with their Marketing VP. He is the decision maker for all their purchases.,1928 Mercedes-Benz SSK,Vintage Cars,1:18,Gearbox Collectibles,548,72.56,168.75,Herkku Gifts,+47 22 67 32 15,Bergen,Norway,96800,bjones@classicmodelcars.com,Sales Rep,London,+44 20 7877 2041,UK,EMEA,Barry Jones,Veysel Oeztan,25 Old Broad Street Level 7 EC2N 1HN,Brehmen St. 121 PR 334 Sentrum N 5804
45,41.22,2019-09-03,2019-09-13,2019-09-04,Shipped,We need to keep in close contact with their Marketing VP. He is the decision maker for all their purchases.,1938 Cadillac V-16 Presidential Limousine,Vintage Cars,1:24,Classic Metal Creations,2847,20.61,44.8,Herkku Gifts,+47 22 67 32 15,Bergen,Norway,96800,bjones@classicmodelcars.com,Sales Rep,London,+44 20 7877 2041,UK,EMEA,Barry Jones,Veysel Oeztan,25 Old Broad Street Level 7 EC2N 1HN,Brehmen St. 121 PR 334 Sentrum N 5804
26,80.36,2019-09-07,2019-09-15,2019-09-13,Shipped,,1917 Maxwell Touring Car,Vintage Cars,1:18,Exoto Designs,7913,57.54,99.21,Auto-Moto Classics Inc.,+1 617-555-8428,Brickhaven,USA,23000,spatterson@classicmodelcars.com,Sales Rep,Boston,+1 215-837-0825,USA,,Steve Patterson,Leslie Taylor,1550 Court Place Suite 102 02107,16780 Pompton St.  58339
45,83.76,2019-09-07,2019-09-15,2019-09-13,Shipped,,1936 Chrysler Airflow,Vintage Cars,1:24,Second Gear Diecast,4710,57.46,97.39,Auto-Moto Classics Inc.,+1 617-555-8428,Brickhaven,USA,23000,spatterson@classicmodelcars.com,Sales Rep,Boston,+1 215-837-0825,USA,,Steve Patterson,Leslie Taylor,1550 Court Place Suite 102 02107,16780 Pompton St.  58339
37,210.01,2019-09-08,2019-09-17,2019-09-14,Shipped,,1952 Alpine Renault 1300,Classic Cars,1:10,Classic Metal Creations,7305,98.58,214.3,Scandinavian Gift Ideas,+46 695 34 65 55,Bräcke,Sweden,116400,bjones@classicmodelcars.com,Sales Rep,London,+44 20 7877 2041,UK,EMEA,Barry Jones,Martha Larsson,25 Old Broad Street Level 7 EC2N 1HN,Åkergatan 24  S-844 67
30,141.83,2019-09-08,2019-09-17,2019-09-14,Shipped,,1962 LanciaA Delta 16V,Classic Cars,1:10,Second Gear Diecast,6791,103.42,147.74,Scandinavian Gift Ideas,+46 695 34 65 55,Bräcke,Sweden,116400,bjones@classicmodelcars.com,Sales Rep,London,+44 20 7877 2041,UK,EMEA,Barry Jones,Martha Larsson,25 Old Broad Street Level 7 EC2N 1HN,Åkergatan 24  S-844 67
41,123.0,2019-09-08,2019-09-17,2019-09-14,Shipped,,1958 Setra Bus,Trucks and Buses,1:12,Welly Diecast Productions,1579,77.9,136.67,Scandinavian Gift Ideas,+46 695 34 65 55,Bräcke,Sweden,116400,bjones@classicmodelcars.com,Sales Rep,London,+44 20 7877 2041,UK,EMEA,Barry Jones,Martha Larsson,25 Old Broad Street Level 7 EC2N 1HN,Åkergatan 24  S-844 67
41,96.84,2019-09-08,2019-09-17,2019-09-14,Shipped,,1940 Ford Pickup Truck,Trucks and Buses,1:18,Studio M Art Models,2613,58.33,116.67,Scandinavian Gift Ideas,+46 695 34 65 55,Bräcke,Sweden,116400,bjones@classicmodelcars.com,Sales Rep,London,+44 20 7877 2041,UK,EMEA,Barry Jones,Martha Larsson,25 Old Broad Street Level 7 EC2N 1HN,Åkergatan 24  S-844 67
26,52.26,2019-09-08,2019-09-17,2019-09-14,Shipped,,1926 Ford Fire Engine,Trucks and Buses,1:18,Carousel DieCast Legends,2019,24.92,60.77,Scandinavian Gift Ideas,+46 695 34 65 55,Bräcke,Sweden,116400,bjones@classicmodelcars.com,Sales Rep,London,+44 20 7877 2041,UK,EMEA,Barry Jones,Martha Larsson,25 Old Broad Street Level 7 EC2N 1HN,Åkergatan 24  S-844 67
47,99.28,2019-09-08,2019-09-17,2019-09-14,Shipped,,1913 Ford Model T Speedster,Vintage Cars,1:18,Carousel DieCast Legends,4189,60.78,101.31,Scandinavian Gift Ideas,+46 695 34 65 55,Bräcke,Sweden,116400,bjones@classicmodelcars.com,Sales Rep,London,+44 20 7877 2041,UK,EMEA,Barry Jones,Martha Larsson,25 Old Broad Street Level 7 EC2N 1HN,Åkergatan 24  S-844 67
37,56.21,2019-09-08,2019-09-17,2019-09-14,Shipped,,1934 Ford V8 Coupe,Vintage Cars,1:18,Min Lin Diecast,5649,34.35,62.46,Scandinavian Gift Ideas,+46 695 34 65 55,Bräcke,Sweden,116400,bjones@classicmodelcars.com,Sales Rep,London,+44 20 7877 2041,UK,EMEA,Barry Jones,Martha Larsson,25 Old Broad Street Level 7 EC2N 1HN,Åkergatan 24  S-844 67
23,93.2,2019-09-08,2019-09-17,2019-09-14,Shipped,,18th Century Vintage Horse Carriage,Vintage Cars,1:18,Red Start Diecast,5992,60.74,104.72,Scandinavian Gift Ideas,+46 695 34 65 55,Bräcke,Sweden,116400,bjones@classicmodelcars.com,Sales Rep,London,+44 20 7877 2041,UK,EMEA,Barry Jones,Martha Larsson,25 Old Broad Street Level 7 EC2N 1HN,Åkergatan 24  S-844 67
48,96.86,2019-09-08,2019-09-17,2019-09-14,Shipped,,1940s Ford truck,Trucks and Buses,1:18,Motor City Art Classics,3128,84.76,121.08,Scandinavian Gift Ideas,+46 695 34 65 55,Bräcke,Sweden,116400,bjones@classicmodelcars.com,Sales Rep,London,+44 20 7877 2041,UK,EMEA,Barry Jones,Martha Larsson,25 Old Broad Street Level 7 EC2N 1HN,Åkergatan 24  S-844 67
29,45.28,2019-09-08,2019-09-17,2019-09-14,Shipped,,1939 Cadillac Limousine,Vintage Cars,1:18,Studio M Art Models,6645,23.14,50.31,Scandinavian Gift Ideas,+46 695 34 65 55,Bräcke,Sweden,116400,bjones@classicmodelcars.com,Sales Rep,London,+44 20 7877 2041,UK,EMEA,Barry Jones,Martha Larsson,25 Old Broad Street Level 7 EC2N 1HN,Åkergatan 24  S-844 67
48,109.9,2019-09-08,2019-09-17,2019-09-14,Shipped,,1962 Volkswagen Microbus,Trucks and Buses,1:24,Autoart Studio Design,2327,61.34,127.79,Scandinavian Gift Ideas,+46 695 34 65 55,Bräcke,Sweden,116400,bjones@classicmodelcars.com,Sales Rep,London,+44 20 7877 2041,UK,EMEA,Barry Jones,Martha Larsson,25 Old Broad Street Level 7 EC2N 1HN,Åkergatan 24  S-844 67
26,82.83,2019-09-08,2019-09-17,2019-09-14,Shipped,,1980’s GM Manhattan Express,Trucks and Buses,1:32,Motor City Art Classics,5099,53.93,96.31,Scandinavian Gift Ideas,+46 695 34 65 55,Bräcke,Sweden,116400,bjones@classicmodelcars.com,Sales Rep,London,+44 20 7877 2041,UK,EMEA,Barry Jones,Martha Larsson,25 Old Broad Street Level 7 EC2N 1HN,Åkergatan 24  S-844 67
32,53.0,2019-09-08,2019-09-17,2019-09-14,Shipped,,1996 Peterbilt 379 Stake Bed with Outrigger,Trucks and Buses,1:32,Red Start Diecast,814,33.61,64.64,Scandinavian Gift Ideas,+46 695 34 65 55,Bräcke,Sweden,116400,bjones@classicmodelcars.com,Sales Rep,London,+44 20 7877 2041,UK,EMEA,Barry Jones,Martha Larsson,25 Old Broad Street Level 7 EC2N 1HN,Åkergatan 24  S-844 67
28,86.99,2019-09-08,2019-09-17,2019-09-14,Shipped,,1982 Camaro Z28,Classic Cars,1:18,Carousel DieCast Legends,6934,46.53,101.15,Scandinavian Gift Ideas,+46 695 34 65 55,Bräcke,Sweden,116400,bjones@classicmodelcars.com,Sales Rep,London,+44 20 7877 2041,UK,EMEA,Barry Jones,Martha Larsson,25 Old Broad Street Level 7 EC2N 1HN,Åkergatan 24  S-844 67
21,94.8,2019-09-08,2019-09-18,2019-09-11,Shipped,They want to reevaluate their terms agreement with Finance.,1957 Chevy Pickup,Trucks and Buses,1:12,Exoto Designs,6125,55.7,118.5,Land of Toys Inc.,+1 212-555-7818,NYC,USA,114900,gvanauf@classicmodelcars.com,Sales Rep,NYC,+1 212-555-3000,USA,,George Vanauf,Kwai Lee,523 East 53rd Street apt. 5A 10022,897 Long Airport Avenue  10022
26,140.81,2019-09-08,2019-09-18,2019-09-11,Shipped,They want to reevaluate their terms agreement with Finance.,1998 Chrysler Plymouth Prowler,Classic Cars,1:18,Gearbox Collectibles,4724,101.51,163.73,Land of Toys Inc.,+1 212-555-7818,NYC,USA,114900,gvanauf@classicmodelcars.com,Sales Rep,NYC,+1 212-555-3000,USA,,George Vanauf,Kwai Lee,523 East 53rd Street apt. 5A 10022,897 Long Airport Avenue  10022
41,103.09,2019-09-08,2019-09-18,2019-09-11,Shipped,They want to reevaluate their terms agreement with Finance.,1964 Mercedes Tour Bus,Trucks and Buses,1:18,Unimax Art Galleries,8258,74.86,122.73,Land of Toys Inc.,+1 212-555-7818,NYC,USA,114900,gvanauf@classicmodelcars.com,Sales Rep,NYC,+1 212-555-3000,USA,,George Vanauf,Kwai Lee,523 East 53rd Street apt. 5A 10022,897 Long Airport Avenue  10022
21,147.33,2019-09-08,2019-09-18,2019-09-11,Shipped,They want to reevaluate their terms agreement with Finance.,1992 Ferrari 360 Spider red,Classic Cars,1:18,Unimax Art Galleries,8347,77.9,169.34,Land of Toys Inc.,+1 212-555-7818,NYC,USA,114900,gvanauf@classicmodelcars.com,Sales Rep,NYC,+1 212-555-3000,USA,,George Vanauf,Kwai Lee,523 East 53rd Street apt. 5A 10022,897 Long Airport Avenue  10022
44,114.9,2019-09-08,2019-09-18,2019-09-11,Shipped,They want to reevaluate their terms agreement with Finance.,1970 Triumph Spitfire,Classic Cars,1:18,Min Lin Diecast,5545,91.92,143.62,Land of Toys Inc.,+1 212-555-7818,NYC,USA,114900,gvanauf@classicmodelcars.com,Sales Rep,NYC,+1 212-555-3000,USA,,George Vanauf,Kwai Lee,523 East 53rd Street apt. 5A 10022,897 Long Airport Avenue  10022
40,48.55,2019-09-08,2019-09-18,2019-09-11,Shipped,They want to reevaluate their terms agreement with Finance.,1970 Dodge Coronet,Classic Cars,1:24,Highway 66 Mini Classics,4074,32.37,57.8,Land of Toys Inc.,+1 212-555-7818,NYC,USA,114900,gvanauf@classicmodelcars.com,Sales Rep,NYC,+1 212-555-3000,USA,,George Vanauf,Kwai Lee,523 East 53rd Street apt. 5A 10022,897 Long Airport Avenue  10022
39,34.3,2019-09-08,2019-09-18,2019-09-11,Shipped,They want to reevaluate their terms agreement with Finance.,1958 Chevy Corvette Limited Edition,Classic Cars,1:24,Carousel DieCast Legends,2542,15.91,35.36,Land of Toys Inc.,+1 212-555-7818,NYC,USA,114900,gvanauf@classicmodelcars.com,Sales Rep,NYC,+1 212-555-3000,USA,,George Vanauf,Kwai Lee,523 East 53rd Street apt. 5A 10022,897 Long Airport Avenue  10022
27,113.55,2019-09-08,2019-09-18,2019-09-11,Shipped,They want to reevaluate their terms agreement with Finance.,1992 Porsche Cayenne Turbo Silver,Classic Cars,1:24,Exoto Designs,6582,69.78,118.28,Land of Toys Inc.,+1 212-555-7818,NYC,USA,114900,gvanauf@classicmodelcars.com,Sales Rep,NYC,+1 212-555-3000,USA,,George Vanauf,Kwai Lee,523 East 53rd Street apt. 5A 10022,897 Long Airport Avenue  10022
50,54.11,2019-09-08,2019-09-18,2019-09-11,Shipped,They want to reevaluate their terms agreement with Finance.,1954 Greyhound Scenicruiser,Trucks and Buses,1:32,Classic Metal Creations,2874,25.98,54.11,Land of Toys Inc.,+1 212-555-7818,NYC,USA,114900,gvanauf@classicmodelcars.com,Sales Rep,NYC,+1 212-555-3000,USA,,George Vanauf,Kwai Lee,523 East 53rd Street apt. 5A 10022,897 Long Airport Avenue  10022
31,59.65,2019-09-08,2019-09-18,2019-09-11,Shipped,They want to reevaluate their terms agreement with Finance.,1950s Chicago Surface Lines Streetcar,Trains,1:32,Gearbox Collectibles,8601,26.72,62.14,Land of Toys Inc.,+1 212-555-7818,NYC,USA,114900,gvanauf@classicmodelcars.com,Sales Rep,NYC,+1 212-555-3000,USA,,George Vanauf,Kwai Lee,523 East 53rd Street apt. 5A 10022,897 Long Airport Avenue  10022
41,113.44,2019-09-08,2019-09-18,2019-09-11,Shipped,They want to reevaluate their terms agreement with Finance.,Diamond T620 Semi-Skirted Tanker,Trucks and Buses,1:50,Highway 66 Mini Classics,1016,68.29,115.75,Land of Toys Inc.,+1 212-555-7818,NYC,USA,114900,gvanauf@classicmodelcars.com,Sales Rep,NYC,+1 212-555-3000,USA,,George Vanauf,Kwai Lee,523 East 53rd Street apt. 5A 10022,897 Long Airport Avenue  10022
35,49.79,2019-09-08,2019-09-18,2019-09-11,Shipped,They want to reevaluate their terms agreement with Finance.,1962 City of Detroit Streetcar,Trains,1:50,Classic Metal Creations,1645,37.49,58.58,Land of Toys Inc.,+1 212-555-7818,NYC,USA,114900,gvanauf@classicmodelcars.com,Sales Rep,NYC,+1 212-555-3000,USA,,George Vanauf,Kwai Lee,523 East 53rd Street apt. 5A 10022,897 Long Airport Avenue  10022
46,187.02,2019-09-09,2019-09-18,2019-09-14,Shipped,,2001 Ferrari Enzo,Classic Cars,1:12,Second Gear Diecast,3619,95.59,207.8,Amica Models & Co.,+39 011 498 8555,Torino,Italy,113000,pcastillo@classicmodelcars.com,Sales Rep,Paris,+33 1 47 23 44 04,France,EMEA,Pamela Castillo,Paolo  Accorti,43 Rue Jouffroy Dabbans  75017,Via Monte Bianco 34  10100
24,129.93,2019-09-09,2019-09-18,2019-09-14,Shipped,,1969 Corvair Monza,Classic Cars,1:18,Welly Diecast Productions,6906,89.14,151.08,Amica Models & Co.,+39 011 498 8555,Torino,Italy,113000,pcastillo@classicmodelcars.com,Sales Rep,Paris,+33 1 47 23 44 04,France,EMEA,Pamela Castillo,Paolo  Accorti,43 Rue Jouffroy Dabbans  75017,Via Monte Bianco 34  10100
45,171.29,2019-09-09,2019-09-18,2019-09-14,Shipped,,1969 Ford Falcon,Classic Cars,1:12,Second Gear Diecast,1049,83.05,173.02,Amica Models & Co.,+39 011 498 8555,Torino,Italy,113000,pcastillo@classicmodelcars.com,Sales Rep,Paris,+33 1 47 23 44 04,France,EMEA,Pamela Castillo,Paolo  Accorti,43 Rue Jouffroy Dabbans  75017,Via Monte Bianco 34  10100
24,110.64,2019-09-09,2019-09-18,2019-09-14,Shipped,,1903 Ford Model A,Vintage Cars,1:18,Unimax Art Galleries,3913,68.3,136.59,Amica Models & Co.,+39 011 498 8555,Torino,Italy,113000,pcastillo@classicmodelcars.com,Sales Rep,Paris,+33 1 47 23 44 04,France,EMEA,Pamela Castillo,Paolo  Accorti,43 Rue Jouffroy Dabbans  75017,Via Monte Bianco 34  10100
22,91.76,2019-09-09,2019-09-18,2019-09-14,Shipped,,Collectable Wooden Train,Trains,1:18,Carousel DieCast Legends,6450,67.56,100.84,Amica Models & Co.,+39 011 498 8555,Torino,Italy,113000,pcastillo@classicmodelcars.com,Sales Rep,Paris,+33 1 47 23 44 04,France,EMEA,Pamela Castillo,Paolo  Accorti,43 Rue Jouffroy Dabbans  75017,Via Monte Bianco 34  10100
49,72.85,2019-09-09,2019-09-18,2019-09-14,Shipped,,1904 Buick Runabout,Vintage Cars,1:18,Exoto Designs,8290,52.66,87.77,Amica Models & Co.,+39 011 498 8555,Torino,Italy,113000,pcastillo@classicmodelcars.com,Sales Rep,Paris,+33 1 47 23 44 04,France,EMEA,Pamela Castillo,Paolo  Accorti,43 Rue Jouffroy Dabbans  75017,Via Monte Bianco 34  10100
21,111.83,2019-09-09,2019-09-18,2019-09-14,Shipped,,18th century schooner,Ships,1:24,Carousel DieCast Legends,1898,82.34,122.89,Amica Models & Co.,+39 011 498 8555,Torino,Italy,113000,pcastillo@classicmodelcars.com,Sales Rep,Paris,+33 1 47 23 44 04,France,EMEA,Pamela Castillo,Paolo  Accorti,43 Rue Jouffroy Dabbans  75017,Via Monte Bianco 34  10100
29,77.95,2019-09-09,2019-09-18,2019-09-14,Shipped,,The Mayflower,Ships,1:700,Studio M Art Models,737,43.3,86.61,Amica Models & Co.,+39 011 498 8555,Torino,Italy,113000,pcastillo@classicmodelcars.com,Sales Rep,Paris,+33 1 47 23 44 04,France,EMEA,Pamela Castillo,Paolo  Accorti,43 Rue Jouffroy Dabbans  75017,Via Monte Bianco 34  10100
32,51.32,2019-09-09,2019-09-18,2019-09-14,Shipped,,Pont Yacht,Ships,1:72,Unimax Art Galleries,414,33.3,54.6,Amica Models & Co.,+39 011 498 8555,Torino,Italy,113000,pcastillo@classicmodelcars.com,Sales Rep,Paris,+33 1 47 23 44 04,France,EMEA,Pamela Castillo,Paolo  Accorti,43 Rue Jouffroy Dabbans  75017,Via Monte Bianco 34  10100
45,98.32,2019-09-10,2019-09-17,2019-09-14,Shipped,,The Queen Mary,Ships,1:700,Welly Diecast Productions,5088,53.63,99.31,Online Mini Collectables,+1 617-555-7555,Brickhaven,USA,68700,jfirrelli@classicmodelcars.com,Sales Rep,Boston,+1 215-837-0825,USA,,Julie Firrelli,Miguel Barajas,1550 Court Place Suite 102 02107,7635 Spinnaker Dr.  58339
24,136.0,2019-09-10,2019-09-17,2019-09-14,Shipped,They want to reevaluate their terms agreement with Finance.,1972 Alfa Romeo GTA,Classic Cars,1:10,Motor City Art Classics,3252,85.68,136.0,Gifts4AllAges.com,+1 617-555-9555,Boston,USA,41900,spatterson@classicmodelcars.com,Sales Rep,Boston,+1 215-837-0825,USA,,Steve Patterson,Juri Yoshido,1550 Court Place Suite 102 02107,8616 Spinnaker Dr.  51003
46,84.08,2019-09-10,2019-09-17,2019-09-14,Shipped,They want to reevaluate their terms agreement with Finance.,1912 Ford Model T Delivery Wagon,Vintage Cars,1:24,Min Lin Diecast,9173,46.91,88.51,Gifts4AllAges.com,+1 617-555-9555,Boston,USA,41900,spatterson@classicmodelcars.com,Sales Rep,Boston,+1 215-837-0825,USA,,Steve Patterson,Juri Yoshido,1550 Court Place Suite 102 02107,8616 Spinnaker Dr.  51003
26,62.0,2019-09-10,2019-09-17,2019-09-14,Shipped,They want to reevaluate their terms agreement with Finance.,The Schooner Bluenose,Ships,1:700,Autoart Studio Design,1897,34.0,66.67,Gifts4AllAges.com,+1 617-555-9555,Boston,USA,41900,spatterson@classicmodelcars.com,Sales Rep,Boston,+1 215-837-0825,USA,,Steve Patterson,Juri Yoshido,1550 Court Place Suite 102 02107,8616 Spinnaker Dr.  51003
44,71.56,2019-09-10,2019-09-17,2019-09-14,Shipped,They want to reevaluate their terms agreement with Finance.,The USS Constitution Ship,Ships,1:700,Red Start Diecast,7083,33.97,72.28,Gifts4AllAges.com,+1 617-555-9555,Boston,USA,41900,spatterson@classicmodelcars.com,Sales Rep,Boston,+1 215-837-0825,USA,,Steve Patterson,Juri Yoshido,1550 Court Place Suite 102 02107,8616 Spinnaker Dr.  51003
34,93.16,2019-09-10,2019-09-17,2019-09-14,Shipped,They want to reevaluate their terms agreement with Finance.,The Titanic,Ships,1:700,Carousel DieCast Legends,1956,51.09,100.17,Gifts4AllAges.com,+1 617-555-9555,Boston,USA,41900,spatterson@classicmodelcars.com,Sales Rep,Boston,+1 215-837-0825,USA,,Steve Patterson,Juri Yoshido,1550 Court Place Suite 102 02107,8616 Spinnaker Dr.  51003
36,146.65,2019-09-15,2019-09-22,2019-09-16,Shipped,,1980s Black Hawk Helicopter,Planes,1:18,Red Start Diecast,5330,77.27,157.69,"Bavarian Collectables Imports, Co.",+49 89 61089555,Munich,Germany,77000,bjones@classicmodelcars.com,Sales Rep,London,+44 20 7877 2041,UK,EMEA,Barry Jones,Michael Donnermeyer,25 Old Broad Street Level 7 EC2N 1HN,Hansastr. 15  80686
21,69.68,2019-09-15,2019-09-22,2019-09-16,Shipped,,1999 Yamaha Speed Boat,Ships,1:18,Min Lin Diecast,4259,51.61,86.02,"Bavarian Collectables Imports, Co.",+49 89 61089555,Munich,Germany,77000,bjones@classicmodelcars.com,Sales Rep,London,+44 20 7877 2041,UK,EMEA,Barry Jones,Michael Donnermeyer,25 Old Broad Street Level 7 EC2N 1HN,Hansastr. 15  80686
22,105.87,2019-09-15,2019-09-22,2019-09-16,Shipped,,1941 Chevrolet Special Deluxe Cabriolet,Vintage Cars,1:18,Exoto Designs,2378,64.58,105.87,"Bavarian Collectables Imports, Co.",+49 89 61089555,Munich,Germany,77000,bjones@classicmodelcars.com,Sales Rep,London,+44 20 7877 2041,UK,EMEA,Barry Jones,Michael Donnermeyer,25 Old Broad Street Level 7 EC2N 1HN,Hansastr. 15  80686
21,60.97,2019-09-15,2019-09-22,2019-09-16,Shipped,,1900s Vintage Bi-Plane,Planes,1:24,Autoart Studio Design,5942,34.25,68.51,"Bavarian Collectables Imports, Co.",+49 89 61089555,Munich,Germany,77000,bjones@classicmodelcars.com,Sales Rep,London,+44 20 7877 2041,UK,EMEA,Barry Jones,Michael Donnermeyer,25 Old Broad Street Level 7 EC2N 1HN,Hansastr. 15  80686
31,63.78,2019-09-15,2019-09-22,2019-09-16,Shipped,,1937 Horch 930V Limousine,Vintage Cars,1:24,Autoart Studio Design,2902,26.3,65.75,"Bavarian Collectables Imports, Co.",+49 89 61089555,Munich,Germany,77000,bjones@classicmodelcars.com,Sales Rep,London,+44 20 7877 2041,UK,EMEA,Barry Jones,Michael Donnermeyer,25 Old Broad Street Level 7 EC2N 1HN,Hansastr. 15  80686
22,83.02,2019-09-15,2019-09-22,2019-09-16,Shipped,,1940 Ford Delivery Sedan,Vintage Cars,1:24,Carousel DieCast Legends,6621,48.64,83.86,"Bavarian Collectables Imports, Co.",+49 89 61089555,Munich,Germany,77000,bjones@classicmodelcars.com,Sales Rep,London,+44 20 7877 2041,UK,EMEA,Barry Jones,Michael Donnermeyer,25 Old Broad Street Level 7 EC2N 1HN,Hansastr. 15  80686
32,63.46,2019-09-15,2019-09-22,2019-09-16,Shipped,,Corsair F4U ( Bird Cage),Planes,1:24,Second Gear Diecast,6812,29.34,68.24,"Bavarian Collectables Imports, Co.",+49 89 61089555,Munich,Germany,77000,bjones@classicmodelcars.com,Sales Rep,London,+44 20 7877 2041,UK,EMEA,Barry Jones,Michael Donnermeyer,25 Old Broad Street Level 7 EC2N 1HN,Hansastr. 15  80686
26,41.02,2019-09-15,2019-09-22,2019-09-16,Shipped,,1930 Buick Marquette Phaeton,Vintage Cars,1:50,Studio M Art Models,7062,27.06,43.64,"Bavarian Collectables Imports, Co.",+49 89 61089555,Munich,Germany,77000,bjones@classicmodelcars.com,Sales Rep,London,+44 20 7877 2041,UK,EMEA,Barry Jones,Michael Donnermeyer,25 Old Broad Street Level 7 EC2N 1HN,Hansastr. 15  80686
42,75.81,2019-09-15,2019-09-22,2019-09-16,Shipped,,American Airlines: B767-300,Planes,1:700,Min Lin Diecast,5841,51.15,91.34,"Bavarian Collectables Imports, Co.",+49 89 61089555,Munich,Germany,77000,bjones@classicmodelcars.com,Sales Rep,London,+44 20 7877 2041,UK,EMEA,Barry Jones,Michael Donnermeyer,25 Old Broad Street Level 7 EC2N 1HN,Hansastr. 15  80686
34,89.61,2019-09-15,2019-09-22,2019-09-16,Shipped,,HMS Bounty,Ships,1:700,Unimax Art Galleries,3501,39.83,90.52,"Bavarian Collectables Imports, Co.",+49 89 61089555,Munich,Germany,77000,bjones@classicmodelcars.com,Sales Rep,London,+44 20 7877 2041,UK,EMEA,Barry Jones,Michael Donnermeyer,25 Old Broad Street Level 7 EC2N 1HN,Hansastr. 15  80686
24,96.73,2019-09-15,2019-09-22,2019-09-16,Shipped,,America West Airlines B757-200,Planes,1:700,Motor City Art Classics,9653,68.8,99.72,"Bavarian Collectables Imports, Co.",+49 89 61089555,Munich,Germany,77000,bjones@classicmodelcars.com,Sales Rep,London,+44 20 7877 2041,UK,EMEA,Barry Jones,Michael Donnermeyer,25 Old Broad Street Level 7 EC2N 1HN,Hansastr. 15  80686
22,74.4,2019-09-15,2019-09-22,2019-09-16,Shipped,,F/A 18 Hornet 1/72,Planes,1:72,Motor City Art Classics,551,54.4,80.0,"Bavarian Collectables Imports, Co.",+49 89 61089555,Munich,Germany,77000,bjones@classicmodelcars.com,Sales Rep,London,+44 20 7877 2041,UK,EMEA,Barry Jones,Michael Donnermeyer,25 Old Broad Street Level 7 EC2N 1HN,Hansastr. 15  80686
47,61.44,2019-09-15,2019-09-22,2019-09-16,Shipped,,American Airlines: MD-11S,Planes,1:700,Second Gear Diecast,8820,36.27,74.03,"Bavarian Collectables Imports, Co.",+49 89 61089555,Munich,Germany,77000,bjones@classicmodelcars.com,Sales Rep,London,+44 20 7877 2041,UK,EMEA,Barry Jones,Michael Donnermeyer,25 Old Broad Street Level 7 EC2N 1HN,Hansastr. 15  80686
21,46.68,2019-09-15,2019-09-22,2019-09-16,Shipped,,Boeing X-32A JSF,Planes,1:72,Motor City Art Classics,4857,32.77,49.66,"Bavarian Collectables Imports, Co.",+49 89 61089555,Munich,Germany,77000,bjones@classicmodelcars.com,Sales Rep,London,+44 20 7877 2041,UK,EMEA,Barry Jones,Michael Donnermeyer,25 Old Broad Street Level 7 EC2N 1HN,Hansastr. 15  80686
25,81.95,2019-09-16,2019-09-22,2019-09-21,Shipped,We must be cautions with this customer. Their VP of Sales resigned. Company may be heading down.,P-51-D Mustang,Planes,1:72,Gearbox Collectibles,992,49.0,84.48,"Clover Collections, Co.",+353 1 862 1555,Dublin,Ireland,69400,bjones@classicmodelcars.com,Sales Rep,London,+44 20 7877 2041,UK,EMEA,Barry Jones,Dean Cassidy,25 Old Broad Street Level 7 EC2N 1HN,25 Maiden Lane Floor No. 4 2
32,107.23,2019-09-16,2019-09-22,2019-09-21,Shipped,We must be cautions with this customer. Their VP of Sales resigned. Company may be heading down.,1928 British Royal Navy Airplane,Planes,1:24,Classic Metal Creations,3627,66.74,109.42,"Clover Collections, Co.",+353 1 862 1555,Dublin,Ireland,69400,bjones@classicmodelcars.com,Sales Rep,London,+44 20 7877 2041,UK,EMEA,Barry Jones,Dean Cassidy,25 Old Broad Street Level 7 EC2N 1HN,25 Maiden Lane Floor No. 4 2
32,70.08,2019-09-16,2019-09-22,2019-09-21,Shipped,We must be cautions with this customer. Their VP of Sales resigned. Company may be heading down.,1960 BSA Gold Star DBD34,Motorcycles,1:24,Highway 66 Mini Classics,15,37.32,76.17,"Clover Collections, Co.",+353 1 862 1555,Dublin,Ireland,69400,bjones@classicmodelcars.com,Sales Rep,London,+44 20 7877 2041,UK,EMEA,Barry Jones,Dean Cassidy,25 Old Broad Street Level 7 EC2N 1HN,25 Maiden Lane Floor No. 4 2
23,71.73,2019-09-16,2019-09-22,2019-09-21,Shipped,We must be cautions with this customer. Their VP of Sales resigned. Company may be heading down.,1900s Vintage Tri-Plane,Planes,1:24,Unimax Art Galleries,2756,36.23,72.45,"Clover Collections, Co.",+353 1 862 1555,Dublin,Ireland,69400,bjones@classicmodelcars.com,Sales Rep,London,+44 20 7877 2041,UK,EMEA,Barry Jones,Dean Cassidy,25 Old Broad Street Level 7 EC2N 1HN,25 Maiden Lane Floor No. 4 2
26,88.9,2019-09-16,2019-09-22,2019-09-21,Shipped,We must be cautions with this customer. Their VP of Sales resigned. Company may be heading down.,1997 BMW F650 ST,Motorcycles,1:32,Exoto Designs,178,66.92,99.89,"Clover Collections, Co.",+353 1 862 1555,Dublin,Ireland,69400,bjones@classicmodelcars.com,Sales Rep,London,+44 20 7877 2041,UK,EMEA,Barry Jones,Dean Cassidy,25 Old Broad Street Level 7 EC2N 1HN,25 Maiden Lane Floor No. 4 2
28,63.29,2019-09-16,2019-09-22,2019-09-21,Shipped,We must be cautions with this customer. Their VP of Sales resigned. Company may be heading down.,1928 Ford Phaeton Deluxe,Vintage Cars,1:32,Highway 66 Mini Classics,136,33.02,68.79,"Clover Collections, Co.",+353 1 862 1555,Dublin,Ireland,69400,bjones@classicmodelcars.com,Sales Rep,London,+44 20 7877 2041,UK,EMEA,Barry Jones,Dean Cassidy,25 Old Broad Street Level 7 EC2N 1HN,25 Maiden Lane Floor No. 4 2
35,111.53,2019-09-16,2019-09-22,2019-09-21,Shipped,We must be cautions with this customer. Their VP of Sales resigned. Company may be heading down.,ATA: B757-300,Planes,1:700,Highway 66 Mini Classics,7106,59.33,118.65,"Clover Collections, Co.",+353 1 862 1555,Dublin,Ireland,69400,bjones@classicmodelcars.com,Sales Rep,London,+44 20 7877 2041,UK,EMEA,Barry Jones,Dean Cassidy,25 Old Broad Street Level 7 EC2N 1HN,25 Maiden Lane Floor No. 4 2
39,105.86,2019-09-27,2019-10-05,2019-10-01,Shipped,,1996 Moto Guzzi 1100i,Motorcycles,1:10,Highway 66 Mini Classics,6625,68.99,118.94,Atelier graphique,,Nantes,France,21000,ghernande@classicmodelcars.com,Sales Rep,Paris,+33 1 47 23 44 04,France,EMEA,Gerard Hernandez,Carine  Schmitt,43 Rue Jouffroy Dabbans  75017,"54, rue Royale  44000"
32,60.57,2019-09-27,2019-10-05,2019-10-01,Shipped,,1936 Harley Davidson El Knucklehead,Motorcycles,1:18,Welly Diecast Productions,4357,24.23,60.57,Atelier graphique,,Nantes,France,21000,ghernande@classicmodelcars.com,Sales Rep,Paris,+33 1 47 23 44 04,France,EMEA,Gerard Hernandez,Carine  Schmitt,43 Rue Jouffroy Dabbans  75017,"54, rue Royale  44000"
23,76.56,2019-09-30,2019-10-10,2019-10-01,Shipped,,1969 Harley Davidson Ultimate Chopper,Motorcycles,1:10,Min Lin Diecast,7933,48.81,95.7,"Toys of Finland, Co.",,Helsinki,Finland,96500,lbott@classicmodelcars.com,Sales Rep,London,+44 20 7877 2041,UK,EMEA,Larry Bott,Matti Karttunen,25 Old Broad Street Level 7 EC2N 1HN,Keskuskatu 45  21240
29,164.61,2019-09-30,2019-10-10,2019-10-01,Shipped,,2003 Harley-Davidson Eagle Drag Bike,Motorcycles,1:10,Red Start Diecast,5582,91.02,193.66,"Toys of Finland, Co.",,Helsinki,Finland,96500,lbott@classicmodelcars.com,Sales Rep,London,+44 20 7877 2041,UK,EMEA,Larry Bott,Matti Karttunen,25 Old Broad Street Level 7 EC2N 1HN,Keskuskatu 45  21240
24,123.51,2019-09-30,2019-10-10,2019-10-01,Shipped,,2002 Suzuki XREO,Motorcycles,1:12,Unimax Art Galleries,9997,66.27,150.62,"Toys of Finland, Co.",,Helsinki,Finland,96500,lbott@classicmodelcars.com,Sales Rep,London,+44 20 7877 2041,UK,EMEA,Larry Bott,Matti Karttunen,25 Old Broad Street Level 7 EC2N 1HN,Keskuskatu 45  21240
39,62.17,2019-09-30,2019-10-10,2019-10-01,Shipped,,1957 Vespa GS150,Motorcycles,1:18,Studio M Art Models,7689,32.95,62.17,"Toys of Finland, Co.",,Helsinki,Finland,96500,lbott@classicmodelcars.com,Sales Rep,London,+44 20 7877 2041,UK,EMEA,Larry Bott,Matti Karttunen,25 Old Broad Street Level 7 EC2N 1HN,Keskuskatu 45  21240
49,119.04,2019-09-30,2019-10-10,2019-10-01,Shipped,,1957 Corvette Convertible,Classic Cars,1:18,Classic Metal Creations,1249,69.93,148.8,"Toys of Finland, Co.",,Helsinki,Finland,96500,lbott@classicmodelcars.com,Sales Rep,London,+44 20 7877 2041,UK,EMEA,Larry Bott,Matti Karttunen,25 Old Broad Street Level 7 EC2N 1HN,Keskuskatu 45  21240
47,107.07,2019-09-30,2019-10-10,2019-10-01,Shipped,,1997 BMW R 1100 S,Motorcycles,1:24,Autoart Studio Design,7003,60.86,112.7,"Toys of Finland, Co.",,Helsinki,Finland,96500,lbott@classicmodelcars.com,Sales Rep,London,+44 20 7877 2041,UK,EMEA,Larry Bott,Matti Karttunen,25 Old Broad Street Level 7 EC2N 1HN,Keskuskatu 45  21240
33,58.87,2019-09-30,2019-10-10,2019-10-01,Shipped,,1982 Ducati 900 Monster,Motorcycles,1:24,Highway 66 Mini Classics,6840,47.1,69.26,"Toys of Finland, Co.",,Helsinki,Finland,96500,lbott@classicmodelcars.com,Sales Rep,London,+44 20 7877 2041,UK,EMEA,Larry Bott,Matti Karttunen,25 Old Broad Street Level 7 EC2N 1HN,Keskuskatu 45  21240
32,66.29,2019-09-30,2019-10-10,2019-10-01,Shipped,,1961 Chevrolet Impala,Classic Cars,1:18,Classic Metal Creations,7869,32.33,80.84,"Toys of Finland, Co.",,Helsinki,Finland,96500,lbott@classicmodelcars.com,Sales Rep,London,+44 20 7877 2041,UK,EMEA,Larry Bott,Matti Karttunen,25 Old Broad Street Level 7 EC2N 1HN,Keskuskatu 45  21240
24,36.21,2019-09-30,2019-10-10,2019-10-01,Shipped,,1982 Ducati 996 R,Motorcycles,1:32,Gearbox Collectibles,9241,24.14,40.23,"Toys of Finland, Co.",,Helsinki,Finland,96500,lbott@classicmodelcars.com,Sales Rep,London,+44 20 7877 2041,UK,EMEA,Larry Bott,Matti Karttunen,25 Old Broad Street Level 7 EC2N 1HN,Keskuskatu 45  21240
38,84.7,2019-09-30,2019-10-10,2019-10-01,Shipped,,1974 Ducati 350 Mk3 Desmo,Motorcycles,1:32,Second Gear Diecast,3341,56.13,102.05,"Toys of Finland, Co.",,Helsinki,Finland,96500,lbott@classicmodelcars.com,Sales Rep,London,+44 20 7877 2041,UK,EMEA,Larry Bott,Matti Karttunen,25 Old Broad Street Level 7 EC2N 1HN,Keskuskatu 45  21240
44,77.29,2019-09-30,2019-10-10,2019-10-01,Shipped,,2002 Yamaha YZR M1,Motorcycles,1:50,Autoart Studio Design,600,34.17,81.36,"Toys of Finland, Co.",,Helsinki,Finland,96500,lbott@classicmodelcars.com,Sales Rep,London,+44 20 7877 2041,UK,EMEA,Larry Bott,Matti Karttunen,25 Old Broad Street Level 7 EC2N 1HN,Keskuskatu 45  21240
33,184.84,2018-10-04,2018-10-13,2018-10-09,Shipped,,1968 Ford Mustang,Classic Cars,1:12,Autoart Studio Design,68,95.34,194.57,"Blauer See Auto, Co.",+49 69 66902555,Frankfurt,Germany,59700,bjones@classicmodelcars.com,Sales Rep,London,+44 20 7877 2041,UK,EMEA,Barry Jones,Roland Keitel,25 Old Broad Street Level 7 EC2N 1HN,Lyonerstr. 34  60528
29,116.27,2018-10-04,2018-10-13,2018-10-09,Shipped,,1968 Dodge Charger,Classic Cars,1:12,Welly Diecast Productions,9123,75.16,117.44,"Blauer See Auto, Co.",+49 69 66902555,Frankfurt,Germany,59700,bjones@classicmodelcars.com,Sales Rep,London,+44 20 7877 2041,UK,EMEA,Barry Jones,Roland Keitel,25 Old Broad Street Level 7 EC2N 1HN,Lyonerstr. 34  60528
22,76.61,2018-10-04,2018-10-13,2018-10-09,Shipped,,1970 Plymouth Hemi Cuda,Classic Cars,1:12,Studio M Art Models,5663,31.92,79.8,"Blauer See Auto, Co.",+49 69 66902555,Frankfurt,Germany,59700,bjones@classicmodelcars.com,Sales Rep,London,+44 20 7877 2041,UK,EMEA,Barry Jones,Roland Keitel,25 Old Broad Street Level 7 EC2N 1HN,Lyonerstr. 34  60528
23,95.58,2018-10-04,2018-10-13,2018-10-09,Shipped,,1969 Dodge Charger,Classic Cars,1:12,Welly Diecast Productions,7323,58.73,115.16,"Blauer See Auto, Co.",+49 69 66902555,Frankfurt,Germany,59700,bjones@classicmodelcars.com,Sales Rep,London,+44 20 7877 2041,UK,EMEA,Barry Jones,Roland Keitel,25 Old Broad Street Level 7 EC2N 1HN,Lyonerstr. 34  60528
41,63.14,2018-10-04,2018-10-13,2018-10-09,Shipped,,1948 Porsche 356-A Roadster,Classic Cars,1:18,Gearbox Collectibles,8826,53.9,77.0,"Blauer See Auto, Co.",+49 69 66902555,Frankfurt,Germany,59700,bjones@classicmodelcars.com,Sales Rep,London,+44 20 7877 2041,UK,EMEA,Barry Jones,Roland Keitel,25 Old Broad Street Level 7 EC2N 1HN,Lyonerstr. 34  60528
49,65.94,2018-10-04,2018-10-13,2018-10-09,Shipped,,1969 Dodge Super Bee,Classic Cars,1:18,Min Lin Diecast,1917,49.05,80.41,"Blauer See Auto, Co.",+49 69 66902555,Frankfurt,Germany,59700,bjones@classicmodelcars.com,Sales Rep,London,+44 20 7877 2041,UK,EMEA,Barry Jones,Roland Keitel,25 Old Broad Street Level 7 EC2N 1HN,Lyonerstr. 34  60528
23,144.05,2018-10-04,2018-10-13,2018-10-09,Shipped,,1976 Ford Gran Torino,Classic Cars,1:18,Gearbox Collectibles,9127,73.49,146.99,"Blauer See Auto, Co.",+49 69 66902555,Frankfurt,Germany,59700,bjones@classicmodelcars.com,Sales Rep,London,+44 20 7877 2041,UK,EMEA,Barry Jones,Roland Keitel,25 Old Broad Street Level 7 EC2N 1HN,Lyonerstr. 34  60528
31,52.05,2018-10-04,2018-10-13,2018-10-09,Shipped,,1971 Alpine Renault 1600s,Classic Cars,1:24,Welly Diecast Productions,7995,38.58,61.23,"Blauer See Auto, Co.",+49 69 66902555,Frankfurt,Germany,59700,bjones@classicmodelcars.com,Sales Rep,London,+44 20 7877 2041,UK,EMEA,Barry Jones,Roland Keitel,25 Old Broad Street Level 7 EC2N 1HN,Lyonerstr. 34  60528
37,114.65,2018-10-05,2018-10-15,2018-10-08,Shipped,,1993 Mazda RX-7,Classic Cars,1:18,Highway 66 Mini Classics,3975,83.51,141.54,"Norway Gifts By Mail, Co.",+47 22 12 15 55,Oslo,Norway,95100,bjones@classicmodelcars.com,Sales Rep,London,+44 20 7877 2041,UK,EMEA,Barry Jones,Jan Klaeboe,25 Old Broad Street Level 7 EC2N 1HN,Drammensveien 126A PB 211 Sentrum N 0106
32,118.22,2018-10-05,2018-10-15,2018-10-08,Shipped,,1965 Aston Martin DB5,Classic Cars,1:18,Classic Metal Creations,9042,65.96,124.44,"Norway Gifts By Mail, Co.",+47 22 12 15 55,Oslo,Norway,95100,bjones@classicmodelcars.com,Sales Rep,London,+44 20 7877 2041,UK,EMEA,Barry Jones,Jan Klaeboe,25 Old Broad Street Level 7 EC2N 1HN,Drammensveien 126A PB 211 Sentrum N 0106
47,119.49,2018-10-05,2018-10-15,2018-10-08,Shipped,,1995 Honda Civic,Classic Cars,1:18,Min Lin Diecast,9772,93.89,142.25,"Norway Gifts By Mail, Co.",+47 22 12 15 55,Oslo,Norway,95100,bjones@classicmodelcars.com,Sales Rep,London,+44 20 7877 2041,UK,EMEA,Barry Jones,Jan Klaeboe,25 Old Broad Street Level 7 EC2N 1HN,Drammensveien 126A PB 211 Sentrum N 0106
22,113.52,2018-10-05,2018-10-15,2018-10-08,Shipped,,1999 Indy 500 Monte Carlo SS,Classic Cars,1:18,Red Start Diecast,8164,56.76,132.0,"Norway Gifts By Mail, Co.",+47 22 12 15 55,Oslo,Norway,95100,bjones@classicmodelcars.com,Sales Rep,London,+44 20 7877 2041,UK,EMEA,Barry Jones,Jan Klaeboe,25 Old Broad Street Level 7 EC2N 1HN,Drammensveien 126A PB 211 Sentrum N 0106
23,135.47,2018-10-05,2018-10-15,2018-10-08,Shipped,,1992 Ferrari 360 Spider red,Classic Cars,1:18,Unimax Art Galleries,8347,77.9,169.34,"Norway Gifts By Mail, Co.",+47 22 12 15 55,Oslo,Norway,95100,bjones@classicmodelcars.com,Sales Rep,London,+44 20 7877 2041,UK,EMEA,Barry Jones,Jan Klaeboe,25 Old Broad Street Level 7 EC2N 1HN,Drammensveien 126A PB 211 Sentrum N 0106
39,137.04,2018-10-05,2018-10-15,2018-10-08,Shipped,,1948 Porsche Type 356 Roadster,Classic Cars,1:18,Gearbox Collectibles,8990,62.16,141.28,"Norway Gifts By Mail, Co.",+47 22 12 15 55,Oslo,Norway,95100,bjones@classicmodelcars.com,Sales Rep,London,+44 20 7877 2041,UK,EMEA,Barry Jones,Jan Klaeboe,25 Old Broad Street Level 7 EC2N 1HN,Drammensveien 126A PB 211 Sentrum N 0106
27,64.67,2018-10-05,2018-10-15,2018-10-08,Shipped,,1970 Chevy Chevelle SS 454,Classic Cars,1:24,Unimax Art Galleries,1005,49.24,73.49,"Norway Gifts By Mail, Co.",+47 22 12 15 55,Oslo,Norway,95100,bjones@classicmodelcars.com,Sales Rep,London,+44 20 7877 2041,UK,EMEA,Barry Jones,Jan Klaeboe,25 Old Broad Street Level 7 EC2N 1HN,Drammensveien 126A PB 211 Sentrum N 0106
22,40.75,2018-10-05,2018-10-15,2018-10-08,Shipped,,1966 Shelby Cobra 427 S/C,Classic Cars,1:24,Carousel DieCast Legends,8197,29.18,50.31,"Norway Gifts By Mail, Co.",+47 22 12 15 55,Oslo,Norway,95100,bjones@classicmodelcars.com,Sales Rep,London,+44 20 7877 2041,UK,EMEA,Barry Jones,Jan Klaeboe,25 Old Broad Street Level 7 EC2N 1HN,Drammensveien 126A PB 211 Sentrum N 0106
48,32.1,2018-10-05,2018-10-15,2018-10-08,Shipped,,1982 Lamborghini Diablo,Classic Cars,1:24,Second Gear Diecast,7723,16.24,37.76,"Norway Gifts By Mail, Co.",+47 22 12 15 55,Oslo,Norway,95100,bjones@classicmodelcars.com,Sales Rep,London,+44 20 7877 2041,UK,EMEA,Barry Jones,Jan Klaeboe,25 Old Broad Street Level 7 EC2N 1HN,Drammensveien 126A PB 211 Sentrum N 0106
22,86.73,2018-10-05,2018-10-15,2018-10-08,Shipped,,2002 Chevy Corvette,Classic Cars,1:24,Gearbox Collectibles,9446,62.11,107.08,"Norway Gifts By Mail, Co.",+47 22 12 15 55,Oslo,Norway,95100,bjones@classicmodelcars.com,Sales Rep,London,+44 20 7877 2041,UK,EMEA,Barry Jones,Jan Klaeboe,25 Old Broad Street Level 7 EC2N 1HN,Drammensveien 126A PB 211 Sentrum N 0106
50,122.17,2018-10-05,2018-10-15,2018-10-08,Shipped,,1956 Porsche 356A Coupe,Classic Cars,1:18,Classic Metal Creations,6600,98.3,140.43,"Norway Gifts By Mail, Co.",+47 22 12 15 55,Oslo,Norway,95100,bjones@classicmodelcars.com,Sales Rep,London,+44 20 7877 2041,UK,EMEA,Barry Jones,Jan Klaeboe,25 Old Broad Street Level 7 EC2N 1HN,Drammensveien 126A PB 211 Sentrum N 0106
43,166.6,2018-10-06,2018-10-16,2018-10-07,Shipped,,1917 Grand Touring Sedan,Vintage Cars,1:18,Welly Diecast Productions,2724,86.7,170.0,"UK Collectables, Ltd.",,Liverpool,UK,92700,lbott@classicmodelcars.com,Sales Rep,London,+44 20 7877 2041,UK,EMEA,Larry Bott,Elizabeth Devon,25 Old Broad Street Level 7 EC2N 1HN,"12, Berkeley Gardens Blvd  WX1 6LT"
38,82.83,2018-10-06,2018-10-16,2018-10-07,Shipped,,1932 Alfa Romeo 8C2300 Spider Sport,Vintage Cars,1:18,Exoto Designs,6553,43.26,92.03,"UK Collectables, Ltd.",,Liverpool,UK,92700,lbott@classicmodelcars.com,Sales Rep,London,+44 20 7877 2041,UK,EMEA,Larry Bott,Elizabeth Devon,25 Old Broad Street Level 7 EC2N 1HN,"12, Berkeley Gardens Blvd  WX1 6LT"
23,70.56,2018-10-06,2018-10-16,2018-10-07,Shipped,,1957 Ford Thunderbird,Classic Cars,1:18,Studio M Art Models,3209,34.21,71.27,"UK Collectables, Ltd.",,Liverpool,UK,92700,lbott@classicmodelcars.com,Sales Rep,London,+44 20 7877 2041,UK,EMEA,Larry Bott,Elizabeth Devon,25 Old Broad Street Level 7 EC2N 1HN,"12, Berkeley Gardens Blvd  WX1 6LT"
49,75.42,2018-10-06,2018-10-16,2018-10-07,Shipped,,1949 Jaguar XK 120,Classic Cars,1:24,Classic Metal Creations,2350,47.25,90.87,"UK Collectables, Ltd.",,Liverpool,UK,92700,lbott@classicmodelcars.com,Sales Rep,London,+44 20 7877 2041,UK,EMEA,Larry Bott,Elizabeth Devon,25 Old Broad Street Level 7 EC2N 1HN,"12, Berkeley Gardens Blvd  WX1 6LT"
45,104.52,2018-10-06,2018-10-16,2018-10-07,Shipped,,1952 Citroen-15CV,Classic Cars,1:24,Exoto Designs,1452,72.82,117.44,"UK Collectables, Ltd.",,Liverpool,UK,92700,lbott@classicmodelcars.com,Sales Rep,London,+44 20 7877 2041,UK,EMEA,Larry Bott,Elizabeth Devon,25 Old Broad Street Level 7 EC2N 1HN,"12, Berkeley Gardens Blvd  WX1 6LT"
48,74.48,2018-10-06,2018-10-16,2018-10-07,Shipped,,1969 Chevrolet Camaro Z28,Classic Cars,1:24,Exoto Designs,4695,50.51,85.61,"UK Collectables, Ltd.",,Liverpool,UK,92700,lbott@classicmodelcars.com,Sales Rep,London,+44 20 7877 2041,UK,EMEA,Larry Bott,Elizabeth Devon,25 Old Broad Street Level 7 EC2N 1HN,"12, Berkeley Gardens Blvd  WX1 6LT"
46,56.91,2019-10-06,2019-10-14,2019-10-09,Shipped,Customer inquired about remote controlled models and gold models.,1911 Ford Town Car,Vintage Cars,1:18,Motor City Art Classics,540,33.3,60.54,"Iberia Gift Imports, Corp.",+34 955 55 82 82,Sevilla,Spain,65700,mgerard@classicmodelcars.com,Sales Rep,Paris,+33 1 47 23 44 04,France,EMEA,Martin Gerard,José Pedro  Roel,43 Rue Jouffroy Dabbans  75017,"C/ Romero, 33  41101"
24,35.7,2019-10-06,2019-10-14,2019-10-09,Shipped,Customer inquired about remote controlled models and gold models.,1936 Mercedes Benz 500k Roadster,Vintage Cars,1:24,Red Start Diecast,2081,21.75,41.03,"Iberia Gift Imports, Corp.",+34 955 55 82 82,Sevilla,Spain,65700,mgerard@classicmodelcars.com,Sales Rep,Paris,+33 1 47 23 44 04,France,EMEA,Martin Gerard,José Pedro  Roel,43 Rue Jouffroy Dabbans  75017,"C/ Romero, 33  41101"
47,201.44,2019-10-11,2019-10-20,2019-10-17,Shipped,,1952 Alpine Renault 1300,Classic Cars,1:10,Classic Metal Creations,7305,98.58,214.3,Auto Associés & Cie.,,Versailles,France,77900,ghernande@classicmodelcars.com,Sales Rep,Paris,+33 1 47 23 44 04,France,EMEA,Gerard Hernandez,Daniel  Tonini,43 Rue Jouffroy Dabbans  75017,"67, avenue de lEurope  78000"
39,117.54,2019-10-11,2019-10-20,2019-10-17,Shipped,,1958 Setra Bus,Trucks and Buses,1:12,Welly Diecast Productions,1579,77.9,136.67,Auto Associés & Cie.,,Versailles,France,77900,ghernande@classicmodelcars.com,Sales Rep,Paris,+33 1 47 23 44 04,France,EMEA,Gerard Hernandez,Daniel  Tonini,43 Rue Jouffroy Dabbans  75017,"67, avenue de lEurope  78000"
46,106.17,2019-10-11,2019-10-20,2019-10-17,Shipped,,1940 Ford Pickup Truck,Trucks and Buses,1:18,Studio M Art Models,2613,58.33,116.67,Auto Associés & Cie.,,Versailles,France,77900,ghernande@classicmodelcars.com,Sales Rep,Paris,+33 1 47 23 44 04,France,EMEA,Gerard Hernandez,Daniel  Tonini,43 Rue Jouffroy Dabbans  75017,"67, avenue de lEurope  78000"
37,95.55,2019-10-11,2019-10-20,2019-10-17,Shipped,,1937 Lincoln Berline,Vintage Cars,1:18,Motor City Art Classics,8693,60.62,102.74,Auto Associés & Cie.,,Versailles,France,77900,ghernande@classicmodelcars.com,Sales Rep,Paris,+33 1 47 23 44 04,France,EMEA,Gerard Hernandez,Daniel  Tonini,43 Rue Jouffroy Dabbans  75017,"67, avenue de lEurope  78000"
37,46.9,2019-10-11,2019-10-20,2019-10-17,Shipped,,1936 Mercedes-Benz 500K Special Roadster,Vintage Cars,1:18,Studio M Art Models,8635,24.26,53.91,Auto Associés & Cie.,,Versailles,France,77900,ghernande@classicmodelcars.com,Sales Rep,Paris,+33 1 47 23 44 04,France,EMEA,Gerard Hernandez,Daniel  Tonini,43 Rue Jouffroy Dabbans  75017,"67, avenue de lEurope  78000"
24,102.98,2019-10-11,2019-10-20,2019-10-17,Shipped,,1932 Model A Ford J-Coupe,Vintage Cars,1:18,Autoart Studio Design,9354,58.48,127.13,Auto Associés & Cie.,,Versailles,France,77900,ghernande@classicmodelcars.com,Sales Rep,Paris,+33 1 47 23 44 04,France,EMEA,Gerard Hernandez,Daniel  Tonini,43 Rue Jouffroy Dabbans  75017,"67, avenue de lEurope  78000"
20,141.75,2019-10-11,2019-10-20,2019-10-17,Shipped,,1928 Mercedes-Benz SSK,Vintage Cars,1:18,Gearbox Collectibles,548,72.56,168.75,Auto Associés & Cie.,,Versailles,France,77900,ghernande@classicmodelcars.com,Sales Rep,Paris,+33 1 47 23 44 04,France,EMEA,Gerard Hernandez,Daniel  Tonini,43 Rue Jouffroy Dabbans  75017,"67, avenue de lEurope  78000"
46,98.27,2019-10-11,2019-10-20,2019-10-17,Shipped,,1913 Ford Model T Speedster,Vintage Cars,1:18,Carousel DieCast Legends,4189,60.78,101.31,Auto Associés & Cie.,,Versailles,France,77900,ghernande@classicmodelcars.com,Sales Rep,Paris,+33 1 47 23 44 04,France,EMEA,Gerard Hernandez,Daniel  Tonini,43 Rue Jouffroy Dabbans  75017,"67, avenue de lEurope  78000"
24,54.34,2019-10-11,2019-10-20,2019-10-17,Shipped,,1934 Ford V8 Coupe,Vintage Cars,1:18,Min Lin Diecast,5649,34.35,62.46,Auto Associés & Cie.,,Versailles,France,77900,ghernande@classicmodelcars.com,Sales Rep,Paris,+33 1 47 23 44 04,France,EMEA,Gerard Hernandez,Daniel  Tonini,43 Rue Jouffroy Dabbans  75017,"67, avenue de lEurope  78000"
26,90.06,2019-10-11,2019-10-20,2019-10-17,Shipped,,18th Century Vintage Horse Carriage,Vintage Cars,1:18,Red Start Diecast,5992,60.74,104.72,Auto Associés & Cie.,,Versailles,France,77900,ghernande@classicmodelcars.com,Sales Rep,Paris,+33 1 47 23 44 04,France,EMEA,Gerard Hernandez,Daniel  Tonini,43 Rue Jouffroy Dabbans  75017,"67, avenue de lEurope  78000"
38,95.24,2019-10-11,2019-10-20,2019-10-17,Shipped,,1917 Maxwell Touring Car,Vintage Cars,1:18,Exoto Designs,7913,57.54,99.21,Auto Associés & Cie.,,Versailles,France,77900,ghernande@classicmodelcars.com,Sales Rep,Paris,+33 1 47 23 44 04,France,EMEA,Gerard Hernandez,Daniel  Tonini,43 Rue Jouffroy Dabbans  75017,"67, avenue de lEurope  78000"
34,44.27,2019-10-11,2019-10-20,2019-10-17,Shipped,,1939 Cadillac Limousine,Vintage Cars,1:18,Studio M Art Models,6645,23.14,50.31,Auto Associés & Cie.,,Versailles,France,77900,ghernande@classicmodelcars.com,Sales Rep,Paris,+33 1 47 23 44 04,France,EMEA,Gerard Hernandez,Daniel  Tonini,43 Rue Jouffroy Dabbans  75017,"67, avenue de lEurope  78000"
23,29.21,2019-10-11,2019-10-20,2019-10-17,Shipped,,1939 Chevrolet Deluxe Coupe,Vintage Cars,1:24,Motor City Art Classics,7332,22.57,33.19,Auto Associés & Cie.,,Versailles,France,77900,ghernande@classicmodelcars.com,Sales Rep,Paris,+33 1 47 23 44 04,France,EMEA,Gerard Hernandez,Daniel  Tonini,43 Rue Jouffroy Dabbans  75017,"67, avenue de lEurope  78000"
44,42.11,2019-10-11,2019-10-20,2019-10-17,Shipped,,1938 Cadillac V-16 Presidential Limousine,Vintage Cars,1:24,Classic Metal Creations,2847,20.61,44.8,Auto Associés & Cie.,,Versailles,France,77900,ghernande@classicmodelcars.com,Sales Rep,Paris,+33 1 47 23 44 04,France,EMEA,Gerard Hernandez,Daniel  Tonini,43 Rue Jouffroy Dabbans  75017,"67, avenue de lEurope  78000"
33,80.83,2019-10-11,2019-10-20,2019-10-17,Shipped,,1936 Chrysler Airflow,Vintage Cars,1:24,Second Gear Diecast,4710,57.46,97.39,Auto Associés & Cie.,,Versailles,France,77900,ghernande@classicmodelcars.com,Sales Rep,Paris,+33 1 47 23 44 04,France,EMEA,Gerard Hernandez,Daniel  Tonini,43 Rue Jouffroy Dabbans  75017,"67, avenue de lEurope  78000"
36,52.36,2019-10-11,2019-10-20,2019-10-17,Shipped,,1996 Peterbilt 379 Stake Bed with Outrigger,Trucks and Buses,1:32,Red Start Diecast,814,33.61,64.64,Auto Associés & Cie.,,Versailles,France,77900,ghernande@classicmodelcars.com,Sales Rep,Paris,+33 1 47 23 44 04,France,EMEA,Gerard Hernandez,Daniel  Tonini,43 Rue Jouffroy Dabbans  75017,"67, avenue de lEurope  78000"
40,80.92,2019-10-11,2019-10-20,2019-10-17,Shipped,,1982 Camaro Z28,Classic Cars,1:18,Carousel DieCast Legends,6934,46.53,101.15,Auto Associés & Cie.,,Versailles,France,77900,ghernande@classicmodelcars.com,Sales Rep,Paris,+33 1 47 23 44 04,France,EMEA,Gerard Hernandez,Daniel  Tonini,43 Rue Jouffroy Dabbans  75017,"67, avenue de lEurope  78000"
38,130.01,2019-10-13,2019-10-22,2019-10-15,Shipped,Check on availability.,1962 LanciaA Delta 16V,Classic Cars,1:10,Second Gear Diecast,6791,103.42,147.74,Martas Replicas Co.,+1 617-555-8555,Cambridge,USA,123700,spatterson@classicmodelcars.com,Sales Rep,Boston,+1 215-837-0825,USA,,Steve Patterson,Marta Hernandez,1550 Court Place Suite 102 02107,39323 Spinnaker Dr.  51247
38,107.84,2019-10-13,2019-10-22,2019-10-15,Shipped,Check on availability.,1957 Chevy Pickup,Trucks and Buses,1:12,Exoto Designs,6125,55.7,118.5,Martas Replicas Co.,+1 617-555-8555,Cambridge,USA,123700,spatterson@classicmodelcars.com,Sales Rep,Boston,+1 215-837-0825,USA,,Steve Patterson,Marta Hernandez,1550 Court Place Suite 102 02107,39323 Spinnaker Dr.  51247
27,132.62,2019-10-13,2019-10-22,2019-10-15,Shipped,Check on availability.,1998 Chrysler Plymouth Prowler,Classic Cars,1:18,Gearbox Collectibles,4724,101.51,163.73,Martas Replicas Co.,+1 617-555-8555,Cambridge,USA,123700,spatterson@classicmodelcars.com,Sales Rep,Boston,+1 215-837-0825,USA,,Steve Patterson,Marta Hernandez,1550 Court Place Suite 102 02107,39323 Spinnaker Dr.  51247
36,117.82,2019-10-13,2019-10-22,2019-10-15,Shipped,Check on availability.,1964 Mercedes Tour Bus,Trucks and Buses,1:18,Unimax Art Galleries,8258,74.86,122.73,Martas Replicas Co.,+1 617-555-8555,Cambridge,USA,123700,spatterson@classicmodelcars.com,Sales Rep,Boston,+1 215-837-0825,USA,,Steve Patterson,Marta Hernandez,1550 Court Place Suite 102 02107,39323 Spinnaker Dr.  51247
41,58.95,2019-10-13,2019-10-22,2019-10-15,Shipped,Check on availability.,1926 Ford Fire Engine,Trucks and Buses,1:18,Carousel DieCast Legends,2019,24.92,60.77,Martas Replicas Co.,+1 617-555-8555,Cambridge,USA,123700,spatterson@classicmodelcars.com,Sales Rep,Boston,+1 215-837-0825,USA,,Steve Patterson,Marta Hernandez,1550 Court Place Suite 102 02107,39323 Spinnaker Dr.  51247
37,160.87,2019-10-13,2019-10-22,2019-10-15,Shipped,Check on availability.,1992 Ferrari 360 Spider red,Classic Cars,1:18,Unimax Art Galleries,8347,77.9,169.34,Martas Replicas Co.,+1 617-555-8555,Cambridge,USA,123700,spatterson@classicmodelcars.com,Sales Rep,Boston,+1 215-837-0825,USA,,Steve Patterson,Marta Hernandez,1550 Court Place Suite 102 02107,39323 Spinnaker Dr.  51247
22,112.6,2019-10-13,2019-10-22,2019-10-15,Shipped,Check on availability.,1940s Ford truck,Trucks and Buses,1:18,Motor City Art Classics,3128,84.76,121.08,Martas Replicas Co.,+1 617-555-8555,Cambridge,USA,123700,spatterson@classicmodelcars.com,Sales Rep,Boston,+1 215-837-0825,USA,,Steve Patterson,Marta Hernandez,1550 Court Place Suite 102 02107,39323 Spinnaker Dr.  51247
45,48.55,2019-10-13,2019-10-22,2019-10-15,Shipped,Check on availability.,1970 Dodge Coronet,Classic Cars,1:24,Highway 66 Mini Classics,4074,32.37,57.8,Martas Replicas Co.,+1 617-555-8555,Cambridge,USA,123700,spatterson@classicmodelcars.com,Sales Rep,Boston,+1 215-837-0825,USA,,Steve Patterson,Marta Hernandez,1550 Court Place Suite 102 02107,39323 Spinnaker Dr.  51247
24,107.34,2019-10-13,2019-10-22,2019-10-15,Shipped,Check on availability.,1962 Volkswagen Microbus,Trucks and Buses,1:24,Autoart Studio Design,2327,61.34,127.79,Martas Replicas Co.,+1 617-555-8555,Cambridge,USA,123700,spatterson@classicmodelcars.com,Sales Rep,Boston,+1 215-837-0825,USA,,Steve Patterson,Marta Hernandez,1550 Court Place Suite 102 02107,39323 Spinnaker Dr.  51247
48,30.76,2019-10-13,2019-10-22,2019-10-15,Shipped,Check on availability.,1958 Chevy Corvette Limited Edition,Classic Cars,1:24,Carousel DieCast Legends,2542,15.91,35.36,Martas Replicas Co.,+1 617-555-8555,Cambridge,USA,123700,spatterson@classicmodelcars.com,Sales Rep,Boston,+1 215-837-0825,USA,,Steve Patterson,Marta Hernandez,1550 Court Place Suite 102 02107,39323 Spinnaker Dr.  51247
36,118.28,2019-10-13,2019-10-22,2019-10-15,Shipped,Check on availability.,1992 Porsche Cayenne Turbo Silver,Classic Cars,1:24,Exoto Designs,6582,69.78,118.28,Martas Replicas Co.,+1 617-555-8555,Cambridge,USA,123700,spatterson@classicmodelcars.com,Sales Rep,Boston,+1 215-837-0825,USA,,Steve Patterson,Marta Hernandez,1550 Court Place Suite 102 02107,39323 Spinnaker Dr.  51247
28,94.38,2019-10-13,2019-10-22,2019-10-15,Shipped,Check on availability.,1980’s GM Manhattan Express,Trucks and Buses,1:32,Motor City Art Classics,5099,53.93,96.31,Martas Replicas Co.,+1 617-555-8555,Cambridge,USA,123700,spatterson@classicmodelcars.com,Sales Rep,Boston,+1 215-837-0825,USA,,Steve Patterson,Marta Hernandez,1550 Court Place Suite 102 02107,39323 Spinnaker Dr.  51247
40,48.7,2019-10-13,2019-10-22,2019-10-15,Shipped,Check on availability.,1954 Greyhound Scenicruiser,Trucks and Buses,1:32,Classic Metal Creations,2874,25.98,54.11,Martas Replicas Co.,+1 617-555-8555,Cambridge,USA,123700,spatterson@classicmodelcars.com,Sales Rep,Boston,+1 215-837-0825,USA,,Steve Patterson,Marta Hernandez,1550 Court Place Suite 102 02107,39323 Spinnaker Dr.  51247
42,109.96,2019-10-13,2019-10-22,2019-10-15,Shipped,Check on availability.,Diamond T620 Semi-Skirted Tanker,Trucks and Buses,1:50,Highway 66 Mini Classics,1016,68.29,115.75,Martas Replicas Co.,+1 617-555-8555,Cambridge,USA,123700,spatterson@classicmodelcars.com,Sales Rep,Boston,+1 215-837-0825,USA,,Steve Patterson,Marta Hernandez,1550 Court Place Suite 102 02107,39323 Spinnaker Dr.  51247
31,182.86,2019-10-14,2019-10-21,2019-10-17,Shipped,,2001 Ferrari Enzo,Classic Cars,1:12,Second Gear Diecast,3619,95.59,207.8,"AV Stores, Co.",,Manchester,UK,136800,lbott@classicmodelcars.com,Sales Rep,London,+44 20 7877 2041,UK,EMEA,Larry Bott,Rachel Ashworth,25 Old Broad Street Level 7 EC2N 1HN,Fauntleroy Circus  EC2 5NT
34,145.04,2019-10-14,2019-10-21,2019-10-17,Shipped,,1969 Corvair Monza,Classic Cars,1:18,Welly Diecast Productions,6906,89.14,151.08,"AV Stores, Co.",,Manchester,UK,136800,lbott@classicmodelcars.com,Sales Rep,London,+44 20 7877 2041,UK,EMEA,Larry Bott,Rachel Ashworth,25 Old Broad Street Level 7 EC2N 1HN,Fauntleroy Circus  EC2 5NT
20,145.34,2019-10-14,2019-10-21,2019-10-17,Shipped,,1969 Ford Falcon,Classic Cars,1:12,Second Gear Diecast,1049,83.05,173.02,"AV Stores, Co.",,Manchester,UK,136800,lbott@classicmodelcars.com,Sales Rep,London,+44 20 7877 2041,UK,EMEA,Larry Bott,Rachel Ashworth,25 Old Broad Street Level 7 EC2N 1HN,Fauntleroy Circus  EC2 5NT
32,114.74,2019-10-14,2019-10-21,2019-10-17,Shipped,,1903 Ford Model A,Vintage Cars,1:18,Unimax Art Galleries,3913,68.3,136.59,"AV Stores, Co.",,Manchester,UK,136800,lbott@classicmodelcars.com,Sales Rep,London,+44 20 7877 2041,UK,EMEA,Larry Bott,Rachel Ashworth,25 Old Broad Street Level 7 EC2N 1HN,Fauntleroy Circus  EC2 5NT
40,83.7,2019-10-14,2019-10-21,2019-10-17,Shipped,,Collectable Wooden Train,Trains,1:18,Carousel DieCast Legends,6450,67.56,100.84,"AV Stores, Co.",,Manchester,UK,136800,lbott@classicmodelcars.com,Sales Rep,London,+44 20 7877 2041,UK,EMEA,Larry Bott,Rachel Ashworth,25 Old Broad Street Level 7 EC2N 1HN,Fauntleroy Circus  EC2 5NT
23,126.39,2019-10-14,2019-10-21,2019-10-17,Shipped,,1970 Triumph Spitfire,Classic Cars,1:18,Min Lin Diecast,5545,91.92,143.62,"AV Stores, Co.",,Manchester,UK,136800,lbott@classicmodelcars.com,Sales Rep,London,+44 20 7877 2041,UK,EMEA,Larry Bott,Rachel Ashworth,25 Old Broad Street Level 7 EC2N 1HN,Fauntleroy Circus  EC2 5NT
39,85.14,2019-10-14,2019-10-21,2019-10-17,Shipped,,1904 Buick Runabout,Vintage Cars,1:18,Exoto Designs,8290,52.66,87.77,"AV Stores, Co.",,Manchester,UK,136800,lbott@classicmodelcars.com,Sales Rep,London,+44 20 7877 2041,UK,EMEA,Larry Bott,Rachel Ashworth,25 Old Broad Street Level 7 EC2N 1HN,Fauntleroy Circus  EC2 5NT
29,109.37,2019-10-14,2019-10-21,2019-10-17,Shipped,,18th century schooner,Ships,1:24,Carousel DieCast Legends,1898,82.34,122.89,"AV Stores, Co.",,Manchester,UK,136800,lbott@classicmodelcars.com,Sales Rep,London,+44 20 7877 2041,UK,EMEA,Larry Bott,Rachel Ashworth,25 Old Broad Street Level 7 EC2N 1HN,Fauntleroy Circus  EC2 5NT
31,76.12,2019-10-14,2019-10-21,2019-10-17,Shipped,,1912 Ford Model T Delivery Wagon,Vintage Cars,1:24,Min Lin Diecast,9173,46.91,88.51,"AV Stores, Co.",,Manchester,UK,136800,lbott@classicmodelcars.com,Sales Rep,London,+44 20 7877 2041,UK,EMEA,Larry Bott,Rachel Ashworth,25 Old Broad Street Level 7 EC2N 1HN,Fauntleroy Circus  EC2 5NT
46,60.28,2019-10-14,2019-10-21,2019-10-17,Shipped,,1950s Chicago Surface Lines Streetcar,Trains,1:32,Gearbox Collectibles,8601,26.72,62.14,"AV Stores, Co.",,Manchester,UK,136800,lbott@classicmodelcars.com,Sales Rep,London,+44 20 7877 2041,UK,EMEA,Larry Bott,Rachel Ashworth,25 Old Broad Street Level 7 EC2N 1HN,Fauntleroy Circus  EC2 5NT
34,51.55,2019-10-14,2019-10-21,2019-10-17,Shipped,,1962 City of Detroit Streetcar,Trains,1:50,Classic Metal Creations,1645,37.49,58.58,"AV Stores, Co.",,Manchester,UK,136800,lbott@classicmodelcars.com,Sales Rep,London,+44 20 7877 2041,UK,EMEA,Larry Bott,Rachel Ashworth,25 Old Broad Street Level 7 EC2N 1HN,Fauntleroy Circus  EC2 5NT
50,61.34,2019-10-14,2019-10-21,2019-10-17,Shipped,,The Schooner Bluenose,Ships,1:700,Autoart Studio Design,1897,34.0,66.67,"AV Stores, Co.",,Manchester,UK,136800,lbott@classicmodelcars.com,Sales Rep,London,+44 20 7877 2041,UK,EMEA,Larry Bott,Rachel Ashworth,25 Old Broad Street Level 7 EC2N 1HN,Fauntleroy Circus  EC2 5NT
38,73.62,2019-10-14,2019-10-21,2019-10-17,Shipped,,The Mayflower,Ships,1:700,Studio M Art Models,737,43.3,86.61,"AV Stores, Co.",,Manchester,UK,136800,lbott@classicmodelcars.com,Sales Rep,London,+44 20 7877 2041,UK,EMEA,Larry Bott,Rachel Ashworth,25 Old Broad Street Level 7 EC2N 1HN,Fauntleroy Circus  EC2 5NT
43,62.16,2019-10-14,2019-10-21,2019-10-17,Shipped,,The USS Constitution Ship,Ships,1:700,Red Start Diecast,7083,33.97,72.28,"AV Stores, Co.",,Manchester,UK,136800,lbott@classicmodelcars.com,Sales Rep,London,+44 20 7877 2041,UK,EMEA,Larry Bott,Rachel Ashworth,25 Old Broad Street Level 7 EC2N 1HN,Fauntleroy Circus  EC2 5NT
32,99.17,2019-10-14,2019-10-21,2019-10-17,Shipped,,The Titanic,Ships,1:700,Carousel DieCast Legends,1956,51.09,100.17,"AV Stores, Co.",,Manchester,UK,136800,lbott@classicmodelcars.com,Sales Rep,London,+44 20 7877 2041,UK,EMEA,Larry Bott,Rachel Ashworth,25 Old Broad Street Level 7 EC2N 1HN,Fauntleroy Circus  EC2 5NT
30,87.39,2019-10-14,2019-10-21,2019-10-17,Shipped,,The Queen Mary,Ships,1:700,Welly Diecast Productions,5088,53.63,99.31,"AV Stores, Co.",,Manchester,UK,136800,lbott@classicmodelcars.com,Sales Rep,London,+44 20 7877 2041,UK,EMEA,Larry Bott,Rachel Ashworth,25 Old Broad Street Level 7 EC2N 1HN,Fauntleroy Circus  EC2 5NT
35,48.05,2019-10-14,2019-10-21,2019-10-17,Shipped,,Pont Yacht,Ships,1:72,Unimax Art Galleries,414,33.3,54.6,"AV Stores, Co.",,Manchester,UK,136800,lbott@classicmodelcars.com,Sales Rep,London,+44 20 7877 2041,UK,EMEA,Larry Bott,Rachel Ashworth,25 Old Broad Street Level 7 EC2N 1HN,Fauntleroy Circus  EC2 5NT
22,118.32,2019-10-14,2019-10-23,2019-10-20,Shipped,,1972 Alfa Romeo GTA,Classic Cars,1:10,Motor City Art Classics,3252,85.68,136.0,"Classic Gift Ideas, Inc",+1 215-555-4695,Philadelphia,USA,81100,jfirrelli@classicmodelcars.com,Sales Rep,Boston,+1 215-837-0825,USA,,Julie Firrelli,Francisca Cervantes,1550 Court Place Suite 102 02107,782 First Street  71270
39,135.61,2019-10-14,2019-10-23,2019-10-20,Shipped,,1980s Black Hawk Helicopter,Planes,1:18,Red Start Diecast,5330,77.27,157.69,"Classic Gift Ideas, Inc",+1 215-555-4695,Philadelphia,USA,81100,jfirrelli@classicmodelcars.com,Sales Rep,Boston,+1 215-837-0825,USA,,Julie Firrelli,Francisca Cervantes,1550 Court Place Suite 102 02107,782 First Street  71270
31,71.4,2019-10-14,2019-10-23,2019-10-20,Shipped,,1999 Yamaha Speed Boat,Ships,1:18,Min Lin Diecast,4259,51.61,86.02,"Classic Gift Ideas, Inc",+1 215-555-4695,Philadelphia,USA,81100,jfirrelli@classicmodelcars.com,Sales Rep,Boston,+1 215-837-0825,USA,,Julie Firrelli,Francisca Cervantes,1550 Court Place Suite 102 02107,782 First Street  71270
48,92.11,2019-10-14,2019-10-23,2019-10-20,Shipped,,1941 Chevrolet Special Deluxe Cabriolet,Vintage Cars,1:18,Exoto Designs,2378,64.58,105.87,"Classic Gift Ideas, Inc",+1 215-555-4695,Philadelphia,USA,81100,jfirrelli@classicmodelcars.com,Sales Rep,Boston,+1 215-837-0825,USA,,Julie Firrelli,Francisca Cervantes,1550 Court Place Suite 102 02107,782 First Street  71270
25,58.23,2019-10-14,2019-10-23,2019-10-20,Shipped,,1900s Vintage Bi-Plane,Planes,1:24,Autoart Studio Design,5942,34.25,68.51,"Classic Gift Ideas, Inc",+1 215-555-4695,Philadelphia,USA,81100,jfirrelli@classicmodelcars.com,Sales Rep,Boston,+1 215-837-0825,USA,,Julie Firrelli,Francisca Cervantes,1550 Court Place Suite 102 02107,782 First Street  71270
22,64.44,2019-10-14,2019-10-23,2019-10-20,Shipped,,1937 Horch 930V Limousine,Vintage Cars,1:24,Autoart Studio Design,2902,26.3,65.75,"Classic Gift Ideas, Inc",+1 215-555-4695,Philadelphia,USA,81100,jfirrelli@classicmodelcars.com,Sales Rep,Boston,+1 215-837-0825,USA,,Julie Firrelli,Francisca Cervantes,1550 Court Place Suite 102 02107,782 First Street  71270
22,75.47,2019-10-14,2019-10-23,2019-10-20,Shipped,,1940 Ford Delivery Sedan,Vintage Cars,1:24,Carousel DieCast Legends,6621,48.64,83.86,"Classic Gift Ideas, Inc",+1 215-555-4695,Philadelphia,USA,81100,jfirrelli@classicmodelcars.com,Sales Rep,Boston,+1 215-837-0825,USA,,Julie Firrelli,Francisca Cervantes,1550 Court Place Suite 102 02107,782 First Street  71270
34,81.47,2019-10-14,2019-10-23,2019-10-20,Shipped,,HMS Bounty,Ships,1:700,Unimax Art Galleries,3501,39.83,90.52,"Classic Gift Ideas, Inc",+1 215-555-4695,Philadelphia,USA,81100,jfirrelli@classicmodelcars.com,Sales Rep,Boston,+1 215-837-0825,USA,,Julie Firrelli,Francisca Cervantes,1550 Court Place Suite 102 02107,782 First Street  71270
34,44.2,2019-10-14,2019-10-23,2019-10-20,Shipped,,Boeing X-32A JSF,Planes,1:72,Motor City Art Classics,4857,32.77,49.66,"Classic Gift Ideas, Inc",+1 215-555-4695,Philadelphia,USA,81100,jfirrelli@classicmodelcars.com,Sales Rep,Boston,+1 215-837-0825,USA,,Julie Firrelli,Francisca Cervantes,1550 Court Place Suite 102 02107,782 First Street  71270
34,115.37,2019-10-15,2019-10-24,2019-10-20,Shipped,Customer requested that FedEx Ground is used for this shipping,1996 Moto Guzzi 1100i,Motorcycles,1:10,Highway 66 Mini Classics,6625,68.99,118.94,Mini Classics,+1 914-555-4562,White Plains,USA,102700,gvanauf@classicmodelcars.com,Sales Rep,NYC,+1 212-555-3000,USA,,George Vanauf,Steve Frick,523 East 53rd Street apt. 5A 10022,3758 North Pendale Street  24067
20,187.85,2019-10-15,2019-10-24,2019-10-20,Shipped,Customer requested that FedEx Ground is used for this shipping,2003 Harley-Davidson Eagle Drag Bike,Motorcycles,1:10,Red Start Diecast,5582,91.02,193.66,Mini Classics,+1 914-555-4562,White Plains,USA,102700,gvanauf@classicmodelcars.com,Sales Rep,NYC,+1 212-555-3000,USA,,George Vanauf,Steve Frick,523 East 53rd Street apt. 5A 10022,3758 North Pendale Street  24067
27,81.95,2019-10-15,2019-10-24,2019-10-20,Shipped,Customer requested that FedEx Ground is used for this shipping,P-51-D Mustang,Planes,1:72,Gearbox Collectibles,992,49.0,84.48,Mini Classics,+1 914-555-4562,White Plains,USA,102700,gvanauf@classicmodelcars.com,Sales Rep,NYC,+1 212-555-3000,USA,,George Vanauf,Steve Frick,523 East 53rd Street apt. 5A 10022,3758 North Pendale Street  24067
34,48.46,2019-10-15,2019-10-24,2019-10-20,Shipped,Customer requested that FedEx Ground is used for this shipping,1936 Harley Davidson El Knucklehead,Motorcycles,1:18,Welly Diecast Productions,4357,24.23,60.57,Mini Classics,+1 914-555-4562,White Plains,USA,102700,gvanauf@classicmodelcars.com,Sales Rep,NYC,+1 212-555-3000,USA,,George Vanauf,Steve Frick,523 East 53rd Street apt. 5A 10022,3758 North Pendale Street  24067
31,99.57,2019-10-15,2019-10-24,2019-10-20,Shipped,Customer requested that FedEx Ground is used for this shipping,1928 British Royal Navy Airplane,Planes,1:24,Classic Metal Creations,3627,66.74,109.42,Mini Classics,+1 914-555-4562,White Plains,USA,102700,gvanauf@classicmodelcars.com,Sales Rep,NYC,+1 212-555-3000,USA,,George Vanauf,Steve Frick,523 East 53rd Street apt. 5A 10022,3758 North Pendale Street  24067
47,68.55,2019-10-15,2019-10-24,2019-10-20,Shipped,Customer requested that FedEx Ground is used for this shipping,1960 BSA Gold Star DBD34,Motorcycles,1:24,Highway 66 Mini Classics,15,37.32,76.17,Mini Classics,+1 914-555-4562,White Plains,USA,102700,gvanauf@classicmodelcars.com,Sales Rep,NYC,+1 212-555-3000,USA,,George Vanauf,Steve Frick,523 East 53rd Street apt. 5A 10022,3758 North Pendale Street  24067
43,58.0,2019-10-15,2019-10-24,2019-10-20,Shipped,Customer requested that FedEx Ground is used for this shipping,Corsair F4U ( Bird Cage),Planes,1:24,Second Gear Diecast,6812,29.34,68.24,Mini Classics,+1 914-555-4562,White Plains,USA,102700,gvanauf@classicmodelcars.com,Sales Rep,NYC,+1 212-555-3000,USA,,George Vanauf,Steve Frick,523 East 53rd Street apt. 5A 10022,3758 North Pendale Street  24067
44,71.73,2019-10-15,2019-10-24,2019-10-20,Shipped,Customer requested that FedEx Ground is used for this shipping,1900s Vintage Tri-Plane,Planes,1:24,Unimax Art Galleries,2756,36.23,72.45,Mini Classics,+1 914-555-4562,White Plains,USA,102700,gvanauf@classicmodelcars.com,Sales Rep,NYC,+1 212-555-3000,USA,,George Vanauf,Steve Frick,523 East 53rd Street apt. 5A 10022,3758 North Pendale Street  24067
24,99.89,2019-10-15,2019-10-24,2019-10-20,Shipped,Customer requested that FedEx Ground is used for this shipping,1997 BMW F650 ST,Motorcycles,1:32,Exoto Designs,178,66.92,99.89,Mini Classics,+1 914-555-4562,White Plains,USA,102700,gvanauf@classicmodelcars.com,Sales Rep,NYC,+1 212-555-3000,USA,,George Vanauf,Steve Frick,523 East 53rd Street apt. 5A 10022,3758 North Pendale Street  24067
46,61.22,2019-10-15,2019-10-24,2019-10-20,Shipped,Customer requested that FedEx Ground is used for this shipping,1928 Ford Phaeton Deluxe,Vintage Cars,1:32,Highway 66 Mini Classics,136,33.02,68.79,Mini Classics,+1 914-555-4562,White Plains,USA,102700,gvanauf@classicmodelcars.com,Sales Rep,NYC,+1 212-555-3000,USA,,George Vanauf,Steve Frick,523 East 53rd Street apt. 5A 10022,3758 North Pendale Street  24067
47,37.09,2019-10-15,2019-10-24,2019-10-20,Shipped,Customer requested that FedEx Ground is used for this shipping,1930 Buick Marquette Phaeton,Vintage Cars,1:50,Studio M Art Models,7062,27.06,43.64,Mini Classics,+1 914-555-4562,White Plains,USA,102700,gvanauf@classicmodelcars.com,Sales Rep,NYC,+1 212-555-3000,USA,,George Vanauf,Steve Frick,523 East 53rd Street apt. 5A 10022,3758 North Pendale Street  24067
21,73.07,2019-10-15,2019-10-24,2019-10-20,Shipped,Customer requested that FedEx Ground is used for this shipping,American Airlines: B767-300,Planes,1:700,Min Lin Diecast,5841,51.15,91.34,Mini Classics,+1 914-555-4562,White Plains,USA,102700,gvanauf@classicmodelcars.com,Sales Rep,NYC,+1 212-555-3000,USA,,George Vanauf,Steve Frick,523 East 53rd Street apt. 5A 10022,3758 North Pendale Street  24067
35,88.75,2019-10-15,2019-10-24,2019-10-20,Shipped,Customer requested that FedEx Ground is used for this shipping,America West Airlines B757-200,Planes,1:700,Motor City Art Classics,9653,68.8,99.72,Mini Classics,+1 914-555-4562,White Plains,USA,102700,gvanauf@classicmodelcars.com,Sales Rep,NYC,+1 212-555-3000,USA,,George Vanauf,Steve Frick,523 East 53rd Street apt. 5A 10022,3758 North Pendale Street  24067
31,100.85,2019-10-15,2019-10-24,2019-10-20,Shipped,Customer requested that FedEx Ground is used for this shipping,ATA: B757-300,Planes,1:700,Highway 66 Mini Classics,7106,59.33,118.65,Mini Classics,+1 914-555-4562,White Plains,USA,102700,gvanauf@classicmodelcars.com,Sales Rep,NYC,+1 212-555-3000,USA,,George Vanauf,Steve Frick,523 East 53rd Street apt. 5A 10022,3758 North Pendale Street  24067
21,79.2,2019-10-15,2019-10-24,2019-10-20,Shipped,Customer requested that FedEx Ground is used for this shipping,F/A 18 Hornet 1/72,Planes,1:72,Motor City Art Classics,551,54.4,80.0,Mini Classics,+1 914-555-4562,White Plains,USA,102700,gvanauf@classicmodelcars.com,Sales Rep,NYC,+1 212-555-3000,USA,,George Vanauf,Steve Frick,523 East 53rd Street apt. 5A 10022,3758 North Pendale Street  24067
39,62.93,2019-10-15,2019-10-24,2019-10-20,Shipped,Customer requested that FedEx Ground is used for this shipping,American Airlines: MD-11S,Planes,1:700,Second Gear Diecast,8820,36.27,74.03,Mini Classics,+1 914-555-4562,White Plains,USA,102700,gvanauf@classicmodelcars.com,Sales Rep,NYC,+1 212-555-3000,USA,,George Vanauf,Steve Frick,523 East 53rd Street apt. 5A 10022,3758 North Pendale Street  24067
41,94.74,2019-10-15,2019-10-24,2019-10-18,Shipped,,1969 Harley Davidson Ultimate Chopper,Motorcycles,1:10,Min Lin Diecast,7933,48.81,95.7,Baane Mini Imports,,Stavern,Norway,81700,bjones@classicmodelcars.com,Sales Rep,London,+44 20 7877 2041,UK,EMEA,Barry Jones,Jonas  Bergulfsen,25 Old Broad Street Level 7 EC2N 1HN,Erling Skakkes gate 78  4110
26,144.6,2019-10-15,2019-10-24,2019-10-18,Shipped,,2002 Suzuki XREO,Motorcycles,1:12,Unimax Art Galleries,9997,66.27,150.62,Baane Mini Imports,,Stavern,Norway,81700,bjones@classicmodelcars.com,Sales Rep,London,+44 20 7877 2041,UK,EMEA,Barry Jones,Jonas  Bergulfsen,25 Old Broad Street Level 7 EC2N 1HN,Erling Skakkes gate 78  4110
21,96.92,2019-10-15,2019-10-24,2019-10-18,Shipped,,1997 BMW R 1100 S,Motorcycles,1:24,Autoart Studio Design,7003,60.86,112.7,Baane Mini Imports,,Stavern,Norway,81700,bjones@classicmodelcars.com,Sales Rep,London,+44 20 7877 2041,UK,EMEA,Barry Jones,Jonas  Bergulfsen,25 Old Broad Street Level 7 EC2N 1HN,Erling Skakkes gate 78  4110
24,59.56,2019-10-15,2019-10-24,2019-10-18,Shipped,,1982 Ducati 900 Monster,Motorcycles,1:24,Highway 66 Mini Classics,6840,47.1,69.26,Baane Mini Imports,,Stavern,Norway,81700,bjones@classicmodelcars.com,Sales Rep,London,+44 20 7877 2041,UK,EMEA,Barry Jones,Jonas  Bergulfsen,25 Old Broad Street Level 7 EC2N 1HN,Erling Skakkes gate 78  4110
50,93.89,2019-10-15,2019-10-24,2019-10-18,Shipped,,1974 Ducati 350 Mk3 Desmo,Motorcycles,1:32,Second Gear Diecast,3341,56.13,102.05,Baane Mini Imports,,Stavern,Norway,81700,bjones@classicmodelcars.com,Sales Rep,London,+44 20 7877 2041,UK,EMEA,Barry Jones,Jonas  Bergulfsen,25 Old Broad Street Level 7 EC2N 1HN,Erling Skakkes gate 78  4110
28,74.04,2019-10-15,2019-10-24,2019-10-18,Shipped,,2002 Yamaha YZR M1,Motorcycles,1:50,Autoart Studio Design,600,34.17,81.36,Baane Mini Imports,,Stavern,Norway,81700,bjones@classicmodelcars.com,Sales Rep,London,+44 20 7877 2041,UK,EMEA,Barry Jones,Jonas  Bergulfsen,25 Old Broad Street Level 7 EC2N 1HN,Erling Skakkes gate 78  4110
33,165.38,2019-10-16,2019-10-24,2019-10-18,Shipped,,1968 Ford Mustang,Classic Cars,1:12,Autoart Studio Design,68,95.34,194.57,"Toms Spezialitäten, Ltd",+49 221 5554327,Köln,Germany,120400,bjones@classicmodelcars.com,Sales Rep,London,+44 20 7877 2041,UK,EMEA,Barry Jones,Henriette  Pfalzheim,25 Old Broad Street Level 7 EC2N 1HN,Mehrheimerstr. 369  50739
24,105.7,2019-10-16,2019-10-24,2019-10-18,Shipped,,1968 Dodge Charger,Classic Cars,1:12,Welly Diecast Productions,9123,75.16,117.44,"Toms Spezialitäten, Ltd",+49 221 5554327,Köln,Germany,120400,bjones@classicmodelcars.com,Sales Rep,London,+44 20 7877 2041,UK,EMEA,Barry Jones,Henriette  Pfalzheim,25 Old Broad Street Level 7 EC2N 1HN,Mehrheimerstr. 369  50739
49,77.41,2019-10-16,2019-10-24,2019-10-18,Shipped,,1970 Plymouth Hemi Cuda,Classic Cars,1:12,Studio M Art Models,5663,31.92,79.8,"Toms Spezialitäten, Ltd",+49 221 5554327,Köln,Germany,120400,bjones@classicmodelcars.com,Sales Rep,London,+44 20 7877 2041,UK,EMEA,Barry Jones,Henriette  Pfalzheim,25 Old Broad Street Level 7 EC2N 1HN,Mehrheimerstr. 369  50739
25,101.34,2019-10-16,2019-10-24,2019-10-18,Shipped,,1969 Dodge Charger,Classic Cars,1:12,Welly Diecast Productions,7323,58.73,115.16,"Toms Spezialitäten, Ltd",+49 221 5554327,Köln,Germany,120400,bjones@classicmodelcars.com,Sales Rep,London,+44 20 7877 2041,UK,EMEA,Barry Jones,Henriette  Pfalzheim,25 Old Broad Street Level 7 EC2N 1HN,Mehrheimerstr. 369  50739
37,128.8,2019-10-16,2019-10-24,2019-10-18,Shipped,,1993 Mazda RX-7,Classic Cars,1:18,Highway 66 Mini Classics,3975,83.51,141.54,"Toms Spezialitäten, Ltd",+49 221 5554327,Köln,Germany,120400,bjones@classicmodelcars.com,Sales Rep,London,+44 20 7877 2041,UK,EMEA,Barry Jones,Henriette  Pfalzheim,25 Old Broad Street Level 7 EC2N 1HN,Mehrheimerstr. 369  50739
20,66.99,2019-10-16,2019-10-24,2019-10-18,Shipped,,1948 Porsche 356-A Roadster,Classic Cars,1:18,Gearbox Collectibles,8826,53.9,77.0,"Toms Spezialitäten, Ltd",+49 221 5554327,Köln,Germany,120400,bjones@classicmodelcars.com,Sales Rep,London,+44 20 7877 2041,UK,EMEA,Barry Jones,Henriette  Pfalzheim,25 Old Broad Street Level 7 EC2N 1HN,Mehrheimerstr. 369  50739
24,129.45,2019-10-16,2019-10-24,2019-10-18,Shipped,,1995 Honda Civic,Classic Cars,1:18,Min Lin Diecast,9772,93.89,142.25,"Toms Spezialitäten, Ltd",+49 221 5554327,Köln,Germany,120400,bjones@classicmodelcars.com,Sales Rep,London,+44 20 7877 2041,UK,EMEA,Barry Jones,Henriette  Pfalzheim,25 Old Broad Street Level 7 EC2N 1HN,Mehrheimerstr. 369  50739
48,159.18,2019-10-16,2019-10-24,2019-10-18,Shipped,,1992 Ferrari 360 Spider red,Classic Cars,1:18,Unimax Art Galleries,8347,77.9,169.34,"Toms Spezialitäten, Ltd",+49 221 5554327,Köln,Germany,120400,bjones@classicmodelcars.com,Sales Rep,London,+44 20 7877 2041,UK,EMEA,Barry Jones,Henriette  Pfalzheim,25 Old Broad Street Level 7 EC2N 1HN,Mehrheimerstr. 369  50739
27,70.76,2019-10-16,2019-10-24,2019-10-18,Shipped,,1969 Dodge Super Bee,Classic Cars,1:18,Min Lin Diecast,1917,49.05,80.41,"Toms Spezialitäten, Ltd",+49 221 5554327,Köln,Germany,120400,bjones@classicmodelcars.com,Sales Rep,London,+44 20 7877 2041,UK,EMEA,Barry Jones,Henriette  Pfalzheim,25 Old Broad Street Level 7 EC2N 1HN,Mehrheimerstr. 369  50739
49,122.0,2019-10-16,2019-10-24,2019-10-18,Shipped,,1976 Ford Gran Torino,Classic Cars,1:18,Gearbox Collectibles,9127,73.49,146.99,"Toms Spezialitäten, Ltd",+49 221 5554327,Köln,Germany,120400,bjones@classicmodelcars.com,Sales Rep,London,+44 20 7877 2041,UK,EMEA,Barry Jones,Henriette  Pfalzheim,25 Old Broad Street Level 7 EC2N 1HN,Mehrheimerstr. 369  50739
42,59.06,2019-10-16,2019-10-24,2019-10-18,Shipped,,1957 Vespa GS150,Motorcycles,1:18,Studio M Art Models,7689,32.95,62.17,"Toms Spezialitäten, Ltd",+49 221 5554327,Köln,Germany,120400,bjones@classicmodelcars.com,Sales Rep,London,+44 20 7877 2041,UK,EMEA,Barry Jones,Henriette  Pfalzheim,25 Old Broad Street Level 7 EC2N 1HN,Mehrheimerstr. 369  50739
40,133.92,2019-10-16,2019-10-24,2019-10-18,Shipped,,1957 Corvette Convertible,Classic Cars,1:18,Classic Metal Creations,1249,69.93,148.8,"Toms Spezialitäten, Ltd",+49 221 5554327,Köln,Germany,120400,bjones@classicmodelcars.com,Sales Rep,London,+44 20 7877 2041,UK,EMEA,Barry Jones,Henriette  Pfalzheim,25 Old Broad Street Level 7 EC2N 1HN,Mehrheimerstr. 369  50739
33,33.23,2019-10-16,2019-10-24,2019-10-18,Shipped,,1982 Lamborghini Diablo,Classic Cars,1:24,Second Gear Diecast,7723,16.24,37.76,"Toms Spezialitäten, Ltd",+49 221 5554327,Köln,Germany,120400,bjones@classicmodelcars.com,Sales Rep,London,+44 20 7877 2041,UK,EMEA,Barry Jones,Henriette  Pfalzheim,25 Old Broad Street Level 7 EC2N 1HN,Mehrheimerstr. 369  50739
38,50.21,2019-10-16,2019-10-24,2019-10-18,Shipped,,1971 Alpine Renault 1600s,Classic Cars,1:24,Welly Diecast Productions,7995,38.58,61.23,"Toms Spezialitäten, Ltd",+49 221 5554327,Köln,Germany,120400,bjones@classicmodelcars.com,Sales Rep,London,+44 20 7877 2041,UK,EMEA,Barry Jones,Henriette  Pfalzheim,25 Old Broad Street Level 7 EC2N 1HN,Mehrheimerstr. 369  50739
45,139.03,2019-10-16,2019-10-24,2019-10-18,Shipped,,1956 Porsche 356A Coupe,Classic Cars,1:18,Classic Metal Creations,6600,98.3,140.43,"Toms Spezialitäten, Ltd",+49 221 5554327,Köln,Germany,120400,bjones@classicmodelcars.com,Sales Rep,London,+44 20 7877 2041,UK,EMEA,Barry Jones,Henriette  Pfalzheim,25 Old Broad Street Level 7 EC2N 1HN,Mehrheimerstr. 369  50739
49,75.18,2019-10-16,2019-10-24,2019-10-18,Shipped,,1961 Chevrolet Impala,Classic Cars,1:18,Classic Metal Creations,7869,32.33,80.84,"Toms Spezialitäten, Ltd",+49 221 5554327,Köln,Germany,120400,bjones@classicmodelcars.com,Sales Rep,London,+44 20 7877 2041,UK,EMEA,Barry Jones,Henriette  Pfalzheim,25 Old Broad Street Level 7 EC2N 1HN,Mehrheimerstr. 369  50739
36,38.62,2019-10-16,2019-10-24,2019-10-18,Shipped,,1982 Ducati 996 R,Motorcycles,1:32,Gearbox Collectibles,9241,24.14,40.23,"Toms Spezialitäten, Ltd",+49 221 5554327,Köln,Germany,120400,bjones@classicmodelcars.com,Sales Rep,London,+44 20 7877 2041,UK,EMEA,Barry Jones,Henriette  Pfalzheim,25 Old Broad Street Level 7 EC2N 1HN,Mehrheimerstr. 369  50739
29,124.44,2019-10-16,2019-10-23,2019-10-20,Shipped,Difficult to negotiate with customer. We need more marketing materials,1965 Aston Martin DB5,Classic Cars,1:18,Classic Metal Creations,9042,65.96,124.44,Euro+ Shopping Channel,+34 915 55 94 44,Madrid,Spain,227600,ghernande@classicmodelcars.com,Sales Rep,Paris,+33 1 47 23 44 04,France,EMEA,Gerard Hernandez,Diego  Freyre,43 Rue Jouffroy Dabbans  75017,"C/ Moralzarzal, 86  28034"
43,114.84,2019-10-16,2019-10-23,2019-10-20,Shipped,Difficult to negotiate with customer. We need more marketing materials,1999 Indy 500 Monte Carlo SS,Classic Cars,1:18,Red Start Diecast,8164,56.76,132.0,Euro+ Shopping Channel,+34 915 55 94 44,Madrid,Spain,227600,ghernande@classicmodelcars.com,Sales Rep,Paris,+33 1 47 23 44 04,France,EMEA,Gerard Hernandez,Diego  Freyre,43 Rue Jouffroy Dabbans  75017,"C/ Moralzarzal, 86  28034"
32,134.22,2019-10-16,2019-10-23,2019-10-20,Shipped,Difficult to negotiate with customer. We need more marketing materials,1948 Porsche Type 356 Roadster,Classic Cars,1:18,Gearbox Collectibles,8990,62.16,141.28,Euro+ Shopping Channel,+34 915 55 94 44,Madrid,Spain,227600,ghernande@classicmodelcars.com,Sales Rep,Paris,+33 1 47 23 44 04,France,EMEA,Gerard Hernandez,Diego  Freyre,43 Rue Jouffroy Dabbans  75017,"C/ Moralzarzal, 86  28034"
41,92.03,2019-10-16,2019-10-23,2019-10-20,Shipped,Difficult to negotiate with customer. We need more marketing materials,1932 Alfa Romeo 8C2300 Spider Sport,Vintage Cars,1:18,Exoto Designs,6553,43.26,92.03,Euro+ Shopping Channel,+34 915 55 94 44,Madrid,Spain,227600,ghernande@classicmodelcars.com,Sales Rep,Paris,+33 1 47 23 44 04,France,EMEA,Gerard Hernandez,Diego  Freyre,43 Rue Jouffroy Dabbans  75017,"C/ Moralzarzal, 86  28034"
25,66.99,2019-10-16,2019-10-23,2019-10-20,Shipped,Difficult to negotiate with customer. We need more marketing materials,1957 Ford Thunderbird,Classic Cars,1:18,Studio M Art Models,3209,34.21,71.27,Euro+ Shopping Channel,+34 915 55 94 44,Madrid,Spain,227600,ghernande@classicmodelcars.com,Sales Rep,Paris,+33 1 47 23 44 04,France,EMEA,Gerard Hernandez,Diego  Freyre,43 Rue Jouffroy Dabbans  75017,"C/ Moralzarzal, 86  28034"
26,70.55,2019-10-16,2019-10-23,2019-10-20,Shipped,Difficult to negotiate with customer. We need more marketing materials,1970 Chevy Chevelle SS 454,Classic Cars,1:24,Unimax Art Galleries,1005,49.24,73.49,Euro+ Shopping Channel,+34 915 55 94 44,Madrid,Spain,227600,ghernande@classicmodelcars.com,Sales Rep,Paris,+33 1 47 23 44 04,France,EMEA,Gerard Hernandez,Diego  Freyre,43 Rue Jouffroy Dabbans  75017,"C/ Moralzarzal, 86  28034"
45,48.8,2019-10-16,2019-10-23,2019-10-20,Shipped,Difficult to negotiate with customer. We need more marketing materials,1966 Shelby Cobra 427 S/C,Classic Cars,1:24,Carousel DieCast Legends,8197,29.18,50.31,Euro+ Shopping Channel,+34 915 55 94 44,Madrid,Spain,227600,ghernande@classicmodelcars.com,Sales Rep,Paris,+33 1 47 23 44 04,France,EMEA,Gerard Hernandez,Diego  Freyre,43 Rue Jouffroy Dabbans  75017,"C/ Moralzarzal, 86  28034"
28,89.05,2019-10-16,2019-10-23,2019-10-20,Shipped,Difficult to negotiate with customer. We need more marketing materials,1949 Jaguar XK 120,Classic Cars,1:24,Classic Metal Creations,2350,47.25,90.87,Euro+ Shopping Channel,+34 915 55 94 44,Madrid,Spain,227600,ghernande@classicmodelcars.com,Sales Rep,Paris,+33 1 47 23 44 04,France,EMEA,Gerard Hernandez,Diego  Freyre,43 Rue Jouffroy Dabbans  75017,"C/ Moralzarzal, 86  28034"
43,116.27,2019-10-16,2019-10-23,2019-10-20,Shipped,Difficult to negotiate with customer. We need more marketing materials,1952 Citroen-15CV,Classic Cars,1:24,Exoto Designs,1452,72.82,117.44,Euro+ Shopping Channel,+34 915 55 94 44,Madrid,Spain,227600,ghernande@classicmodelcars.com,Sales Rep,Paris,+33 1 47 23 44 04,France,EMEA,Gerard Hernandez,Diego  Freyre,43 Rue Jouffroy Dabbans  75017,"C/ Moralzarzal, 86  28034"
25,85.61,2019-10-16,2019-10-23,2019-10-20,Shipped,Difficult to negotiate with customer. We need more marketing materials,1969 Chevrolet Camaro Z28,Classic Cars,1:24,Exoto Designs,4695,50.51,85.61,Euro+ Shopping Channel,+34 915 55 94 44,Madrid,Spain,227600,ghernande@classicmodelcars.com,Sales Rep,Paris,+33 1 47 23 44 04,France,EMEA,Gerard Hernandez,Diego  Freyre,43 Rue Jouffroy Dabbans  75017,"C/ Moralzarzal, 86  28034"
46,91.02,2019-10-16,2019-10-23,2019-10-20,Shipped,Difficult to negotiate with customer. We need more marketing materials,2002 Chevy Corvette,Classic Cars,1:24,Gearbox Collectibles,9446,62.11,107.08,Euro+ Shopping Channel,+34 915 55 94 44,Madrid,Spain,227600,ghernande@classicmodelcars.com,Sales Rep,Paris,+33 1 47 23 44 04,France,EMEA,Gerard Hernandez,Diego  Freyre,43 Rue Jouffroy Dabbans  75017,"C/ Moralzarzal, 86  28034"
48,214.3,2019-10-21,2019-10-27,2019-10-23,Shipped,,1952 Alpine Renault 1300,Classic Cars,1:10,Classic Metal Creations,7305,98.58,214.3,Mini Gifts Distributors Ltd.,+1 415-555-1450,San Rafael,USA,210500,ljennings@classicmodelcars.com,Sales Rep,San Francisco,+1 650-219-4782,USA,,Leslie Jennings,Susan Nelson,100 Market Street Suite 300 94080,5677 Strong St.  97562
32,101.5,2019-10-21,2019-10-27,2019-10-23,Shipped,,1940 Ford Pickup Truck,Trucks and Buses,1:18,Studio M Art Models,2613,58.33,116.67,Mini Gifts Distributors Ltd.,+1 415-555-1450,San Rafael,USA,210500,ljennings@classicmodelcars.com,Sales Rep,San Francisco,+1 650-219-4782,USA,,Leslie Jennings,Susan Nelson,100 Market Street Suite 300 94080,5677 Strong St.  97562
43,102.74,2019-10-21,2019-10-27,2019-10-23,Shipped,,1937 Lincoln Berline,Vintage Cars,1:18,Motor City Art Classics,8693,60.62,102.74,Mini Gifts Distributors Ltd.,+1 415-555-1450,San Rafael,USA,210500,ljennings@classicmodelcars.com,Sales Rep,San Francisco,+1 650-219-4782,USA,,Leslie Jennings,Susan Nelson,100 Market Street Suite 300 94080,5677 Strong St.  97562
25,43.67,2019-10-21,2019-10-27,2019-10-23,Shipped,,1936 Mercedes-Benz 500K Special Roadster,Vintage Cars,1:18,Studio M Art Models,8635,24.26,53.91,Mini Gifts Distributors Ltd.,+1 415-555-1450,San Rafael,USA,210500,ljennings@classicmodelcars.com,Sales Rep,San Francisco,+1 650-219-4782,USA,,Leslie Jennings,Susan Nelson,100 Market Street Suite 300 94080,5677 Strong St.  97562
48,146.2,2019-10-21,2019-10-27,2019-10-23,Shipped,,1917 Grand Touring Sedan,Vintage Cars,1:18,Welly Diecast Productions,2724,86.7,170.0,Mini Gifts Distributors Ltd.,+1 415-555-1450,San Rafael,USA,210500,ljennings@classicmodelcars.com,Sales Rep,San Francisco,+1 650-219-4782,USA,,Leslie Jennings,Susan Nelson,100 Market Street Suite 300 94080,5677 Strong St.  97562
30,48.43,2019-10-21,2019-10-27,2019-10-23,Shipped,,1911 Ford Town Car,Vintage Cars,1:18,Motor City Art Classics,540,33.3,60.54,Mini Gifts Distributors Ltd.,+1 415-555-1450,San Rafael,USA,210500,ljennings@classicmodelcars.com,Sales Rep,San Francisco,+1 650-219-4782,USA,,Leslie Jennings,Susan Nelson,100 Market Street Suite 300 94080,5677 Strong St.  97562
31,111.87,2019-10-21,2019-10-27,2019-10-23,Shipped,,1932 Model A Ford J-Coupe,Vintage Cars,1:18,Autoart Studio Design,9354,58.48,127.13,Mini Gifts Distributors Ltd.,+1 415-555-1450,San Rafael,USA,210500,ljennings@classicmodelcars.com,Sales Rep,San Francisco,+1 650-219-4782,USA,,Leslie Jennings,Susan Nelson,100 Market Street Suite 300 94080,5677 Strong St.  97562
25,150.19,2019-10-21,2019-10-27,2019-10-23,Shipped,,1928 Mercedes-Benz SSK,Vintage Cars,1:18,Gearbox Collectibles,548,72.56,168.75,Mini Gifts Distributors Ltd.,+1 415-555-1450,San Rafael,USA,210500,ljennings@classicmodelcars.com,Sales Rep,San Francisco,+1 650-219-4782,USA,,Leslie Jennings,Susan Nelson,100 Market Street Suite 300 94080,5677 Strong St.  97562
37,91.18,2019-10-21,2019-10-27,2019-10-23,Shipped,,1913 Ford Model T Speedster,Vintage Cars,1:18,Carousel DieCast Legends,4189,60.78,101.31,Mini Gifts Distributors Ltd.,+1 415-555-1450,San Rafael,USA,210500,ljennings@classicmodelcars.com,Sales Rep,San Francisco,+1 650-219-4782,USA,,Leslie Jennings,Susan Nelson,100 Market Street Suite 300 94080,5677 Strong St.  97562
35,54.34,2019-10-21,2019-10-27,2019-10-23,Shipped,,1934 Ford V8 Coupe,Vintage Cars,1:18,Min Lin Diecast,5649,34.35,62.46,Mini Gifts Distributors Ltd.,+1 415-555-1450,San Rafael,USA,210500,ljennings@classicmodelcars.com,Sales Rep,San Francisco,+1 650-219-4782,USA,,Leslie Jennings,Susan Nelson,100 Market Street Suite 300 94080,5677 Strong St.  97562
38,93.2,2019-10-21,2019-10-27,2019-10-23,Shipped,,18th Century Vintage Horse Carriage,Vintage Cars,1:18,Red Start Diecast,5992,60.74,104.72,Mini Gifts Distributors Ltd.,+1 415-555-1450,San Rafael,USA,210500,ljennings@classicmodelcars.com,Sales Rep,San Francisco,+1 650-219-4782,USA,,Leslie Jennings,Susan Nelson,100 Market Street Suite 300 94080,5677 Strong St.  97562
33,84.33,2019-10-21,2019-10-27,2019-10-23,Shipped,,1917 Maxwell Touring Car,Vintage Cars,1:18,Exoto Designs,7913,57.54,99.21,Mini Gifts Distributors Ltd.,+1 415-555-1450,San Rafael,USA,210500,ljennings@classicmodelcars.com,Sales Rep,San Francisco,+1 650-219-4782,USA,,Leslie Jennings,Susan Nelson,100 Market Street Suite 300 94080,5677 Strong St.  97562
39,44.27,2019-10-21,2019-10-27,2019-10-23,Shipped,,1939 Cadillac Limousine,Vintage Cars,1:18,Studio M Art Models,6645,23.14,50.31,Mini Gifts Distributors Ltd.,+1 415-555-1450,San Rafael,USA,210500,ljennings@classicmodelcars.com,Sales Rep,San Francisco,+1 650-219-4782,USA,,Leslie Jennings,Susan Nelson,100 Market Street Suite 300 94080,5677 Strong St.  97562
39,27.88,2019-10-21,2019-10-27,2019-10-23,Shipped,,1939 Chevrolet Deluxe Coupe,Vintage Cars,1:24,Motor City Art Classics,7332,22.57,33.19,Mini Gifts Distributors Ltd.,+1 415-555-1450,San Rafael,USA,210500,ljennings@classicmodelcars.com,Sales Rep,San Francisco,+1 650-219-4782,USA,,Leslie Jennings,Susan Nelson,100 Market Street Suite 300 94080,5677 Strong St.  97562
23,43.46,2019-10-21,2019-10-27,2019-10-23,Shipped,,1938 Cadillac V-16 Presidential Limousine,Vintage Cars,1:24,Classic Metal Creations,2847,20.61,44.8,Mini Gifts Distributors Ltd.,+1 415-555-1450,San Rafael,USA,210500,ljennings@classicmodelcars.com,Sales Rep,San Francisco,+1 650-219-4782,USA,,Leslie Jennings,Susan Nelson,100 Market Street Suite 300 94080,5677 Strong St.  97562
31,40.21,2019-10-21,2019-10-27,2019-10-23,Shipped,,1936 Mercedes Benz 500k Roadster,Vintage Cars,1:24,Red Start Diecast,2081,21.75,41.03,Mini Gifts Distributors Ltd.,+1 415-555-1450,San Rafael,USA,210500,ljennings@classicmodelcars.com,Sales Rep,San Francisco,+1 650-219-4782,USA,,Leslie Jennings,Susan Nelson,100 Market Street Suite 300 94080,5677 Strong St.  97562
44,96.42,2019-10-21,2019-10-27,2019-10-23,Shipped,,1936 Chrysler Airflow,Vintage Cars,1:24,Second Gear Diecast,4710,57.46,97.39,Mini Gifts Distributors Ltd.,+1 415-555-1450,San Rafael,USA,210500,ljennings@classicmodelcars.com,Sales Rep,San Francisco,+1 650-219-4782,USA,,Leslie Jennings,Susan Nelson,100 Market Street Suite 300 94080,5677 Strong St.  97562
40,141.83,2019-10-22,2019-10-28,2019-10-25,Shipped,Customer requested that FedEx Ground is used for this shipping,1962 LanciaA Delta 16V,Classic Cars,1:10,Second Gear Diecast,6791,103.42,147.74,Canadian Gift Exchange Network,+1 604-555-3392,Vancouver,Canada,90300,gvanauf@classicmodelcars.com,Sales Rep,NYC,+1 212-555-3000,USA,,George Vanauf,Yoshi  Tamuri,523 East 53rd Street apt. 5A 10022,1900 Oak St.  V3F 2K1
21,131.2,2019-10-22,2019-10-28,2019-10-25,Shipped,Customer requested that FedEx Ground is used for this shipping,1958 Setra Bus,Trucks and Buses,1:12,Welly Diecast Productions,1579,77.9,136.67,Canadian Gift Exchange Network,+1 604-555-3392,Vancouver,Canada,90300,gvanauf@classicmodelcars.com,Sales Rep,NYC,+1 212-555-3000,USA,,George Vanauf,Yoshi  Tamuri,523 East 53rd Street apt. 5A 10022,1900 Oak St.  V3F 2K1
29,109.23,2019-10-22,2019-10-28,2019-10-25,Shipped,Customer requested that FedEx Ground is used for this shipping,1964 Mercedes Tour Bus,Trucks and Buses,1:18,Unimax Art Galleries,8258,74.86,122.73,Canadian Gift Exchange Network,+1 604-555-3392,Vancouver,Canada,90300,gvanauf@classicmodelcars.com,Sales Rep,NYC,+1 212-555-3000,USA,,George Vanauf,Yoshi  Tamuri,523 East 53rd Street apt. 5A 10022,1900 Oak St.  V3F 2K1
34,52.87,2019-10-22,2019-10-28,2019-10-25,Shipped,Customer requested that FedEx Ground is used for this shipping,1926 Ford Fire Engine,Trucks and Buses,1:18,Carousel DieCast Legends,2019,24.92,60.77,Canadian Gift Exchange Network,+1 604-555-3392,Vancouver,Canada,90300,gvanauf@classicmodelcars.com,Sales Rep,NYC,+1 212-555-3000,USA,,George Vanauf,Yoshi  Tamuri,523 East 53rd Street apt. 5A 10022,1900 Oak St.  V3F 2K1
25,143.94,2019-10-22,2019-10-28,2019-10-25,Shipped,Customer requested that FedEx Ground is used for this shipping,1992 Ferrari 360 Spider red,Classic Cars,1:18,Unimax Art Galleries,8347,77.9,169.34,Canadian Gift Exchange Network,+1 604-555-3392,Vancouver,Canada,90300,gvanauf@classicmodelcars.com,Sales Rep,NYC,+1 212-555-3000,USA,,George Vanauf,Yoshi  Tamuri,523 East 53rd Street apt. 5A 10022,1900 Oak St.  V3F 2K1
28,110.18,2019-10-22,2019-10-28,2019-10-25,Shipped,Customer requested that FedEx Ground is used for this shipping,1940s Ford truck,Trucks and Buses,1:18,Motor City Art Classics,3128,84.76,121.08,Canadian Gift Exchange Network,+1 604-555-3392,Vancouver,Canada,90300,gvanauf@classicmodelcars.com,Sales Rep,NYC,+1 212-555-3000,USA,,George Vanauf,Yoshi  Tamuri,523 East 53rd Street apt. 5A 10022,1900 Oak St.  V3F 2K1
42,102.23,2019-10-22,2019-10-28,2019-10-25,Shipped,Customer requested that FedEx Ground is used for this shipping,1962 Volkswagen Microbus,Trucks and Buses,1:24,Autoart Studio Design,2327,61.34,127.79,Canadian Gift Exchange Network,+1 604-555-3392,Vancouver,Canada,90300,gvanauf@classicmodelcars.com,Sales Rep,NYC,+1 212-555-3000,USA,,George Vanauf,Yoshi  Tamuri,523 East 53rd Street apt. 5A 10022,1900 Oak St.  V3F 2K1
27,96.31,2019-10-22,2019-10-28,2019-10-25,Shipped,Customer requested that FedEx Ground is used for this shipping,1980’s GM Manhattan Express,Trucks and Buses,1:32,Motor City Art Classics,5099,53.93,96.31,Canadian Gift Exchange Network,+1 604-555-3392,Vancouver,Canada,90300,gvanauf@classicmodelcars.com,Sales Rep,NYC,+1 212-555-3000,USA,,George Vanauf,Yoshi  Tamuri,523 East 53rd Street apt. 5A 10022,1900 Oak St.  V3F 2K1
38,48.7,2019-10-22,2019-10-28,2019-10-25,Shipped,Customer requested that FedEx Ground is used for this shipping,1954 Greyhound Scenicruiser,Trucks and Buses,1:32,Classic Metal Creations,2874,25.98,54.11,Canadian Gift Exchange Network,+1 604-555-3392,Vancouver,Canada,90300,gvanauf@classicmodelcars.com,Sales Rep,NYC,+1 212-555-3000,USA,,George Vanauf,Yoshi  Tamuri,523 East 53rd Street apt. 5A 10022,1900 Oak St.  V3F 2K1
34,55.59,2019-10-22,2019-10-28,2019-10-25,Shipped,Customer requested that FedEx Ground is used for this shipping,1996 Peterbilt 379 Stake Bed with Outrigger,Trucks and Buses,1:32,Red Start Diecast,814,33.61,64.64,Canadian Gift Exchange Network,+1 604-555-3392,Vancouver,Canada,90300,gvanauf@classicmodelcars.com,Sales Rep,NYC,+1 212-555-3000,USA,,George Vanauf,Yoshi  Tamuri,523 East 53rd Street apt. 5A 10022,1900 Oak St.  V3F 2K1
30,96.09,2019-10-22,2019-10-28,2019-10-25,Shipped,Customer requested that FedEx Ground is used for this shipping,1982 Camaro Z28,Classic Cars,1:18,Carousel DieCast Legends,6934,46.53,101.15,Canadian Gift Exchange Network,+1 604-555-3392,Vancouver,Canada,90300,gvanauf@classicmodelcars.com,Sales Rep,NYC,+1 212-555-3000,USA,,George Vanauf,Yoshi  Tamuri,523 East 53rd Street apt. 5A 10022,1900 Oak St.  V3F 2K1
38,176.63,2019-10-22,2019-11-01,2019-10-23,Shipped,,2001 Ferrari Enzo,Classic Cars,1:12,Second Gear Diecast,3619,95.59,207.8,Heintze Collectables,+45 86 21 35 55,Århus,Denmark,120800,pcastillo@classicmodelcars.com,Sales Rep,Paris,+33 1 47 23 44 04,France,EMEA,Pamela Castillo,Palle Ibsen,43 Rue Jouffroy Dabbans  75017,Smagsloget 45  8200
46,125.4,2019-10-22,2019-11-01,2019-10-23,Shipped,,1969 Corvair Monza,Classic Cars,1:18,Welly Diecast Productions,6906,89.14,151.08,Heintze Collectables,+45 86 21 35 55,Århus,Denmark,120800,pcastillo@classicmodelcars.com,Sales Rep,Paris,+33 1 47 23 44 04,France,EMEA,Pamela Castillo,Palle Ibsen,43 Rue Jouffroy Dabbans  75017,Smagsloget 45  8200
36,169.56,2019-10-22,2019-11-01,2019-10-23,Shipped,,1969 Ford Falcon,Classic Cars,1:12,Second Gear Diecast,1049,83.05,173.02,Heintze Collectables,+45 86 21 35 55,Århus,Denmark,120800,pcastillo@classicmodelcars.com,Sales Rep,Paris,+33 1 47 23 44 04,France,EMEA,Pamela Castillo,Palle Ibsen,43 Rue Jouffroy Dabbans  75017,Smagsloget 45  8200
45,95.99,2019-10-22,2019-11-01,2019-10-23,Shipped,,1957 Chevy Pickup,Trucks and Buses,1:12,Exoto Designs,6125,55.7,118.5,Heintze Collectables,+45 86 21 35 55,Århus,Denmark,120800,pcastillo@classicmodelcars.com,Sales Rep,Paris,+33 1 47 23 44 04,France,EMEA,Pamela Castillo,Palle Ibsen,43 Rue Jouffroy Dabbans  75017,Smagsloget 45  8200
42,135.9,2019-10-22,2019-11-01,2019-10-23,Shipped,,1998 Chrysler Plymouth Prowler,Classic Cars,1:18,Gearbox Collectibles,4724,101.51,163.73,Heintze Collectables,+45 86 21 35 55,Århus,Denmark,120800,pcastillo@classicmodelcars.com,Sales Rep,Paris,+33 1 47 23 44 04,France,EMEA,Pamela Castillo,Palle Ibsen,43 Rue Jouffroy Dabbans  75017,Smagsloget 45  8200
20,129.76,2019-10-22,2019-11-01,2019-10-23,Shipped,,1903 Ford Model A,Vintage Cars,1:18,Unimax Art Galleries,3913,68.3,136.59,Heintze Collectables,+45 86 21 35 55,Århus,Denmark,120800,pcastillo@classicmodelcars.com,Sales Rep,Paris,+33 1 47 23 44 04,France,EMEA,Pamela Castillo,Palle Ibsen,43 Rue Jouffroy Dabbans  75017,Smagsloget 45  8200
23,84.71,2019-10-22,2019-11-01,2019-10-23,Shipped,,Collectable Wooden Train,Trains,1:18,Carousel DieCast Legends,6450,67.56,100.84,Heintze Collectables,+45 86 21 35 55,Århus,Denmark,120800,pcastillo@classicmodelcars.com,Sales Rep,Paris,+33 1 47 23 44 04,France,EMEA,Pamela Castillo,Palle Ibsen,43 Rue Jouffroy Dabbans  75017,Smagsloget 45  8200
29,129.26,2019-10-22,2019-11-01,2019-10-23,Shipped,,1970 Triumph Spitfire,Classic Cars,1:18,Min Lin Diecast,5545,91.92,143.62,Heintze Collectables,+45 86 21 35 55,Århus,Denmark,120800,pcastillo@classicmodelcars.com,Sales Rep,Paris,+33 1 47 23 44 04,France,EMEA,Pamela Castillo,Palle Ibsen,43 Rue Jouffroy Dabbans  75017,Smagsloget 45  8200
44,51.44,2019-10-22,2019-11-01,2019-10-23,Shipped,,1970 Dodge Coronet,Classic Cars,1:24,Highway 66 Mini Classics,4074,32.37,57.8,Heintze Collectables,+45 86 21 35 55,Århus,Denmark,120800,pcastillo@classicmodelcars.com,Sales Rep,Paris,+33 1 47 23 44 04,France,EMEA,Pamela Castillo,Palle Ibsen,43 Rue Jouffroy Dabbans  75017,Smagsloget 45  8200
39,31.82,2019-10-22,2019-11-01,2019-10-23,Shipped,,1958 Chevy Corvette Limited Edition,Classic Cars,1:24,Carousel DieCast Legends,2542,15.91,35.36,Heintze Collectables,+45 86 21 35 55,Århus,Denmark,120800,pcastillo@classicmodelcars.com,Sales Rep,Paris,+33 1 47 23 44 04,France,EMEA,Pamela Castillo,Palle Ibsen,43 Rue Jouffroy Dabbans  75017,Smagsloget 45  8200
38,111.18,2019-10-22,2019-11-01,2019-10-23,Shipped,,1992 Porsche Cayenne Turbo Silver,Classic Cars,1:24,Exoto Designs,6582,69.78,118.28,Heintze Collectables,+45 86 21 35 55,Århus,Denmark,120800,pcastillo@classicmodelcars.com,Sales Rep,Paris,+33 1 47 23 44 04,France,EMEA,Pamela Castillo,Palle Ibsen,43 Rue Jouffroy Dabbans  75017,Smagsloget 45  8200
35,58.41,2019-10-22,2019-11-01,2019-10-23,Shipped,,1950s Chicago Surface Lines Streetcar,Trains,1:32,Gearbox Collectibles,8601,26.72,62.14,Heintze Collectables,+45 86 21 35 55,Århus,Denmark,120800,pcastillo@classicmodelcars.com,Sales Rep,Paris,+33 1 47 23 44 04,France,EMEA,Pamela Castillo,Palle Ibsen,43 Rue Jouffroy Dabbans  75017,Smagsloget 45  8200
28,115.75,2019-10-22,2019-11-01,2019-10-23,Shipped,,Diamond T620 Semi-Skirted Tanker,Trucks and Buses,1:50,Highway 66 Mini Classics,1016,68.29,115.75,Heintze Collectables,+45 86 21 35 55,Århus,Denmark,120800,pcastillo@classicmodelcars.com,Sales Rep,Paris,+33 1 47 23 44 04,France,EMEA,Pamela Castillo,Palle Ibsen,43 Rue Jouffroy Dabbans  75017,Smagsloget 45  8200
38,50.38,2019-10-22,2019-11-01,2019-10-23,Shipped,,1962 City of Detroit Streetcar,Trains,1:50,Classic Metal Creations,1645,37.49,58.58,Heintze Collectables,+45 86 21 35 55,Århus,Denmark,120800,pcastillo@classicmodelcars.com,Sales Rep,Paris,+33 1 47 23 44 04,France,EMEA,Pamela Castillo,Palle Ibsen,43 Rue Jouffroy Dabbans  75017,Smagsloget 45  8200
23,83.15,2019-10-22,2019-11-01,2019-10-23,Shipped,,The Mayflower,Ships,1:700,Studio M Art Models,737,43.3,86.61,Heintze Collectables,+45 86 21 35 55,Århus,Denmark,120800,pcastillo@classicmodelcars.com,Sales Rep,Paris,+33 1 47 23 44 04,France,EMEA,Pamela Castillo,Palle Ibsen,43 Rue Jouffroy Dabbans  75017,Smagsloget 45  8200
36,78.12,2019-10-29,2019-11-08,2019-10-30,Shipped,,1904 Buick Runabout,Vintage Cars,1:18,Exoto Designs,8290,52.66,87.77,La Rochelle Gifts,,Nantes,France,118200,ghernande@classicmodelcars.com,Sales Rep,Paris,+33 1 47 23 44 04,France,EMEA,Gerard Hernandez,Janine  Labrune,43 Rue Jouffroy Dabbans  75017,"67, rue des Cinquante Otages  44000"
35,111.83,2019-10-29,2019-11-08,2019-10-30,Shipped,,18th century schooner,Ships,1:24,Carousel DieCast Legends,1898,82.34,122.89,La Rochelle Gifts,,Nantes,France,118200,ghernande@classicmodelcars.com,Sales Rep,Paris,+33 1 47 23 44 04,France,EMEA,Gerard Hernandez,Janine  Labrune,43 Rue Jouffroy Dabbans  75017,"67, rue des Cinquante Otages  44000"
24,78.77,2019-10-29,2019-11-08,2019-10-30,Shipped,,1912 Ford Model T Delivery Wagon,Vintage Cars,1:24,Min Lin Diecast,9173,46.91,88.51,La Rochelle Gifts,,Nantes,France,118200,ghernande@classicmodelcars.com,Sales Rep,Paris,+33 1 47 23 44 04,France,EMEA,Gerard Hernandez,Janine  Labrune,43 Rue Jouffroy Dabbans  75017,"67, rue des Cinquante Otages  44000"
41,60.67,2019-10-29,2019-11-08,2019-10-30,Shipped,,The Schooner Bluenose,Ships,1:700,Autoart Studio Design,1897,34.0,66.67,La Rochelle Gifts,,Nantes,France,118200,ghernande@classicmodelcars.com,Sales Rep,Paris,+33 1 47 23 44 04,France,EMEA,Gerard Hernandez,Janine  Labrune,43 Rue Jouffroy Dabbans  75017,"67, rue des Cinquante Otages  44000"
31,99.17,2019-10-29,2019-11-08,2019-10-30,Shipped,,The Titanic,Ships,1:700,Carousel DieCast Legends,1956,51.09,100.17,La Rochelle Gifts,,Nantes,France,118200,ghernande@classicmodelcars.com,Sales Rep,Paris,+33 1 47 23 44 04,France,EMEA,Gerard Hernandez,Janine  Labrune,43 Rue Jouffroy Dabbans  75017,"67, rue des Cinquante Otages  44000"
37,88.39,2019-10-29,2019-11-08,2019-10-30,Shipped,,The Queen Mary,Ships,1:700,Welly Diecast Productions,5088,53.63,99.31,La Rochelle Gifts,,Nantes,France,118200,ghernande@classicmodelcars.com,Sales Rep,Paris,+33 1 47 23 44 04,France,EMEA,Gerard Hernandez,Janine  Labrune,43 Rue Jouffroy Dabbans  75017,"67, rue des Cinquante Otages  44000"
40,51.32,2019-10-29,2019-11-08,2019-10-30,Shipped,,Pont Yacht,Ships,1:72,Unimax Art Galleries,414,33.3,54.6,La Rochelle Gifts,,Nantes,France,118200,ghernande@classicmodelcars.com,Sales Rep,Paris,+33 1 47 23 44 04,France,EMEA,Gerard Hernandez,Janine  Labrune,43 Rue Jouffroy Dabbans  75017,"67, rue des Cinquante Otages  44000"
33,126.48,2019-11-01,2019-11-09,2019-11-07,Shipped,"Customer requested that ad materials (such as posters, pamphlets) be included in the shippment",1972 Alfa Romeo GTA,Classic Cars,1:10,Motor City Art Classics,3252,85.68,136.0,giftsbymail.co.uk,+44 1985 558888,Cowes,UK,93900,lbott@classicmodelcars.com,Sales Rep,London,+44 20 7877 2041,UK,EMEA,Larry Bott,Helen  Bennett,25 Old Broad Street Level 7 EC2N 1HN,Garden House Crowther Way 23 PO31 7PJ
27,140.34,2019-11-01,2019-11-09,2019-11-07,Shipped,"Customer requested that ad materials (such as posters, pamphlets) be included in the shippment",1980s Black Hawk Helicopter,Planes,1:18,Red Start Diecast,5330,77.27,157.69,giftsbymail.co.uk,+44 1985 558888,Cowes,UK,93900,lbott@classicmodelcars.com,Sales Rep,London,+44 20 7877 2041,UK,EMEA,Larry Bott,Helen  Bennett,25 Old Broad Street Level 7 EC2N 1HN,Garden House Crowther Way 23 PO31 7PJ
21,72.26,2019-11-01,2019-11-09,2019-11-07,Shipped,"Customer requested that ad materials (such as posters, pamphlets) be included in the shippment",1999 Yamaha Speed Boat,Ships,1:18,Min Lin Diecast,4259,51.61,86.02,giftsbymail.co.uk,+44 1985 558888,Cowes,UK,93900,lbott@classicmodelcars.com,Sales Rep,London,+44 20 7877 2041,UK,EMEA,Larry Bott,Helen  Bennett,25 Old Broad Street Level 7 EC2N 1HN,Garden House Crowther Way 23 PO31 7PJ
47,89.99,2019-11-01,2019-11-09,2019-11-07,Shipped,"Customer requested that ad materials (such as posters, pamphlets) be included in the shippment",1941 Chevrolet Special Deluxe Cabriolet,Vintage Cars,1:18,Exoto Designs,2378,64.58,105.87,giftsbymail.co.uk,+44 1985 558888,Cowes,UK,93900,lbott@classicmodelcars.com,Sales Rep,London,+44 20 7877 2041,UK,EMEA,Larry Bott,Helen  Bennett,25 Old Broad Street Level 7 EC2N 1HN,Garden House Crowther Way 23 PO31 7PJ
25,93.01,2019-11-01,2019-11-09,2019-11-07,Shipped,"Customer requested that ad materials (such as posters, pamphlets) be included in the shippment",1928 British Royal Navy Airplane,Planes,1:24,Classic Metal Creations,3627,66.74,109.42,giftsbymail.co.uk,+44 1985 558888,Cowes,UK,93900,lbott@classicmodelcars.com,Sales Rep,London,+44 20 7877 2041,UK,EMEA,Larry Bott,Helen  Bennett,25 Old Broad Street Level 7 EC2N 1HN,Garden House Crowther Way 23 PO31 7PJ
34,67.14,2019-11-01,2019-11-09,2019-11-07,Shipped,"Customer requested that ad materials (such as posters, pamphlets) be included in the shippment",1900s Vintage Bi-Plane,Planes,1:24,Autoart Studio Design,5942,34.25,68.51,giftsbymail.co.uk,+44 1985 558888,Cowes,UK,93900,lbott@classicmodelcars.com,Sales Rep,London,+44 20 7877 2041,UK,EMEA,Larry Bott,Helen  Bennett,25 Old Broad Street Level 7 EC2N 1HN,Garden House Crowther Way 23 PO31 7PJ
47,55.23,2019-11-01,2019-11-09,2019-11-07,Shipped,"Customer requested that ad materials (such as posters, pamphlets) be included in the shippment",1937 Horch 930V Limousine,Vintage Cars,1:24,Autoart Studio Design,2902,26.3,65.75,giftsbymail.co.uk,+44 1985 558888,Cowes,UK,93900,lbott@classicmodelcars.com,Sales Rep,London,+44 20 7877 2041,UK,EMEA,Larry Bott,Helen  Bennett,25 Old Broad Street Level 7 EC2N 1HN,Garden House Crowther Way 23 PO31 7PJ
25,77.15,2019-11-01,2019-11-09,2019-11-07,Shipped,"Customer requested that ad materials (such as posters, pamphlets) be included in the shippment",1940 Ford Delivery Sedan,Vintage Cars,1:24,Carousel DieCast Legends,6621,48.64,83.86,giftsbymail.co.uk,+44 1985 558888,Cowes,UK,93900,lbott@classicmodelcars.com,Sales Rep,London,+44 20 7877 2041,UK,EMEA,Larry Bott,Helen  Bennett,25 Old Broad Street Level 7 EC2N 1HN,Garden House Crowther Way 23 PO31 7PJ
30,67.56,2019-11-01,2019-11-09,2019-11-07,Shipped,"Customer requested that ad materials (such as posters, pamphlets) be included in the shippment",Corsair F4U ( Bird Cage),Planes,1:24,Second Gear Diecast,6812,29.34,68.24,giftsbymail.co.uk,+44 1985 558888,Cowes,UK,93900,lbott@classicmodelcars.com,Sales Rep,London,+44 20 7877 2041,UK,EMEA,Larry Bott,Helen  Bennett,25 Old Broad Street Level 7 EC2N 1HN,Garden House Crowther Way 23 PO31 7PJ
24,59.16,2019-11-01,2019-11-09,2019-11-07,Shipped,"Customer requested that ad materials (such as posters, pamphlets) be included in the shippment",1928 Ford Phaeton Deluxe,Vintage Cars,1:32,Highway 66 Mini Classics,136,33.02,68.79,giftsbymail.co.uk,+44 1985 558888,Cowes,UK,93900,lbott@classicmodelcars.com,Sales Rep,London,+44 20 7877 2041,UK,EMEA,Larry Bott,Helen  Bennett,25 Old Broad Street Level 7 EC2N 1HN,Garden House Crowther Way 23 PO31 7PJ
34,36.66,2019-11-01,2019-11-09,2019-11-07,Shipped,"Customer requested that ad materials (such as posters, pamphlets) be included in the shippment",1930 Buick Marquette Phaeton,Vintage Cars,1:50,Studio M Art Models,7062,27.06,43.64,giftsbymail.co.uk,+44 1985 558888,Cowes,UK,93900,lbott@classicmodelcars.com,Sales Rep,London,+44 20 7877 2041,UK,EMEA,Larry Bott,Helen  Bennett,25 Old Broad Street Level 7 EC2N 1HN,Garden House Crowther Way 23 PO31 7PJ
34,74.9,2019-11-01,2019-11-09,2019-11-07,Shipped,"Customer requested that ad materials (such as posters, pamphlets) be included in the shippment",American Airlines: B767-300,Planes,1:700,Min Lin Diecast,5841,51.15,91.34,giftsbymail.co.uk,+44 1985 558888,Cowes,UK,93900,lbott@classicmodelcars.com,Sales Rep,London,+44 20 7877 2041,UK,EMEA,Larry Bott,Helen  Bennett,25 Old Broad Street Level 7 EC2N 1HN,Garden House Crowther Way 23 PO31 7PJ
45,73.32,2019-11-01,2019-11-09,2019-11-07,Shipped,"Customer requested that ad materials (such as posters, pamphlets) be included in the shippment",HMS Bounty,Ships,1:700,Unimax Art Galleries,3501,39.83,90.52,giftsbymail.co.uk,+44 1985 558888,Cowes,UK,93900,lbott@classicmodelcars.com,Sales Rep,London,+44 20 7877 2041,UK,EMEA,Larry Bott,Helen  Bennett,25 Old Broad Street Level 7 EC2N 1HN,Garden House Crowther Way 23 PO31 7PJ
23,85.76,2019-11-01,2019-11-09,2019-11-07,Shipped,"Customer requested that ad materials (such as posters, pamphlets) be included in the shippment",America West Airlines B757-200,Planes,1:700,Motor City Art Classics,9653,68.8,99.72,giftsbymail.co.uk,+44 1985 558888,Cowes,UK,93900,lbott@classicmodelcars.com,Sales Rep,London,+44 20 7877 2041,UK,EMEA,Larry Bott,Helen  Bennett,25 Old Broad Street Level 7 EC2N 1HN,Garden House Crowther Way 23 PO31 7PJ
48,67.22,2019-11-01,2019-11-09,2019-11-07,Shipped,"Customer requested that ad materials (such as posters, pamphlets) be included in the shippment",The USS Constitution Ship,Ships,1:700,Red Start Diecast,7083,33.97,72.28,giftsbymail.co.uk,+44 1985 558888,Cowes,UK,93900,lbott@classicmodelcars.com,Sales Rep,London,+44 20 7877 2041,UK,EMEA,Larry Bott,Helen  Bennett,25 Old Broad Street Level 7 EC2N 1HN,Garden House Crowther Way 23 PO31 7PJ
48,77.6,2019-11-01,2019-11-09,2019-11-07,Shipped,"Customer requested that ad materials (such as posters, pamphlets) be included in the shippment",F/A 18 Hornet 1/72,Planes,1:72,Motor City Art Classics,551,54.4,80.0,giftsbymail.co.uk,+44 1985 558888,Cowes,UK,93900,lbott@classicmodelcars.com,Sales Rep,London,+44 20 7877 2041,UK,EMEA,Larry Bott,Helen  Bennett,25 Old Broad Street Level 7 EC2N 1HN,Garden House Crowther Way 23 PO31 7PJ
44,68.11,2019-11-01,2019-11-09,2019-11-07,Shipped,"Customer requested that ad materials (such as posters, pamphlets) be included in the shippment",American Airlines: MD-11S,Planes,1:700,Second Gear Diecast,8820,36.27,74.03,giftsbymail.co.uk,+44 1985 558888,Cowes,UK,93900,lbott@classicmodelcars.com,Sales Rep,London,+44 20 7877 2041,UK,EMEA,Larry Bott,Helen  Bennett,25 Old Broad Street Level 7 EC2N 1HN,Garden House Crowther Way 23 PO31 7PJ
34,43.7,2019-11-01,2019-11-09,2019-11-07,Shipped,"Customer requested that ad materials (such as posters, pamphlets) be included in the shippment",Boeing X-32A JSF,Planes,1:72,Motor City Art Classics,4857,32.77,49.66,giftsbymail.co.uk,+44 1985 558888,Cowes,UK,93900,lbott@classicmodelcars.com,Sales Rep,London,+44 20 7877 2041,UK,EMEA,Larry Bott,Helen  Bennett,25 Old Broad Street Level 7 EC2N 1HN,Garden House Crowther Way 23 PO31 7PJ
35,69.55,2019-11-02,2019-11-12,2019-11-08,Shipped,,1900s Vintage Tri-Plane,Planes,1:24,Unimax Art Galleries,2756,36.23,72.45,Technics Stores Inc.,+1 650-555-6809,Burlingame,USA,84600,ljennings@classicmodelcars.com,Sales Rep,San Francisco,+1 650-219-4782,USA,,Leslie Jennings,Juri Hashimoto,100 Market Street Suite 300 94080,9408 Furth Circle  94217
46,84.22,2019-11-02,2019-11-09,2019-11-07,Shipped,,1969 Harley Davidson Ultimate Chopper,Motorcycles,1:10,Min Lin Diecast,7933,48.81,95.7,Diecast Classics Inc.,+1 215-555-1555,Allentown,USA,100600,spatterson@classicmodelcars.com,Sales Rep,Boston,+1 215-837-0825,USA,,Steve Patterson,Kelvin Leong,1550 Court Place Suite 102 02107,7586 Pompton St.  70267
45,102.29,2019-11-02,2019-11-09,2019-11-07,Shipped,,1996 Moto Guzzi 1100i,Motorcycles,1:10,Highway 66 Mini Classics,6625,68.99,118.94,Diecast Classics Inc.,+1 215-555-1555,Allentown,USA,100600,spatterson@classicmodelcars.com,Sales Rep,Boston,+1 215-837-0825,USA,,Steve Patterson,Kelvin Leong,1550 Court Place Suite 102 02107,7586 Pompton St.  70267
37,189.79,2019-11-02,2019-11-09,2019-11-07,Shipped,,2003 Harley-Davidson Eagle Drag Bike,Motorcycles,1:10,Red Start Diecast,5582,91.02,193.66,Diecast Classics Inc.,+1 215-555-1555,Allentown,USA,100600,spatterson@classicmodelcars.com,Sales Rep,Boston,+1 215-837-0825,USA,,Steve Patterson,Kelvin Leong,1550 Court Place Suite 102 02107,7586 Pompton St.  70267
31,81.95,2019-11-02,2019-11-09,2019-11-07,Shipped,,P-51-D Mustang,Planes,1:72,Gearbox Collectibles,992,49.0,84.48,Diecast Classics Inc.,+1 215-555-1555,Allentown,USA,100600,spatterson@classicmodelcars.com,Sales Rep,Boston,+1 215-837-0825,USA,,Steve Patterson,Kelvin Leong,1550 Court Place Suite 102 02107,7586 Pompton St.  70267
42,49.67,2019-11-02,2019-11-09,2019-11-07,Shipped,,1936 Harley Davidson El Knucklehead,Motorcycles,1:18,Welly Diecast Productions,4357,24.23,60.57,Diecast Classics Inc.,+1 215-555-1555,Allentown,USA,100600,spatterson@classicmodelcars.com,Sales Rep,Boston,+1 215-837-0825,USA,,Steve Patterson,Kelvin Leong,1550 Court Place Suite 102 02107,7586 Pompton St.  70267
48,93.54,2019-11-02,2019-11-09,2019-11-07,Shipped,,1997 BMW R 1100 S,Motorcycles,1:24,Autoart Studio Design,7003,60.86,112.7,Diecast Classics Inc.,+1 215-555-1555,Allentown,USA,100600,spatterson@classicmodelcars.com,Sales Rep,Boston,+1 215-837-0825,USA,,Steve Patterson,Kelvin Leong,1550 Court Place Suite 102 02107,7586 Pompton St.  70267
26,60.94,2019-11-02,2019-11-09,2019-11-07,Shipped,,1960 BSA Gold Star DBD34,Motorcycles,1:24,Highway 66 Mini Classics,15,37.32,76.17,Diecast Classics Inc.,+1 215-555-1555,Allentown,USA,100600,spatterson@classicmodelcars.com,Sales Rep,Boston,+1 215-837-0825,USA,,Steve Patterson,Kelvin Leong,1550 Court Place Suite 102 02107,7586 Pompton St.  70267
47,81.91,2019-11-02,2019-11-09,2019-11-07,Shipped,,1997 BMW F650 ST,Motorcycles,1:32,Exoto Designs,178,66.92,99.89,Diecast Classics Inc.,+1 215-555-1555,Allentown,USA,100600,spatterson@classicmodelcars.com,Sales Rep,Boston,+1 215-837-0825,USA,,Steve Patterson,Kelvin Leong,1550 Court Place Suite 102 02107,7586 Pompton St.  70267
50,102.04,2019-11-02,2019-11-09,2019-11-07,Shipped,,ATA: B757-300,Planes,1:700,Highway 66 Mini Classics,7106,59.33,118.65,Diecast Classics Inc.,+1 215-555-1555,Allentown,USA,100600,spatterson@classicmodelcars.com,Sales Rep,Boston,+1 215-837-0825,USA,,Steve Patterson,Kelvin Leong,1550 Court Place Suite 102 02107,7586 Pompton St.  70267
30,134.05,2019-11-03,2019-11-11,2019-11-06,Shipped,Customer requested that DHL is used for this shipping,2002 Suzuki XREO,Motorcycles,1:12,Unimax Art Galleries,9997,66.27,150.62,Microscale Inc.,+1 212-555-1957,NYC,USA,39800,ftseng@classicmodelcars.com,Sales Rep,NYC,+1 212-555-3000,USA,,Foon Yue Tseng,Yu Choi,523 East 53rd Street apt. 5A 10022,5290 North Pendale Street Suite 200 10022
46,77.19,2019-11-03,2019-11-11,2019-11-06,Shipped,Customer requested that DHL is used for this shipping,1969 Dodge Super Bee,Classic Cars,1:18,Min Lin Diecast,1917,49.05,80.41,Microscale Inc.,+1 212-555-1957,NYC,USA,39800,ftseng@classicmodelcars.com,Sales Rep,NYC,+1 212-555-3000,USA,,Foon Yue Tseng,Yu Choi,523 East 53rd Street apt. 5A 10022,5290 North Pendale Street Suite 200 10022
44,54.71,2019-11-03,2019-11-11,2019-11-06,Shipped,Customer requested that DHL is used for this shipping,1957 Vespa GS150,Motorcycles,1:18,Studio M Art Models,7689,32.95,62.17,Microscale Inc.,+1 212-555-1957,NYC,USA,39800,ftseng@classicmodelcars.com,Sales Rep,NYC,+1 212-555-3000,USA,,Foon Yue Tseng,Yu Choi,523 East 53rd Street apt. 5A 10022,5290 North Pendale Street Suite 200 10022
45,120.53,2019-11-03,2019-11-11,2019-11-06,Shipped,Customer requested that DHL is used for this shipping,1957 Corvette Convertible,Classic Cars,1:18,Classic Metal Creations,1249,69.93,148.8,Microscale Inc.,+1 212-555-1957,NYC,USA,39800,ftseng@classicmodelcars.com,Sales Rep,NYC,+1 212-555-3000,USA,,Foon Yue Tseng,Yu Choi,523 East 53rd Street apt. 5A 10022,5290 North Pendale Street Suite 200 10022
31,65.8,2019-11-03,2019-11-11,2019-11-06,Shipped,Customer requested that DHL is used for this shipping,1982 Ducati 900 Monster,Motorcycles,1:24,Highway 66 Mini Classics,6840,47.1,69.26,Microscale Inc.,+1 212-555-1957,NYC,USA,39800,ftseng@classicmodelcars.com,Sales Rep,NYC,+1 212-555-3000,USA,,Foon Yue Tseng,Yu Choi,523 East 53rd Street apt. 5A 10022,5290 North Pendale Street Suite 200 10022
43,78.41,2019-11-03,2019-11-11,2019-11-06,Shipped,Customer requested that DHL is used for this shipping,1961 Chevrolet Impala,Classic Cars,1:18,Classic Metal Creations,7869,32.33,80.84,Microscale Inc.,+1 212-555-1957,NYC,USA,39800,ftseng@classicmodelcars.com,Sales Rep,NYC,+1 212-555-3000,USA,,Foon Yue Tseng,Yu Choi,523 East 53rd Street apt. 5A 10022,5290 North Pendale Street Suite 200 10022
29,35.0,2019-11-03,2019-11-11,2019-11-06,Shipped,Customer requested that DHL is used for this shipping,1982 Ducati 996 R,Motorcycles,1:32,Gearbox Collectibles,9241,24.14,40.23,Microscale Inc.,+1 212-555-1957,NYC,USA,39800,ftseng@classicmodelcars.com,Sales Rep,NYC,+1 212-555-3000,USA,,Foon Yue Tseng,Yu Choi,523 East 53rd Street apt. 5A 10022,5290 North Pendale Street Suite 200 10022
22,96.95,2019-11-03,2019-11-11,2019-11-06,Shipped,Customer requested that DHL is used for this shipping,1974 Ducati 350 Mk3 Desmo,Motorcycles,1:32,Second Gear Diecast,3341,56.13,102.05,Microscale Inc.,+1 212-555-1957,NYC,USA,39800,ftseng@classicmodelcars.com,Sales Rep,NYC,+1 212-555-3000,USA,,Foon Yue Tseng,Yu Choi,523 East 53rd Street apt. 5A 10022,5290 North Pendale Street Suite 200 10022
45,79.73,2019-11-03,2019-11-11,2019-11-06,Shipped,Customer requested that DHL is used for this shipping,2002 Yamaha YZR M1,Motorcycles,1:50,Autoart Studio Design,600,34.17,81.36,Microscale Inc.,+1 212-555-1957,NYC,USA,39800,ftseng@classicmodelcars.com,Sales Rep,NYC,+1 212-555-3000,USA,,Foon Yue Tseng,Yu Choi,523 East 53rd Street apt. 5A 10022,5290 North Pendale Street Suite 200 10022
31,184.84,2019-11-03,2019-11-13,2019-11-07,Shipped,,1968 Ford Mustang,Classic Cars,1:12,Autoart Studio Design,68,95.34,194.57,"Volvo Model Replicas, Co",+46 921 12 35 55,Luleå,Sweden,53100,bjones@classicmodelcars.com,Sales Rep,London,+44 20 7877 2041,UK,EMEA,Barry Jones,Christina  Berglund,25 Old Broad Street Level 7 EC2N 1HN,Berguvsvägen  8  S-958 22
35,102.17,2019-11-03,2019-11-13,2019-11-07,Shipped,,1968 Dodge Charger,Classic Cars,1:12,Welly Diecast Productions,9123,75.16,117.44,"Volvo Model Replicas, Co",+46 921 12 35 55,Luleå,Sweden,53100,bjones@classicmodelcars.com,Sales Rep,London,+44 20 7877 2041,UK,EMEA,Barry Jones,Christina  Berglund,25 Old Broad Street Level 7 EC2N 1HN,Berguvsvägen  8  S-958 22
38,63.84,2019-11-03,2019-11-13,2019-11-07,Shipped,,1970 Plymouth Hemi Cuda,Classic Cars,1:12,Studio M Art Models,5663,31.92,79.8,"Volvo Model Replicas, Co",+46 921 12 35 55,Luleå,Sweden,53100,bjones@classicmodelcars.com,Sales Rep,London,+44 20 7877 2041,UK,EMEA,Barry Jones,Christina  Berglund,25 Old Broad Street Level 7 EC2N 1HN,Berguvsvägen  8  S-958 22
25,139.64,2019-11-03,2019-11-13,2019-11-07,Shipped,,1976 Ford Gran Torino,Classic Cars,1:18,Gearbox Collectibles,9127,73.49,146.99,"Volvo Model Replicas, Co",+46 921 12 35 55,Luleå,Sweden,53100,bjones@classicmodelcars.com,Sales Rep,London,+44 20 7877 2041,UK,EMEA,Barry Jones,Christina  Berglund,25 Old Broad Street Level 7 EC2N 1HN,Berguvsvägen  8  S-958 22
26,60.62,2019-11-03,2019-11-13,2019-11-07,Shipped,,1971 Alpine Renault 1600s,Classic Cars,1:24,Welly Diecast Productions,7995,38.58,61.23,"Volvo Model Replicas, Co",+46 921 12 35 55,Luleå,Sweden,53100,bjones@classicmodelcars.com,Sales Rep,London,+44 20 7877 2041,UK,EMEA,Barry Jones,Christina  Berglund,25 Old Broad Street Level 7 EC2N 1HN,Berguvsvägen  8  S-958 22
24,105.95,2019-11-04,2019-11-12,2019-11-07,Shipped,,1969 Dodge Charger,Classic Cars,1:12,Welly Diecast Productions,7323,58.73,115.16,FunGiftIdeas.com,+1 508-555-2555,New Bedford,USA,85800,spatterson@classicmodelcars.com,Sales Rep,Boston,+1 215-837-0825,USA,,Steve Patterson,Violeta Benitez,1550 Court Place Suite 102 02107,1785 First Street  50553
41,123.14,2019-11-04,2019-11-12,2019-11-07,Shipped,,1993 Mazda RX-7,Classic Cars,1:18,Highway 66 Mini Classics,3975,83.51,141.54,FunGiftIdeas.com,+1 508-555-2555,New Bedford,USA,85800,spatterson@classicmodelcars.com,Sales Rep,Boston,+1 215-837-0825,USA,,Steve Patterson,Violeta Benitez,1550 Court Place Suite 102 02107,1785 First Street  50553
44,120.71,2019-11-04,2019-11-12,2019-11-07,Shipped,,1965 Aston Martin DB5,Classic Cars,1:18,Classic Metal Creations,9042,65.96,124.44,FunGiftIdeas.com,+1 508-555-2555,New Bedford,USA,85800,spatterson@classicmodelcars.com,Sales Rep,Boston,+1 215-837-0825,USA,,Steve Patterson,Violeta Benitez,1550 Court Place Suite 102 02107,1785 First Street  50553
37,73.92,2019-11-04,2019-11-12,2019-11-07,Shipped,,1948 Porsche 356-A Roadster,Classic Cars,1:18,Gearbox Collectibles,8826,53.9,77.0,FunGiftIdeas.com,+1 508-555-2555,New Bedford,USA,85800,spatterson@classicmodelcars.com,Sales Rep,Boston,+1 215-837-0825,USA,,Steve Patterson,Violeta Benitez,1550 Court Place Suite 102 02107,1785 First Street  50553
25,142.25,2019-11-04,2019-11-12,2019-11-07,Shipped,,1995 Honda Civic,Classic Cars,1:18,Min Lin Diecast,9772,93.89,142.25,FunGiftIdeas.com,+1 508-555-2555,New Bedford,USA,85800,spatterson@classicmodelcars.com,Sales Rep,Boston,+1 215-837-0825,USA,,Steve Patterson,Violeta Benitez,1550 Court Place Suite 102 02107,1785 First Street  50553
27,126.72,2019-11-04,2019-11-12,2019-11-07,Shipped,,1999 Indy 500 Monte Carlo SS,Classic Cars,1:18,Red Start Diecast,8164,56.76,132.0,FunGiftIdeas.com,+1 508-555-2555,New Bedford,USA,85800,spatterson@classicmodelcars.com,Sales Rep,Boston,+1 215-837-0825,USA,,Steve Patterson,Violeta Benitez,1550 Court Place Suite 102 02107,1785 First Street  50553
33,164.26,2019-11-04,2019-11-12,2019-11-07,Shipped,,1992 Ferrari 360 Spider red,Classic Cars,1:18,Unimax Art Galleries,8347,77.9,169.34,FunGiftIdeas.com,+1 508-555-2555,New Bedford,USA,85800,spatterson@classicmodelcars.com,Sales Rep,Boston,+1 215-837-0825,USA,,Steve Patterson,Violeta Benitez,1550 Court Place Suite 102 02107,1785 First Street  50553
28,138.45,2019-11-04,2019-11-12,2019-11-07,Shipped,,1948 Porsche Type 356 Roadster,Classic Cars,1:18,Gearbox Collectibles,8990,62.16,141.28,FunGiftIdeas.com,+1 508-555-2555,New Bedford,USA,85800,spatterson@classicmodelcars.com,Sales Rep,Boston,+1 215-837-0825,USA,,Steve Patterson,Violeta Benitez,1550 Court Place Suite 102 02107,1785 First Street  50553
30,68.35,2019-11-04,2019-11-12,2019-11-07,Shipped,,1970 Chevy Chevelle SS 454,Classic Cars,1:24,Unimax Art Galleries,1005,49.24,73.49,FunGiftIdeas.com,+1 508-555-2555,New Bedford,USA,85800,spatterson@classicmodelcars.com,Sales Rep,Boston,+1 215-837-0825,USA,,Steve Patterson,Violeta Benitez,1550 Court Place Suite 102 02107,1785 First Street  50553
48,42.76,2019-11-04,2019-11-12,2019-11-07,Shipped,,1966 Shelby Cobra 427 S/C,Classic Cars,1:24,Carousel DieCast Legends,8197,29.18,50.31,FunGiftIdeas.com,+1 508-555-2555,New Bedford,USA,85800,spatterson@classicmodelcars.com,Sales Rep,Boston,+1 215-837-0825,USA,,Steve Patterson,Violeta Benitez,1550 Court Place Suite 102 02107,1785 First Street  50553
30,74.51,2019-11-04,2019-11-12,2019-11-07,Shipped,,1949 Jaguar XK 120,Classic Cars,1:24,Classic Metal Creations,2350,47.25,90.87,FunGiftIdeas.com,+1 508-555-2555,New Bedford,USA,85800,spatterson@classicmodelcars.com,Sales Rep,Boston,+1 215-837-0825,USA,,Steve Patterson,Violeta Benitez,1550 Court Place Suite 102 02107,1785 First Street  50553
37,31.72,2019-11-04,2019-11-12,2019-11-07,Shipped,,1982 Lamborghini Diablo,Classic Cars,1:24,Second Gear Diecast,7723,16.24,37.76,FunGiftIdeas.com,+1 508-555-2555,New Bedford,USA,85800,spatterson@classicmodelcars.com,Sales Rep,Boston,+1 215-837-0825,USA,,Steve Patterson,Violeta Benitez,1550 Court Place Suite 102 02107,1785 First Street  50553
39,81.33,2019-11-04,2019-11-12,2019-11-07,Shipped,,1969 Chevrolet Camaro Z28,Classic Cars,1:24,Exoto Designs,4695,50.51,85.61,FunGiftIdeas.com,+1 508-555-2555,New Bedford,USA,85800,spatterson@classicmodelcars.com,Sales Rep,Boston,+1 215-837-0825,USA,,Steve Patterson,Violeta Benitez,1550 Court Place Suite 102 02107,1785 First Street  50553
21,103.87,2019-11-04,2019-11-12,2019-11-07,Shipped,,2002 Chevy Corvette,Classic Cars,1:24,Gearbox Collectibles,9446,62.11,107.08,FunGiftIdeas.com,+1 508-555-2555,New Bedford,USA,85800,spatterson@classicmodelcars.com,Sales Rep,Boston,+1 215-837-0825,USA,,Steve Patterson,Violeta Benitez,1550 Court Place Suite 102 02107,1785 First Street  50553
26,137.62,2019-11-04,2019-11-12,2019-11-07,Shipped,,1956 Porsche 356A Coupe,Classic Cars,1:18,Classic Metal Creations,6600,98.3,140.43,FunGiftIdeas.com,+1 508-555-2555,New Bedford,USA,85800,spatterson@classicmodelcars.com,Sales Rep,Boston,+1 215-837-0825,USA,,Steve Patterson,Violeta Benitez,1550 Court Place Suite 102 02107,1785 First Street  50553
40,180.01,2019-11-04,2019-11-12,2019-11-10,Shipped,Customer has worked with some of our vendors in the past and is aware of their MSRP,1952 Alpine Renault 1300,Classic Cars,1:10,Classic Metal Creations,7305,98.58,214.3,Online Diecast Creations Co.,+1 603-555-8647,Nashua,USA,114200,spatterson@classicmodelcars.com,Sales Rep,Boston,+1 215-837-0825,USA,,Steve Patterson,Dorothy Young,1550 Court Place Suite 102 02107,2304 Long Airport Avenue  62005
46,141.83,2019-11-04,2019-11-12,2019-11-10,Shipped,Customer has worked with some of our vendors in the past and is aware of their MSRP,1962 LanciaA Delta 16V,Classic Cars,1:10,Second Gear Diecast,6791,103.42,147.74,Online Diecast Creations Co.,+1 603-555-8647,Nashua,USA,114200,spatterson@classicmodelcars.com,Sales Rep,Boston,+1 215-837-0825,USA,,Steve Patterson,Dorothy Young,1550 Court Place Suite 102 02107,2304 Long Airport Avenue  62005
27,136.67,2019-11-04,2019-11-12,2019-11-10,Shipped,Customer has worked with some of our vendors in the past and is aware of their MSRP,1958 Setra Bus,Trucks and Buses,1:12,Welly Diecast Productions,1579,77.9,136.67,Online Diecast Creations Co.,+1 603-555-8647,Nashua,USA,114200,spatterson@classicmodelcars.com,Sales Rep,Boston,+1 215-837-0825,USA,,Steve Patterson,Dorothy Young,1550 Court Place Suite 102 02107,2304 Long Airport Avenue  62005
22,101.5,2019-11-04,2019-11-12,2019-11-10,Shipped,Customer has worked with some of our vendors in the past and is aware of their MSRP,1940 Ford Pickup Truck,Trucks and Buses,1:18,Studio M Art Models,2613,58.33,116.67,Online Diecast Creations Co.,+1 603-555-8647,Nashua,USA,114200,spatterson@classicmodelcars.com,Sales Rep,Boston,+1 215-837-0825,USA,,Steve Patterson,Dorothy Young,1550 Court Place Suite 102 02107,2304 Long Airport Avenue  62005
43,92.47,2019-11-04,2019-11-12,2019-11-10,Shipped,Customer has worked with some of our vendors in the past and is aware of their MSRP,1937 Lincoln Berline,Vintage Cars,1:18,Motor City Art Classics,8693,60.62,102.74,Online Diecast Creations Co.,+1 603-555-8647,Nashua,USA,114200,spatterson@classicmodelcars.com,Sales Rep,Boston,+1 215-837-0825,USA,,Steve Patterson,Dorothy Young,1550 Court Place Suite 102 02107,2304 Long Airport Avenue  62005
41,44.21,2019-11-04,2019-11-12,2019-11-10,Shipped,Customer has worked with some of our vendors in the past and is aware of their MSRP,1936 Mercedes-Benz 500K Special Roadster,Vintage Cars,1:18,Studio M Art Models,8635,24.26,53.91,Online Diecast Creations Co.,+1 603-555-8647,Nashua,USA,114200,spatterson@classicmodelcars.com,Sales Rep,Boston,+1 215-837-0825,USA,,Steve Patterson,Dorothy Young,1550 Court Place Suite 102 02107,2304 Long Airport Avenue  62005
50,120.77,2019-11-04,2019-11-12,2019-11-10,Shipped,Customer has worked with some of our vendors in the past and is aware of their MSRP,1932 Model A Ford J-Coupe,Vintage Cars,1:18,Autoart Studio Design,9354,58.48,127.13,Online Diecast Creations Co.,+1 603-555-8647,Nashua,USA,114200,spatterson@classicmodelcars.com,Sales Rep,Boston,+1 215-837-0825,USA,,Steve Patterson,Dorothy Young,1550 Court Place Suite 102 02107,2304 Long Airport Avenue  62005
35,57.12,2019-11-04,2019-11-12,2019-11-10,Shipped,Customer has worked with some of our vendors in the past and is aware of their MSRP,1926 Ford Fire Engine,Trucks and Buses,1:18,Carousel DieCast Legends,2019,24.92,60.77,Online Diecast Creations Co.,+1 603-555-8647,Nashua,USA,114200,spatterson@classicmodelcars.com,Sales Rep,Boston,+1 215-837-0825,USA,,Steve Patterson,Dorothy Young,1550 Court Place Suite 102 02107,2304 Long Airport Avenue  62005
36,158.63,2019-11-04,2019-11-12,2019-11-10,Shipped,Customer has worked with some of our vendors in the past and is aware of their MSRP,1928 Mercedes-Benz SSK,Vintage Cars,1:18,Gearbox Collectibles,548,72.56,168.75,Online Diecast Creations Co.,+1 603-555-8647,Nashua,USA,114200,spatterson@classicmodelcars.com,Sales Rep,Boston,+1 215-837-0825,USA,,Steve Patterson,Dorothy Young,1550 Court Place Suite 102 02107,2304 Long Airport Avenue  62005
33,100.3,2019-11-04,2019-11-12,2019-11-10,Shipped,Customer has worked with some of our vendors in the past and is aware of their MSRP,1913 Ford Model T Speedster,Vintage Cars,1:18,Carousel DieCast Legends,4189,60.78,101.31,Online Diecast Creations Co.,+1 603-555-8647,Nashua,USA,114200,spatterson@classicmodelcars.com,Sales Rep,Boston,+1 215-837-0825,USA,,Steve Patterson,Dorothy Young,1550 Court Place Suite 102 02107,2304 Long Airport Avenue  62005
41,54.34,2019-11-04,2019-11-12,2019-11-10,Shipped,Customer has worked with some of our vendors in the past and is aware of their MSRP,1934 Ford V8 Coupe,Vintage Cars,1:18,Min Lin Diecast,5649,34.35,62.46,Online Diecast Creations Co.,+1 603-555-8647,Nashua,USA,114200,spatterson@classicmodelcars.com,Sales Rep,Boston,+1 215-837-0825,USA,,Steve Patterson,Dorothy Young,1550 Court Place Suite 102 02107,2304 Long Airport Avenue  62005
48,90.06,2019-11-04,2019-11-12,2019-11-10,Shipped,Customer has worked with some of our vendors in the past and is aware of their MSRP,18th Century Vintage Horse Carriage,Vintage Cars,1:18,Red Start Diecast,5992,60.74,104.72,Online Diecast Creations Co.,+1 603-555-8647,Nashua,USA,114200,spatterson@classicmodelcars.com,Sales Rep,Boston,+1 215-837-0825,USA,,Steve Patterson,Dorothy Young,1550 Court Place Suite 102 02107,2304 Long Airport Avenue  62005
20,26.55,2019-11-04,2019-11-12,2019-11-10,Shipped,Customer has worked with some of our vendors in the past and is aware of their MSRP,1939 Chevrolet Deluxe Coupe,Vintage Cars,1:24,Motor City Art Classics,7332,22.57,33.19,Online Diecast Creations Co.,+1 603-555-8647,Nashua,USA,114200,spatterson@classicmodelcars.com,Sales Rep,Boston,+1 215-837-0825,USA,,Steve Patterson,Dorothy Young,1550 Court Place Suite 102 02107,2304 Long Airport Avenue  62005
30,40.77,2019-11-04,2019-11-12,2019-11-10,Shipped,Customer has worked with some of our vendors in the past and is aware of their MSRP,1938 Cadillac V-16 Presidential Limousine,Vintage Cars,1:24,Classic Metal Creations,2847,20.61,44.8,Online Diecast Creations Co.,+1 603-555-8647,Nashua,USA,114200,spatterson@classicmodelcars.com,Sales Rep,Boston,+1 215-837-0825,USA,,Steve Patterson,Dorothy Young,1550 Court Place Suite 102 02107,2304 Long Airport Avenue  62005
33,88.3,2019-11-05,2019-11-12,2019-11-09,Shipped,,1917 Maxwell Touring Car,Vintage Cars,1:18,Exoto Designs,7913,57.54,99.21,"Blauer See Auto, Co.",+49 69 66902555,Frankfurt,Germany,59700,bjones@classicmodelcars.com,Sales Rep,London,+44 20 7877 2041,UK,EMEA,Barry Jones,Roland Keitel,25 Old Broad Street Level 7 EC2N 1HN,Lyonerstr. 34  60528
47,96.86,2019-11-05,2019-11-12,2019-11-09,Shipped,,1940s Ford truck,Trucks and Buses,1:18,Motor City Art Classics,3128,84.76,121.08,"Blauer See Auto, Co.",+49 69 66902555,Frankfurt,Germany,59700,bjones@classicmodelcars.com,Sales Rep,London,+44 20 7877 2041,UK,EMEA,Barry Jones,Roland Keitel,25 Old Broad Street Level 7 EC2N 1HN,Lyonerstr. 34  60528
27,148.06,2019-11-05,2019-11-11,2019-11-08,Shipped,,1969 Corvair Monza,Classic Cars,1:18,Welly Diecast Productions,6906,89.14,151.08,Vitachrome Inc.,+1 212-555-1500,NYC,USA,76400,ftseng@classicmodelcars.com,Sales Rep,NYC,+1 212-555-3000,USA,,Foon Yue Tseng,Michael Frick,523 East 53rd Street apt. 5A 10022,2678 Kingston Rd. Suite 101 10022
26,100.73,2019-11-05,2019-11-11,2019-11-08,Shipped,,1957 Chevy Pickup,Trucks and Buses,1:12,Exoto Designs,6125,55.7,118.5,Vitachrome Inc.,+1 212-555-1500,NYC,USA,76400,ftseng@classicmodelcars.com,Sales Rep,NYC,+1 212-555-3000,USA,,Foon Yue Tseng,Michael Frick,523 East 53rd Street apt. 5A 10022,2678 Kingston Rd. Suite 101 10022
47,142.45,2019-11-05,2019-11-11,2019-11-08,Shipped,,1998 Chrysler Plymouth Prowler,Classic Cars,1:18,Gearbox Collectibles,4724,101.51,163.73,Vitachrome Inc.,+1 212-555-1500,NYC,USA,76400,ftseng@classicmodelcars.com,Sales Rep,NYC,+1 212-555-3000,USA,,Foon Yue Tseng,Michael Frick,523 East 53rd Street apt. 5A 10022,2678 Kingston Rd. Suite 101 10022
33,105.55,2019-11-05,2019-11-11,2019-11-08,Shipped,,1964 Mercedes Tour Bus,Trucks and Buses,1:18,Unimax Art Galleries,8258,74.86,122.73,Vitachrome Inc.,+1 212-555-1500,NYC,USA,76400,ftseng@classicmodelcars.com,Sales Rep,NYC,+1 212-555-3000,USA,,Foon Yue Tseng,Michael Frick,523 East 53rd Street apt. 5A 10022,2678 Kingston Rd. Suite 101 10022
27,137.17,2019-11-05,2019-11-11,2019-11-08,Shipped,,1992 Ferrari 360 Spider red,Classic Cars,1:18,Unimax Art Galleries,8347,77.9,169.34,Vitachrome Inc.,+1 212-555-1500,NYC,USA,76400,ftseng@classicmodelcars.com,Sales Rep,NYC,+1 212-555-3000,USA,,Foon Yue Tseng,Michael Frick,523 East 53rd Street apt. 5A 10022,2678 Kingston Rd. Suite 101 10022
49,120.64,2019-11-05,2019-11-11,2019-11-08,Shipped,,1970 Triumph Spitfire,Classic Cars,1:18,Min Lin Diecast,5545,91.92,143.62,Vitachrome Inc.,+1 212-555-1500,NYC,USA,76400,ftseng@classicmodelcars.com,Sales Rep,NYC,+1 212-555-3000,USA,,Foon Yue Tseng,Michael Frick,523 East 53rd Street apt. 5A 10022,2678 Kingston Rd. Suite 101 10022
38,49.81,2019-11-05,2019-11-11,2019-11-08,Shipped,,1939 Cadillac Limousine,Vintage Cars,1:18,Studio M Art Models,6645,23.14,50.31,Vitachrome Inc.,+1 212-555-1500,NYC,USA,76400,ftseng@classicmodelcars.com,Sales Rep,NYC,+1 212-555-3000,USA,,Foon Yue Tseng,Michael Frick,523 East 53rd Street apt. 5A 10022,2678 Kingston Rd. Suite 101 10022
25,49.71,2019-11-05,2019-11-11,2019-11-08,Shipped,,1970 Dodge Coronet,Classic Cars,1:24,Highway 66 Mini Classics,4074,32.37,57.8,Vitachrome Inc.,+1 212-555-1500,NYC,USA,76400,ftseng@classicmodelcars.com,Sales Rep,NYC,+1 212-555-3000,USA,,Foon Yue Tseng,Michael Frick,523 East 53rd Street apt. 5A 10022,2678 Kingston Rd. Suite 101 10022
31,107.34,2019-11-05,2019-11-11,2019-11-08,Shipped,,1962 Volkswagen Microbus,Trucks and Buses,1:24,Autoart Studio Design,2327,61.34,127.79,Vitachrome Inc.,+1 212-555-1500,NYC,USA,76400,ftseng@classicmodelcars.com,Sales Rep,NYC,+1 212-555-3000,USA,,Foon Yue Tseng,Michael Frick,523 East 53rd Street apt. 5A 10022,2678 Kingston Rd. Suite 101 10022
30,29.35,2019-11-05,2019-11-11,2019-11-08,Shipped,,1958 Chevy Corvette Limited Edition,Classic Cars,1:24,Carousel DieCast Legends,2542,15.91,35.36,Vitachrome Inc.,+1 212-555-1500,NYC,USA,76400,ftseng@classicmodelcars.com,Sales Rep,NYC,+1 212-555-3000,USA,,Foon Yue Tseng,Michael Frick,523 East 53rd Street apt. 5A 10022,2678 Kingston Rd. Suite 101 10022
33,95.44,2019-11-05,2019-11-11,2019-11-08,Shipped,,1936 Chrysler Airflow,Vintage Cars,1:24,Second Gear Diecast,4710,57.46,97.39,Vitachrome Inc.,+1 212-555-1500,NYC,USA,76400,ftseng@classicmodelcars.com,Sales Rep,NYC,+1 212-555-3000,USA,,Foon Yue Tseng,Michael Frick,523 East 53rd Street apt. 5A 10022,2678 Kingston Rd. Suite 101 10022
20,91.49,2019-11-05,2019-11-11,2019-11-08,Shipped,,1980’s GM Manhattan Express,Trucks and Buses,1:32,Motor City Art Classics,5099,53.93,96.31,Vitachrome Inc.,+1 212-555-1500,NYC,USA,76400,ftseng@classicmodelcars.com,Sales Rep,NYC,+1 212-555-3000,USA,,Foon Yue Tseng,Michael Frick,523 East 53rd Street apt. 5A 10022,2678 Kingston Rd. Suite 101 10022
48,60.76,2019-11-05,2019-11-11,2019-11-08,Shipped,,1996 Peterbilt 379 Stake Bed with Outrigger,Trucks and Buses,1:32,Red Start Diecast,814,33.61,64.64,Vitachrome Inc.,+1 212-555-1500,NYC,USA,76400,ftseng@classicmodelcars.com,Sales Rep,NYC,+1 212-555-3000,USA,,Foon Yue Tseng,Michael Frick,523 East 53rd Street apt. 5A 10022,2678 Kingston Rd. Suite 101 10022
34,80.92,2019-11-05,2019-11-11,2019-11-08,Shipped,,1982 Camaro Z28,Classic Cars,1:18,Carousel DieCast Legends,6934,46.53,101.15,Vitachrome Inc.,+1 212-555-1500,NYC,USA,76400,ftseng@classicmodelcars.com,Sales Rep,NYC,+1 212-555-3000,USA,,Foon Yue Tseng,Michael Frick,523 East 53rd Street apt. 5A 10022,2678 Kingston Rd. Suite 101 10022
47,111.52,2019-11-05,2019-11-13,2019-11-08,Shipped,,1972 Alfa Romeo GTA,Classic Cars,1:10,Motor City Art Classics,3252,85.68,136.0,Baane Mini Imports,,Stavern,Norway,81700,bjones@classicmodelcars.com,Sales Rep,London,+44 20 7877 2041,UK,EMEA,Barry Jones,Jonas  Bergulfsen,25 Old Broad Street Level 7 EC2N 1HN,Erling Skakkes gate 78  4110
42,193.25,2019-11-05,2019-11-13,2019-11-08,Shipped,,2001 Ferrari Enzo,Classic Cars,1:12,Second Gear Diecast,3619,95.59,207.8,Baane Mini Imports,,Stavern,Norway,81700,bjones@classicmodelcars.com,Sales Rep,London,+44 20 7877 2041,UK,EMEA,Barry Jones,Jonas  Bergulfsen,25 Old Broad Street Level 7 EC2N 1HN,Erling Skakkes gate 78  4110
24,166.1,2019-11-05,2019-11-13,2019-11-08,Shipped,,1969 Ford Falcon,Classic Cars,1:12,Second Gear Diecast,1049,83.05,173.02,Baane Mini Imports,,Stavern,Norway,81700,bjones@classicmodelcars.com,Sales Rep,London,+44 20 7877 2041,UK,EMEA,Barry Jones,Jonas  Bergulfsen,25 Old Broad Street Level 7 EC2N 1HN,Erling Skakkes gate 78  4110
24,114.74,2019-11-05,2019-11-13,2019-11-08,Shipped,,1903 Ford Model A,Vintage Cars,1:18,Unimax Art Galleries,3913,68.3,136.59,Baane Mini Imports,,Stavern,Norway,81700,bjones@classicmodelcars.com,Sales Rep,London,+44 20 7877 2041,UK,EMEA,Barry Jones,Jonas  Bergulfsen,25 Old Broad Street Level 7 EC2N 1HN,Erling Skakkes gate 78  4110
44,114.73,2019-11-05,2019-11-13,2019-11-08,Shipped,,1992 Porsche Cayenne Turbo Silver,Classic Cars,1:24,Exoto Designs,6582,69.78,118.28,Baane Mini Imports,,Stavern,Norway,81700,bjones@classicmodelcars.com,Sales Rep,London,+44 20 7877 2041,UK,EMEA,Barry Jones,Jonas  Bergulfsen,25 Old Broad Street Level 7 EC2N 1HN,Erling Skakkes gate 78  4110
38,44.37,2019-11-05,2019-11-13,2019-11-08,Shipped,,1954 Greyhound Scenicruiser,Trucks and Buses,1:32,Classic Metal Creations,2874,25.98,54.11,Baane Mini Imports,,Stavern,Norway,81700,bjones@classicmodelcars.com,Sales Rep,London,+44 20 7877 2041,UK,EMEA,Barry Jones,Jonas  Bergulfsen,25 Old Broad Street Level 7 EC2N 1HN,Erling Skakkes gate 78  4110
28,55.3,2019-11-05,2019-11-13,2019-11-08,Shipped,,1950s Chicago Surface Lines Streetcar,Trains,1:32,Gearbox Collectibles,8601,26.72,62.14,Baane Mini Imports,,Stavern,Norway,81700,bjones@classicmodelcars.com,Sales Rep,London,+44 20 7877 2041,UK,EMEA,Barry Jones,Jonas  Bergulfsen,25 Old Broad Street Level 7 EC2N 1HN,Erling Skakkes gate 78  4110
38,99.55,2019-11-05,2019-11-13,2019-11-08,Shipped,,Diamond T620 Semi-Skirted Tanker,Trucks and Buses,1:50,Highway 66 Mini Classics,1016,68.29,115.75,Baane Mini Imports,,Stavern,Norway,81700,bjones@classicmodelcars.com,Sales Rep,London,+44 20 7877 2041,UK,EMEA,Barry Jones,Jonas  Bergulfsen,25 Old Broad Street Level 7 EC2N 1HN,Erling Skakkes gate 78  4110
44,56.24,2019-11-05,2019-11-13,2019-11-08,Shipped,,1962 City of Detroit Streetcar,Trains,1:50,Classic Metal Creations,1645,37.49,58.58,Baane Mini Imports,,Stavern,Norway,81700,bjones@classicmodelcars.com,Sales Rep,London,+44 20 7877 2041,UK,EMEA,Barry Jones,Jonas  Bergulfsen,25 Old Broad Street Level 7 EC2N 1HN,Erling Skakkes gate 78  4110
32,94.79,2019-11-09,2019-11-16,2019-11-10,Shipped,,Collectable Wooden Train,Trains,1:18,Carousel DieCast Legends,6450,67.56,100.84,"Volvo Model Replicas, Co",+46 921 12 35 55,Luleå,Sweden,53100,bjones@classicmodelcars.com,Sales Rep,London,+44 20 7877 2041,UK,EMEA,Barry Jones,Christina  Berglund,25 Old Broad Street Level 7 EC2N 1HN,Berguvsvägen  8  S-958 22
50,73.73,2019-11-09,2019-11-16,2019-11-10,Shipped,,1904 Buick Runabout,Vintage Cars,1:18,Exoto Designs,8290,52.66,87.77,"Volvo Model Replicas, Co",+46 921 12 35 55,Luleå,Sweden,53100,bjones@classicmodelcars.com,Sales Rep,London,+44 20 7877 2041,UK,EMEA,Barry Jones,Christina  Berglund,25 Old Broad Street Level 7 EC2N 1HN,Berguvsvägen  8  S-958 22
41,120.43,2019-11-09,2019-11-16,2019-11-10,Shipped,,18th century schooner,Ships,1:24,Carousel DieCast Legends,1898,82.34,122.89,"Volvo Model Replicas, Co",+46 921 12 35 55,Luleå,Sweden,53100,bjones@classicmodelcars.com,Sales Rep,London,+44 20 7877 2041,UK,EMEA,Barry Jones,Christina  Berglund,25 Old Broad Street Level 7 EC2N 1HN,Berguvsvägen  8  S-958 22
41,86.74,2019-11-09,2019-11-16,2019-11-10,Shipped,,1912 Ford Model T Delivery Wagon,Vintage Cars,1:24,Min Lin Diecast,9173,46.91,88.51,"Volvo Model Replicas, Co",+46 921 12 35 55,Luleå,Sweden,53100,bjones@classicmodelcars.com,Sales Rep,London,+44 20 7877 2041,UK,EMEA,Barry Jones,Christina  Berglund,25 Old Broad Street Level 7 EC2N 1HN,Berguvsvägen  8  S-958 22
20,81.34,2019-11-09,2019-11-16,2019-11-10,Shipped,,1940 Ford Delivery Sedan,Vintage Cars,1:24,Carousel DieCast Legends,6621,48.64,83.86,"Volvo Model Replicas, Co",+46 921 12 35 55,Luleå,Sweden,53100,bjones@classicmodelcars.com,Sales Rep,London,+44 20 7877 2041,UK,EMEA,Barry Jones,Christina  Berglund,25 Old Broad Street Level 7 EC2N 1HN,Berguvsvägen  8  S-958 22
39,60.67,2019-11-09,2019-11-16,2019-11-10,Shipped,,The Schooner Bluenose,Ships,1:700,Autoart Studio Design,1897,34.0,66.67,"Volvo Model Replicas, Co",+46 921 12 35 55,Luleå,Sweden,53100,bjones@classicmodelcars.com,Sales Rep,London,+44 20 7877 2041,UK,EMEA,Barry Jones,Christina  Berglund,25 Old Broad Street Level 7 EC2N 1HN,Berguvsvägen  8  S-958 22
25,154.54,2019-11-10,2019-11-19,2019-11-13,Resolved,Order was disputed and resolved on 12/1/04. The Sales Manager was involved. Customer claims the scales of the models dont match what was discussed.,1980s Black Hawk Helicopter,Planes,1:18,Red Start Diecast,5330,77.27,157.69,Danish Wholesale Imports,+45 31 12 35 55,Kobenhavn,Denmark,83400,pcastillo@classicmodelcars.com,Sales Rep,Paris,+33 1 47 23 44 04,France,EMEA,Pamela Castillo,Jytte  Petersen,43 Rue Jouffroy Dabbans  75017,Vinbæltet 34  1734
45,74.34,2019-11-10,2019-11-19,2019-11-13,Resolved,Order was disputed and resolved on 12/1/04. The Sales Manager was involved. Customer claims the scales of the models dont match what was discussed.,P-51-D Mustang,Planes,1:72,Gearbox Collectibles,992,49.0,84.48,Danish Wholesale Imports,+45 31 12 35 55,Kobenhavn,Denmark,83400,pcastillo@classicmodelcars.com,Sales Rep,Paris,+33 1 47 23 44 04,France,EMEA,Pamela Castillo,Jytte  Petersen,43 Rue Jouffroy Dabbans  75017,Vinbæltet 34  1734
25,74.84,2019-11-10,2019-11-19,2019-11-13,Resolved,Order was disputed and resolved on 12/1/04. The Sales Manager was involved. Customer claims the scales of the models dont match what was discussed.,1999 Yamaha Speed Boat,Ships,1:18,Min Lin Diecast,4259,51.61,86.02,Danish Wholesale Imports,+45 31 12 35 55,Kobenhavn,Denmark,83400,pcastillo@classicmodelcars.com,Sales Rep,Paris,+33 1 47 23 44 04,France,EMEA,Pamela Castillo,Jytte  Petersen,43 Rue Jouffroy Dabbans  75017,Vinbæltet 34  1734
20,79.68,2019-11-10,2019-11-19,2019-11-13,Resolved,Order was disputed and resolved on 12/1/04. The Sales Manager was involved. Customer claims the scales of the models dont match what was discussed.,The Mayflower,Ships,1:700,Studio M Art Models,737,43.3,86.61,Danish Wholesale Imports,+45 31 12 35 55,Kobenhavn,Denmark,83400,pcastillo@classicmodelcars.com,Sales Rep,Paris,+33 1 47 23 44 04,France,EMEA,Pamela Castillo,Jytte  Petersen,43 Rue Jouffroy Dabbans  75017,Vinbæltet 34  1734
21,65.05,2019-11-10,2019-11-19,2019-11-13,Resolved,Order was disputed and resolved on 12/1/04. The Sales Manager was involved. Customer claims the scales of the models dont match what was discussed.,The USS Constitution Ship,Ships,1:700,Red Start Diecast,7083,33.97,72.28,Danish Wholesale Imports,+45 31 12 35 55,Kobenhavn,Denmark,83400,pcastillo@classicmodelcars.com,Sales Rep,Paris,+33 1 47 23 44 04,France,EMEA,Pamela Castillo,Jytte  Petersen,43 Rue Jouffroy Dabbans  75017,Vinbæltet 34  1734
43,85.14,2019-11-10,2019-11-19,2019-11-13,Resolved,Order was disputed and resolved on 12/1/04. The Sales Manager was involved. Customer claims the scales of the models dont match what was discussed.,The Titanic,Ships,1:700,Carousel DieCast Legends,1956,51.09,100.17,Danish Wholesale Imports,+45 31 12 35 55,Kobenhavn,Denmark,83400,pcastillo@classicmodelcars.com,Sales Rep,Paris,+33 1 47 23 44 04,France,EMEA,Pamela Castillo,Jytte  Petersen,43 Rue Jouffroy Dabbans  75017,Vinbæltet 34  1734
37,83.42,2019-11-10,2019-11-19,2019-11-13,Resolved,Order was disputed and resolved on 12/1/04. The Sales Manager was involved. Customer claims the scales of the models dont match what was discussed.,The Queen Mary,Ships,1:700,Welly Diecast Productions,5088,53.63,99.31,Danish Wholesale Imports,+45 31 12 35 55,Kobenhavn,Denmark,83400,pcastillo@classicmodelcars.com,Sales Rep,Paris,+33 1 47 23 44 04,France,EMEA,Pamela Castillo,Jytte  Petersen,43 Rue Jouffroy Dabbans  75017,Vinbæltet 34  1734
37,48.05,2019-11-10,2019-11-19,2019-11-13,Resolved,Order was disputed and resolved on 12/1/04. The Sales Manager was involved. Customer claims the scales of the models dont match what was discussed.,Pont Yacht,Ships,1:72,Unimax Art Galleries,414,33.3,54.6,Danish Wholesale Imports,+45 31 12 35 55,Kobenhavn,Denmark,83400,pcastillo@classicmodelcars.com,Sales Rep,Paris,+33 1 47 23 44 04,France,EMEA,Pamela Castillo,Jytte  Petersen,43 Rue Jouffroy Dabbans  75017,Vinbæltet 34  1734
34,104.81,2019-11-12,2019-11-21,2019-11-18,Shipped,Customer very concerned about the exact color of the models. There is high risk that he may dispute the order because there is a slight color mismatch,1941 Chevrolet Special Deluxe Cabriolet,Vintage Cars,1:18,Exoto Designs,2378,64.58,105.87,Rovelli Gifts,+39 035 640555,Bergamo,Italy,119600,pcastillo@classicmodelcars.com,Sales Rep,Paris,+33 1 47 23 44 04,France,EMEA,Pamela Castillo,Giovanni  Rovelli,43 Rue Jouffroy Dabbans  75017,Via Ludovico il Moro 22  24100
47,87.54,2019-11-12,2019-11-21,2019-11-18,Shipped,Customer very concerned about the exact color of the models. There is high risk that he may dispute the order because there is a slight color mismatch,1928 British Royal Navy Airplane,Planes,1:24,Classic Metal Creations,3627,66.74,109.42,Rovelli Gifts,+39 035 640555,Bergamo,Italy,119600,pcastillo@classicmodelcars.com,Sales Rep,Paris,+33 1 47 23 44 04,France,EMEA,Pamela Castillo,Giovanni  Rovelli,43 Rue Jouffroy Dabbans  75017,Via Ludovico il Moro 22  24100
48,67.82,2019-11-12,2019-11-21,2019-11-18,Shipped,Customer very concerned about the exact color of the models. There is high risk that he may dispute the order because there is a slight color mismatch,1900s Vintage Bi-Plane,Planes,1:24,Autoart Studio Design,5942,34.25,68.51,Rovelli Gifts,+39 035 640555,Bergamo,Italy,119600,pcastillo@classicmodelcars.com,Sales Rep,Paris,+33 1 47 23 44 04,France,EMEA,Pamela Castillo,Giovanni  Rovelli,43 Rue Jouffroy Dabbans  75017,Via Ludovico il Moro 22  24100
20,56.55,2019-11-12,2019-11-21,2019-11-18,Shipped,Customer very concerned about the exact color of the models. There is high risk that he may dispute the order because there is a slight color mismatch,1937 Horch 930V Limousine,Vintage Cars,1:24,Autoart Studio Design,2902,26.3,65.75,Rovelli Gifts,+39 035 640555,Bergamo,Italy,119600,pcastillo@classicmodelcars.com,Sales Rep,Paris,+33 1 47 23 44 04,France,EMEA,Pamela Castillo,Giovanni  Rovelli,43 Rue Jouffroy Dabbans  75017,Via Ludovico il Moro 22  24100
35,55.96,2019-11-12,2019-11-21,2019-11-18,Shipped,Customer very concerned about the exact color of the models. There is high risk that he may dispute the order because there is a slight color mismatch,Corsair F4U ( Bird Cage),Planes,1:24,Second Gear Diecast,6812,29.34,68.24,Rovelli Gifts,+39 035 640555,Bergamo,Italy,119600,pcastillo@classicmodelcars.com,Sales Rep,Paris,+33 1 47 23 44 04,France,EMEA,Pamela Castillo,Giovanni  Rovelli,43 Rue Jouffroy Dabbans  75017,Via Ludovico il Moro 22  24100
43,69.55,2019-11-12,2019-11-21,2019-11-18,Shipped,Customer very concerned about the exact color of the models. There is high risk that he may dispute the order because there is a slight color mismatch,1900s Vintage Tri-Plane,Planes,1:24,Unimax Art Galleries,2756,36.23,72.45,Rovelli Gifts,+39 035 640555,Bergamo,Italy,119600,pcastillo@classicmodelcars.com,Sales Rep,Paris,+33 1 47 23 44 04,France,EMEA,Pamela Castillo,Giovanni  Rovelli,43 Rue Jouffroy Dabbans  75017,Via Ludovico il Moro 22  24100
24,57.1,2019-11-12,2019-11-21,2019-11-18,Shipped,Customer very concerned about the exact color of the models. There is high risk that he may dispute the order because there is a slight color mismatch,1928 Ford Phaeton Deluxe,Vintage Cars,1:32,Highway 66 Mini Classics,136,33.02,68.79,Rovelli Gifts,+39 035 640555,Bergamo,Italy,119600,pcastillo@classicmodelcars.com,Sales Rep,Paris,+33 1 47 23 44 04,France,EMEA,Pamela Castillo,Giovanni  Rovelli,43 Rue Jouffroy Dabbans  75017,Via Ludovico il Moro 22  24100
34,42.33,2019-11-12,2019-11-21,2019-11-18,Shipped,Customer very concerned about the exact color of the models. There is high risk that he may dispute the order because there is a slight color mismatch,1930 Buick Marquette Phaeton,Vintage Cars,1:50,Studio M Art Models,7062,27.06,43.64,Rovelli Gifts,+39 035 640555,Bergamo,Italy,119600,pcastillo@classicmodelcars.com,Sales Rep,Paris,+33 1 47 23 44 04,France,EMEA,Pamela Castillo,Giovanni  Rovelli,43 Rue Jouffroy Dabbans  75017,Via Ludovico il Moro 22  24100
27,84.03,2019-11-12,2019-11-21,2019-11-18,Shipped,Customer very concerned about the exact color of the models. There is high risk that he may dispute the order because there is a slight color mismatch,American Airlines: B767-300,Planes,1:700,Min Lin Diecast,5841,51.15,91.34,Rovelli Gifts,+39 035 640555,Bergamo,Italy,119600,pcastillo@classicmodelcars.com,Sales Rep,Paris,+33 1 47 23 44 04,France,EMEA,Pamela Castillo,Giovanni  Rovelli,43 Rue Jouffroy Dabbans  75017,Via Ludovico il Moro 22  24100
41,75.13,2019-11-12,2019-11-21,2019-11-18,Shipped,Customer very concerned about the exact color of the models. There is high risk that he may dispute the order because there is a slight color mismatch,HMS Bounty,Ships,1:700,Unimax Art Galleries,3501,39.83,90.52,Rovelli Gifts,+39 035 640555,Bergamo,Italy,119600,pcastillo@classicmodelcars.com,Sales Rep,Paris,+33 1 47 23 44 04,France,EMEA,Pamela Castillo,Giovanni  Rovelli,43 Rue Jouffroy Dabbans  75017,Via Ludovico il Moro 22  24100
37,95.73,2019-11-12,2019-11-21,2019-11-18,Shipped,Customer very concerned about the exact color of the models. There is high risk that he may dispute the order because there is a slight color mismatch,America West Airlines B757-200,Planes,1:700,Motor City Art Classics,9653,68.8,99.72,Rovelli Gifts,+39 035 640555,Bergamo,Italy,119600,pcastillo@classicmodelcars.com,Sales Rep,Paris,+33 1 47 23 44 04,France,EMEA,Pamela Castillo,Giovanni  Rovelli,43 Rue Jouffroy Dabbans  75017,Via Ludovico il Moro 22  24100
33,117.46,2019-11-12,2019-11-21,2019-11-18,Shipped,Customer very concerned about the exact color of the models. There is high risk that he may dispute the order because there is a slight color mismatch,ATA: B757-300,Planes,1:700,Highway 66 Mini Classics,7106,59.33,118.65,Rovelli Gifts,+39 035 640555,Bergamo,Italy,119600,pcastillo@classicmodelcars.com,Sales Rep,Paris,+33 1 47 23 44 04,France,EMEA,Pamela Castillo,Giovanni  Rovelli,43 Rue Jouffroy Dabbans  75017,Via Ludovico il Moro 22  24100
33,71.2,2019-11-12,2019-11-21,2019-11-18,Shipped,Customer very concerned about the exact color of the models. There is high risk that he may dispute the order because there is a slight color mismatch,F/A 18 Hornet 1/72,Planes,1:72,Motor City Art Classics,551,54.4,80.0,Rovelli Gifts,+39 035 640555,Bergamo,Italy,119600,pcastillo@classicmodelcars.com,Sales Rep,Paris,+33 1 47 23 44 04,France,EMEA,Pamela Castillo,Giovanni  Rovelli,43 Rue Jouffroy Dabbans  75017,Via Ludovico il Moro 22  24100
39,69.59,2019-11-12,2019-11-21,2019-11-18,Shipped,Customer very concerned about the exact color of the models. There is high risk that he may dispute the order because there is a slight color mismatch,American Airlines: MD-11S,Planes,1:700,Second Gear Diecast,8820,36.27,74.03,Rovelli Gifts,+39 035 640555,Bergamo,Italy,119600,pcastillo@classicmodelcars.com,Sales Rep,Paris,+33 1 47 23 44 04,France,EMEA,Pamela Castillo,Giovanni  Rovelli,43 Rue Jouffroy Dabbans  75017,Via Ludovico il Moro 22  24100
42,80.39,2019-11-15,2019-11-24,2019-11-16,Shipped,,1969 Harley Davidson Ultimate Chopper,Motorcycles,1:10,Min Lin Diecast,7933,48.81,95.7,Land of Toys Inc.,+1 212-555-7818,NYC,USA,114900,gvanauf@classicmodelcars.com,Sales Rep,NYC,+1 212-555-3000,USA,,George Vanauf,Kwai Lee,523 East 53rd Street apt. 5A 10022,897 Long Airport Avenue  10022
20,109.42,2019-11-15,2019-11-24,2019-11-16,Shipped,,1996 Moto Guzzi 1100i,Motorcycles,1:10,Highway 66 Mini Classics,6625,68.99,118.94,Land of Toys Inc.,+1 212-555-7818,NYC,USA,114900,gvanauf@classicmodelcars.com,Sales Rep,NYC,+1 212-555-3000,USA,,George Vanauf,Kwai Lee,523 East 53rd Street apt. 5A 10022,897 Long Airport Avenue  10022
26,164.61,2019-11-15,2019-11-24,2019-11-16,Shipped,,2003 Harley-Davidson Eagle Drag Bike,Motorcycles,1:10,Red Start Diecast,5582,91.02,193.66,Land of Toys Inc.,+1 212-555-7818,NYC,USA,114900,gvanauf@classicmodelcars.com,Sales Rep,NYC,+1 212-555-3000,USA,,George Vanauf,Kwai Lee,523 East 53rd Street apt. 5A 10022,897 Long Airport Avenue  10022
41,182.9,2019-11-15,2019-11-24,2019-11-16,Shipped,,1968 Ford Mustang,Classic Cars,1:12,Autoart Studio Design,68,95.34,194.57,Land of Toys Inc.,+1 212-555-7818,NYC,USA,114900,gvanauf@classicmodelcars.com,Sales Rep,NYC,+1 212-555-3000,USA,,George Vanauf,Kwai Lee,523 East 53rd Street apt. 5A 10022,897 Long Airport Avenue  10022
24,128.03,2019-11-15,2019-11-24,2019-11-16,Shipped,,2002 Suzuki XREO,Motorcycles,1:12,Unimax Art Galleries,9997,66.27,150.62,Land of Toys Inc.,+1 212-555-7818,NYC,USA,114900,gvanauf@classicmodelcars.com,Sales Rep,NYC,+1 212-555-3000,USA,,George Vanauf,Kwai Lee,523 East 53rd Street apt. 5A 10022,897 Long Airport Avenue  10022
46,117.44,2019-11-15,2019-11-24,2019-11-16,Shipped,,1968 Dodge Charger,Classic Cars,1:12,Welly Diecast Productions,9123,75.16,117.44,Land of Toys Inc.,+1 212-555-7818,NYC,USA,114900,gvanauf@classicmodelcars.com,Sales Rep,NYC,+1 212-555-3000,USA,,George Vanauf,Kwai Lee,523 East 53rd Street apt. 5A 10022,897 Long Airport Avenue  10022
33,74.21,2019-11-15,2019-11-24,2019-11-16,Shipped,,1970 Plymouth Hemi Cuda,Classic Cars,1:12,Studio M Art Models,5663,31.92,79.8,Land of Toys Inc.,+1 212-555-7818,NYC,USA,114900,gvanauf@classicmodelcars.com,Sales Rep,NYC,+1 212-555-3000,USA,,George Vanauf,Kwai Lee,523 East 53rd Street apt. 5A 10022,897 Long Airport Avenue  10022
39,102.49,2019-11-15,2019-11-24,2019-11-16,Shipped,,1969 Dodge Charger,Classic Cars,1:12,Welly Diecast Productions,7323,58.73,115.16,Land of Toys Inc.,+1 212-555-7818,NYC,USA,114900,gvanauf@classicmodelcars.com,Sales Rep,NYC,+1 212-555-3000,USA,,George Vanauf,Kwai Lee,523 East 53rd Street apt. 5A 10022,897 Long Airport Avenue  10022
29,66.22,2019-11-15,2019-11-24,2019-11-16,Shipped,,1948 Porsche 356-A Roadster,Classic Cars,1:18,Gearbox Collectibles,8826,53.9,77.0,Land of Toys Inc.,+1 212-555-7818,NYC,USA,114900,gvanauf@classicmodelcars.com,Sales Rep,NYC,+1 212-555-3000,USA,,George Vanauf,Kwai Lee,523 East 53rd Street apt. 5A 10022,897 Long Airport Avenue  10022
38,55.72,2019-11-15,2019-11-24,2019-11-16,Shipped,,1936 Harley Davidson El Knucklehead,Motorcycles,1:18,Welly Diecast Productions,4357,24.23,60.57,Land of Toys Inc.,+1 212-555-7818,NYC,USA,114900,gvanauf@classicmodelcars.com,Sales Rep,NYC,+1 212-555-3000,USA,,George Vanauf,Kwai Lee,523 East 53rd Street apt. 5A 10022,897 Long Airport Avenue  10022
38,65.13,2019-11-15,2019-11-24,2019-11-16,Shipped,,1969 Dodge Super Bee,Classic Cars,1:18,Min Lin Diecast,1917,49.05,80.41,Land of Toys Inc.,+1 212-555-7818,NYC,USA,114900,gvanauf@classicmodelcars.com,Sales Rep,NYC,+1 212-555-3000,USA,,George Vanauf,Kwai Lee,523 East 53rd Street apt. 5A 10022,897 Long Airport Avenue  10022
30,104.81,2019-11-15,2019-11-24,2019-11-16,Shipped,,1997 BMW R 1100 S,Motorcycles,1:24,Autoart Studio Design,7003,60.86,112.7,Land of Toys Inc.,+1 212-555-7818,NYC,USA,114900,gvanauf@classicmodelcars.com,Sales Rep,NYC,+1 212-555-3000,USA,,George Vanauf,Kwai Lee,523 East 53rd Street apt. 5A 10022,897 Long Airport Avenue  10022
37,71.6,2019-11-15,2019-11-24,2019-11-16,Shipped,,1960 BSA Gold Star DBD34,Motorcycles,1:24,Highway 66 Mini Classics,15,37.32,76.17,Land of Toys Inc.,+1 212-555-7818,NYC,USA,114900,gvanauf@classicmodelcars.com,Sales Rep,NYC,+1 212-555-3000,USA,,George Vanauf,Kwai Lee,523 East 53rd Street apt. 5A 10022,897 Long Airport Avenue  10022
45,80.91,2019-11-15,2019-11-24,2019-11-16,Shipped,,1997 BMW F650 ST,Motorcycles,1:32,Exoto Designs,178,66.92,99.89,Land of Toys Inc.,+1 212-555-7818,NYC,USA,114900,gvanauf@classicmodelcars.com,Sales Rep,NYC,+1 212-555-3000,USA,,George Vanauf,Kwai Lee,523 East 53rd Street apt. 5A 10022,897 Long Airport Avenue  10022
44,41.22,2019-11-15,2019-11-24,2019-11-16,Shipped,,Boeing X-32A JSF,Planes,1:72,Motor City Art Classics,4857,32.77,49.66,Land of Toys Inc.,+1 212-555-7818,NYC,USA,114900,gvanauf@classicmodelcars.com,Sales Rep,NYC,+1 212-555-3000,USA,,George Vanauf,Kwai Lee,523 East 53rd Street apt. 5A 10022,897 Long Airport Avenue  10022
37,136.7,2019-11-16,2019-11-25,2019-11-21,Shipped,,1976 Ford Gran Torino,Classic Cars,1:18,Gearbox Collectibles,9127,73.49,146.99,Cruz & Sons Co.,,Makati City,Philippines,81500,mnishi@classicmodelcars.com,Sales Rep,Tokyo,+81 3-3224-5000,Japan,Japan,Mami Nishi,Arnold Cruz,4-1 Kioicho  102-8578,15 McCallum Street NatWest Center #13-03 1227 MM
29,59.06,2019-11-16,2019-11-25,2019-11-21,Shipped,,1957 Vespa GS150,Motorcycles,1:18,Studio M Art Models,7689,32.95,62.17,Cruz & Sons Co.,,Makati City,Philippines,81500,mnishi@classicmodelcars.com,Sales Rep,Tokyo,+81 3-3224-5000,Japan,Japan,Mami Nishi,Arnold Cruz,4-1 Kioicho  102-8578,15 McCallum Street NatWest Center #13-03 1227 MM
50,133.92,2019-11-16,2019-11-25,2019-11-21,Shipped,,1957 Corvette Convertible,Classic Cars,1:18,Classic Metal Creations,1249,69.93,148.8,Cruz & Sons Co.,,Makati City,Philippines,81500,mnishi@classicmodelcars.com,Sales Rep,Tokyo,+81 3-3224-5000,Japan,Japan,Mami Nishi,Arnold Cruz,4-1 Kioicho  102-8578,15 McCallum Street NatWest Center #13-03 1227 MM
42,56.1,2019-11-16,2019-11-25,2019-11-21,Shipped,,1982 Ducati 900 Monster,Motorcycles,1:24,Highway 66 Mini Classics,6840,47.1,69.26,Cruz & Sons Co.,,Makati City,Philippines,81500,mnishi@classicmodelcars.com,Sales Rep,Tokyo,+81 3-3224-5000,Japan,Japan,Mami Nishi,Arnold Cruz,4-1 Kioicho  102-8578,15 McCallum Street NatWest Center #13-03 1227 MM
46,120.31,2019-11-17,2019-11-23,2019-11-23,Shipped,Customer requested special shippment. The instructions were passed along to the warehouse,1993 Mazda RX-7,Classic Cars,1:18,Highway 66 Mini Classics,3975,83.51,141.54,Motor Mint Distributors Inc.,+1 215-555-9857,Philadelphia,USA,72600,gvanauf@classicmodelcars.com,Sales Rep,NYC,+1 212-555-3000,USA,,George Vanauf,Rosa Salazar,523 East 53rd Street apt. 5A 10022,11328 Douglas Av.  71270
44,99.55,2019-11-17,2019-11-23,2019-11-23,Shipped,Customer requested special shippment. The instructions were passed along to the warehouse,1965 Aston Martin DB5,Classic Cars,1:18,Classic Metal Creations,9042,65.96,124.44,Motor Mint Distributors Inc.,+1 215-555-9857,Philadelphia,USA,72600,gvanauf@classicmodelcars.com,Sales Rep,NYC,+1 212-555-3000,USA,,George Vanauf,Rosa Salazar,523 East 53rd Street apt. 5A 10022,11328 Douglas Av.  71270
44,154.7,2019-11-17,2019-11-23,2019-11-23,Shipped,Customer requested special shippment. The instructions were passed along to the warehouse,1917 Grand Touring Sedan,Vintage Cars,1:18,Welly Diecast Productions,2724,86.7,170.0,Motor Mint Distributors Inc.,+1 215-555-9857,Philadelphia,USA,72600,gvanauf@classicmodelcars.com,Sales Rep,NYC,+1 212-555-3000,USA,,George Vanauf,Rosa Salazar,523 East 53rd Street apt. 5A 10022,11328 Douglas Av.  71270
30,135.14,2019-11-17,2019-11-23,2019-11-23,Shipped,Customer requested special shippment. The instructions were passed along to the warehouse,1995 Honda Civic,Classic Cars,1:18,Min Lin Diecast,9772,93.89,142.25,Motor Mint Distributors Inc.,+1 215-555-9857,Philadelphia,USA,72600,gvanauf@classicmodelcars.com,Sales Rep,NYC,+1 212-555-3000,USA,,George Vanauf,Rosa Salazar,523 East 53rd Street apt. 5A 10022,11328 Douglas Av.  71270
26,130.68,2019-11-17,2019-11-23,2019-11-23,Shipped,Customer requested special shippment. The instructions were passed along to the warehouse,1999 Indy 500 Monte Carlo SS,Classic Cars,1:18,Red Start Diecast,8164,56.76,132.0,Motor Mint Distributors Inc.,+1 215-555-9857,Philadelphia,USA,72600,gvanauf@classicmodelcars.com,Sales Rep,NYC,+1 212-555-3000,USA,,George Vanauf,Rosa Salazar,523 East 53rd Street apt. 5A 10022,11328 Douglas Av.  71270
27,169.34,2019-11-17,2019-11-23,2019-11-23,Shipped,Customer requested special shippment. The instructions were passed along to the warehouse,1992 Ferrari 360 Spider red,Classic Cars,1:18,Unimax Art Galleries,8347,77.9,169.34,Motor Mint Distributors Inc.,+1 215-555-9857,Philadelphia,USA,72600,gvanauf@classicmodelcars.com,Sales Rep,NYC,+1 212-555-3000,USA,,George Vanauf,Rosa Salazar,523 East 53rd Street apt. 5A 10022,11328 Douglas Av.  71270
26,132.8,2019-11-17,2019-11-23,2019-11-23,Shipped,Customer requested special shippment. The instructions were passed along to the warehouse,1948 Porsche Type 356 Roadster,Classic Cars,1:18,Gearbox Collectibles,8990,62.16,141.28,Motor Mint Distributors Inc.,+1 215-555-9857,Philadelphia,USA,72600,gvanauf@classicmodelcars.com,Sales Rep,NYC,+1 212-555-3000,USA,,George Vanauf,Rosa Salazar,523 East 53rd Street apt. 5A 10022,11328 Douglas Av.  71270
27,37.0,2019-11-17,2019-11-23,2019-11-23,Shipped,Customer requested special shippment. The instructions were passed along to the warehouse,1982 Lamborghini Diablo,Classic Cars,1:24,Second Gear Diecast,7723,16.24,37.76,Motor Mint Distributors Inc.,+1 215-555-9857,Philadelphia,USA,72600,gvanauf@classicmodelcars.com,Sales Rep,NYC,+1 212-555-3000,USA,,George Vanauf,Rosa Salazar,523 East 53rd Street apt. 5A 10022,11328 Douglas Av.  71270
25,55.11,2019-11-17,2019-11-23,2019-11-23,Shipped,Customer requested special shippment. The instructions were passed along to the warehouse,1971 Alpine Renault 1600s,Classic Cars,1:24,Welly Diecast Productions,7995,38.58,61.23,Motor Mint Distributors Inc.,+1 215-555-9857,Philadelphia,USA,72600,gvanauf@classicmodelcars.com,Sales Rep,NYC,+1 212-555-3000,USA,,George Vanauf,Rosa Salazar,523 East 53rd Street apt. 5A 10022,11328 Douglas Av.  71270
21,139.03,2019-11-17,2019-11-23,2019-11-23,Shipped,Customer requested special shippment. The instructions were passed along to the warehouse,1956 Porsche 356A Coupe,Classic Cars,1:18,Classic Metal Creations,6600,98.3,140.43,Motor Mint Distributors Inc.,+1 215-555-9857,Philadelphia,USA,72600,gvanauf@classicmodelcars.com,Sales Rep,NYC,+1 212-555-3000,USA,,George Vanauf,Rosa Salazar,523 East 53rd Street apt. 5A 10022,11328 Douglas Av.  71270
41,70.33,2019-11-17,2019-11-23,2019-11-23,Shipped,Customer requested special shippment. The instructions were passed along to the warehouse,1961 Chevrolet Impala,Classic Cars,1:18,Classic Metal Creations,7869,32.33,80.84,Motor Mint Distributors Inc.,+1 215-555-9857,Philadelphia,USA,72600,gvanauf@classicmodelcars.com,Sales Rep,NYC,+1 212-555-3000,USA,,George Vanauf,Rosa Salazar,523 East 53rd Street apt. 5A 10022,11328 Douglas Av.  71270
28,33.39,2019-11-17,2019-11-23,2019-11-23,Shipped,Customer requested special shippment. The instructions were passed along to the warehouse,1982 Ducati 996 R,Motorcycles,1:32,Gearbox Collectibles,9241,24.14,40.23,Motor Mint Distributors Inc.,+1 215-555-9857,Philadelphia,USA,72600,gvanauf@classicmodelcars.com,Sales Rep,NYC,+1 212-555-3000,USA,,George Vanauf,Rosa Salazar,523 East 53rd Street apt. 5A 10022,11328 Douglas Av.  71270
32,100.01,2019-11-17,2019-11-23,2019-11-23,Shipped,Customer requested special shippment. The instructions were passed along to the warehouse,1974 Ducati 350 Mk3 Desmo,Motorcycles,1:32,Second Gear Diecast,3341,56.13,102.05,Motor Mint Distributors Inc.,+1 215-555-9857,Philadelphia,USA,72600,gvanauf@classicmodelcars.com,Sales Rep,NYC,+1 212-555-3000,USA,,George Vanauf,Rosa Salazar,523 East 53rd Street apt. 5A 10022,11328 Douglas Av.  71270
20,74.04,2019-11-17,2019-11-23,2019-11-23,Shipped,Customer requested special shippment. The instructions were passed along to the warehouse,2002 Yamaha YZR M1,Motorcycles,1:50,Autoart Studio Design,600,34.17,81.36,Motor Mint Distributors Inc.,+1 215-555-9857,Philadelphia,USA,72600,gvanauf@classicmodelcars.com,Sales Rep,NYC,+1 212-555-3000,USA,,George Vanauf,Rosa Salazar,523 East 53rd Street apt. 5A 10022,11328 Douglas Av.  71270
46,89.38,2019-11-17,2019-11-25,2019-11-18,Shipped,,1937 Lincoln Berline,Vintage Cars,1:18,Motor City Art Classics,8693,60.62,102.74,"AV Stores, Co.",,Manchester,UK,136800,lbott@classicmodelcars.com,Sales Rep,London,+44 20 7877 2041,UK,EMEA,Larry Bott,Rachel Ashworth,25 Old Broad Street Level 7 EC2N 1HN,Fauntleroy Circus  EC2 5NT
27,51.21,2019-11-17,2019-11-25,2019-11-18,Shipped,,1936 Mercedes-Benz 500K Special Roadster,Vintage Cars,1:18,Studio M Art Models,8635,24.26,53.91,"AV Stores, Co.",,Manchester,UK,136800,lbott@classicmodelcars.com,Sales Rep,London,+44 20 7877 2041,UK,EMEA,Larry Bott,Rachel Ashworth,25 Old Broad Street Level 7 EC2N 1HN,Fauntleroy Circus  EC2 5NT
38,53.88,2019-11-17,2019-11-25,2019-11-18,Shipped,,1911 Ford Town Car,Vintage Cars,1:18,Motor City Art Classics,540,33.3,60.54,"AV Stores, Co.",,Manchester,UK,136800,lbott@classicmodelcars.com,Sales Rep,London,+44 20 7877 2041,UK,EMEA,Larry Bott,Rachel Ashworth,25 Old Broad Street Level 7 EC2N 1HN,Fauntleroy Circus  EC2 5NT
35,116.96,2019-11-17,2019-11-25,2019-11-18,Shipped,,1932 Model A Ford J-Coupe,Vintage Cars,1:18,Autoart Studio Design,9354,58.48,127.13,"AV Stores, Co.",,Manchester,UK,136800,lbott@classicmodelcars.com,Sales Rep,London,+44 20 7877 2041,UK,EMEA,Larry Bott,Rachel Ashworth,25 Old Broad Street Level 7 EC2N 1HN,Fauntleroy Circus  EC2 5NT
24,138.38,2019-11-17,2019-11-25,2019-11-18,Shipped,,1928 Mercedes-Benz SSK,Vintage Cars,1:18,Gearbox Collectibles,548,72.56,168.75,"AV Stores, Co.",,Manchester,UK,136800,lbott@classicmodelcars.com,Sales Rep,London,+44 20 7877 2041,UK,EMEA,Larry Bott,Rachel Ashworth,25 Old Broad Street Level 7 EC2N 1HN,Fauntleroy Circus  EC2 5NT
26,53.09,2019-11-17,2019-11-25,2019-11-18,Shipped,,1934 Ford V8 Coupe,Vintage Cars,1:18,Min Lin Diecast,5649,34.35,62.46,"AV Stores, Co.",,Manchester,UK,136800,lbott@classicmodelcars.com,Sales Rep,London,+44 20 7877 2041,UK,EMEA,Larry Bott,Rachel Ashworth,25 Old Broad Street Level 7 EC2N 1HN,Fauntleroy Circus  EC2 5NT
40,100.53,2019-11-17,2019-11-25,2019-11-18,Shipped,,18th Century Vintage Horse Carriage,Vintage Cars,1:18,Red Start Diecast,5992,60.74,104.72,"AV Stores, Co.",,Manchester,UK,136800,lbott@classicmodelcars.com,Sales Rep,London,+44 20 7877 2041,UK,EMEA,Larry Bott,Rachel Ashworth,25 Old Broad Street Level 7 EC2N 1HN,Fauntleroy Circus  EC2 5NT
50,92.03,2019-11-17,2019-11-25,2019-11-18,Shipped,,1932 Alfa Romeo 8C2300 Spider Sport,Vintage Cars,1:18,Exoto Designs,6553,43.26,92.03,"AV Stores, Co.",,Manchester,UK,136800,lbott@classicmodelcars.com,Sales Rep,London,+44 20 7877 2041,UK,EMEA,Larry Bott,Rachel Ashworth,25 Old Broad Street Level 7 EC2N 1HN,Fauntleroy Circus  EC2 5NT
21,70.56,2019-11-17,2019-11-25,2019-11-18,Shipped,,1957 Ford Thunderbird,Classic Cars,1:18,Studio M Art Models,3209,34.21,71.27,"AV Stores, Co.",,Manchester,UK,136800,lbott@classicmodelcars.com,Sales Rep,London,+44 20 7877 2041,UK,EMEA,Larry Bott,Rachel Ashworth,25 Old Broad Street Level 7 EC2N 1HN,Fauntleroy Circus  EC2 5NT
23,61.73,2019-11-17,2019-11-25,2019-11-18,Shipped,,1970 Chevy Chevelle SS 454,Classic Cars,1:24,Unimax Art Galleries,1005,49.24,73.49,"AV Stores, Co.",,Manchester,UK,136800,lbott@classicmodelcars.com,Sales Rep,London,+44 20 7877 2041,UK,EMEA,Larry Bott,Rachel Ashworth,25 Old Broad Street Level 7 EC2N 1HN,Fauntleroy Circus  EC2 5NT
20,47.29,2019-11-17,2019-11-25,2019-11-18,Shipped,,1966 Shelby Cobra 427 S/C,Classic Cars,1:24,Carousel DieCast Legends,8197,29.18,50.31,"AV Stores, Co.",,Manchester,UK,136800,lbott@classicmodelcars.com,Sales Rep,London,+44 20 7877 2041,UK,EMEA,Larry Bott,Rachel Ashworth,25 Old Broad Street Level 7 EC2N 1HN,Fauntleroy Circus  EC2 5NT
45,29.87,2019-11-17,2019-11-25,2019-11-18,Shipped,,1939 Chevrolet Deluxe Coupe,Vintage Cars,1:24,Motor City Art Classics,7332,22.57,33.19,"AV Stores, Co.",,Manchester,UK,136800,lbott@classicmodelcars.com,Sales Rep,London,+44 20 7877 2041,UK,EMEA,Larry Bott,Rachel Ashworth,25 Old Broad Street Level 7 EC2N 1HN,Fauntleroy Circus  EC2 5NT
26,43.01,2019-11-17,2019-11-25,2019-11-18,Shipped,,1938 Cadillac V-16 Presidential Limousine,Vintage Cars,1:24,Classic Metal Creations,2847,20.61,44.8,"AV Stores, Co.",,Manchester,UK,136800,lbott@classicmodelcars.com,Sales Rep,London,+44 20 7877 2041,UK,EMEA,Larry Bott,Rachel Ashworth,25 Old Broad Street Level 7 EC2N 1HN,Fauntleroy Circus  EC2 5NT
39,84.51,2019-11-17,2019-11-25,2019-11-18,Shipped,,1949 Jaguar XK 120,Classic Cars,1:24,Classic Metal Creations,2350,47.25,90.87,"AV Stores, Co.",,Manchester,UK,136800,lbott@classicmodelcars.com,Sales Rep,London,+44 20 7877 2041,UK,EMEA,Larry Bott,Rachel Ashworth,25 Old Broad Street Level 7 EC2N 1HN,Fauntleroy Circus  EC2 5NT
44,108.04,2019-11-17,2019-11-25,2019-11-18,Shipped,,1952 Citroen-15CV,Classic Cars,1:24,Exoto Designs,1452,72.82,117.44,"AV Stores, Co.",,Manchester,UK,136800,lbott@classicmodelcars.com,Sales Rep,London,+44 20 7877 2041,UK,EMEA,Larry Bott,Rachel Ashworth,25 Old Broad Street Level 7 EC2N 1HN,Fauntleroy Circus  EC2 5NT
45,77.91,2019-11-17,2019-11-25,2019-11-18,Shipped,,1969 Chevrolet Camaro Z28,Classic Cars,1:24,Exoto Designs,4695,50.51,85.61,"AV Stores, Co.",,Manchester,UK,136800,lbott@classicmodelcars.com,Sales Rep,London,+44 20 7877 2041,UK,EMEA,Larry Bott,Rachel Ashworth,25 Old Broad Street Level 7 EC2N 1HN,Fauntleroy Circus  EC2 5NT
31,94.23,2019-11-17,2019-11-25,2019-11-18,Shipped,,2002 Chevy Corvette,Classic Cars,1:24,Gearbox Collectibles,9446,62.11,107.08,"AV Stores, Co.",,Manchester,UK,136800,lbott@classicmodelcars.com,Sales Rep,London,+44 20 7877 2041,UK,EMEA,Larry Bott,Rachel Ashworth,25 Old Broad Street Level 7 EC2N 1HN,Fauntleroy Circus  EC2 5NT
41,34.47,2019-11-17,2019-11-25,2019-11-18,Shipped,,1936 Mercedes Benz 500k Roadster,Vintage Cars,1:24,Red Start Diecast,2081,21.75,41.03,"AV Stores, Co.",,Manchester,UK,136800,lbott@classicmodelcars.com,Sales Rep,London,+44 20 7877 2041,UK,EMEA,Larry Bott,Rachel Ashworth,25 Old Broad Street Level 7 EC2N 1HN,Fauntleroy Circus  EC2 5NT
26,188.58,2019-11-18,2019-11-27,2019-11-20,Shipped,,1952 Alpine Renault 1300,Classic Cars,1:10,Classic Metal Creations,7305,98.58,214.3,Mini Wheels Co.,+1 650-555-5787,San Francisco,USA,64600,ljennings@classicmodelcars.com,Sales Rep,San Francisco,+1 650-219-4782,USA,,Leslie Jennings,Julie Murphy,100 Market Street Suite 300 94080,5557 North Pendale Street  94217
33,121.64,2019-11-18,2019-11-27,2019-11-20,Shipped,,1958 Setra Bus,Trucks and Buses,1:12,Welly Diecast Productions,1579,77.9,136.67,Mini Wheels Co.,+1 650-555-5787,San Francisco,USA,64600,ljennings@classicmodelcars.com,Sales Rep,San Francisco,+1 650-219-4782,USA,,Leslie Jennings,Julie Murphy,100 Market Street Suite 300 94080,5557 North Pendale Street  94217
29,110.84,2019-11-18,2019-11-27,2019-11-20,Shipped,,1940 Ford Pickup Truck,Trucks and Buses,1:18,Studio M Art Models,2613,58.33,116.67,Mini Wheels Co.,+1 650-555-5787,San Francisco,USA,64600,ljennings@classicmodelcars.com,Sales Rep,San Francisco,+1 650-219-4782,USA,,Leslie Jennings,Julie Murphy,100 Market Street Suite 300 94080,5557 North Pendale Street  94217
31,95.23,2019-11-18,2019-11-27,2019-11-20,Shipped,,1913 Ford Model T Speedster,Vintage Cars,1:18,Carousel DieCast Legends,4189,60.78,101.31,Mini Wheels Co.,+1 650-555-5787,San Francisco,USA,64600,ljennings@classicmodelcars.com,Sales Rep,San Francisco,+1 650-219-4782,USA,,Leslie Jennings,Julie Murphy,100 Market Street Suite 300 94080,5557 North Pendale Street  94217
46,95.24,2019-11-18,2019-11-27,2019-11-20,Shipped,,1917 Maxwell Touring Car,Vintage Cars,1:18,Exoto Designs,7913,57.54,99.21,Mini Wheels Co.,+1 650-555-5787,San Francisco,USA,64600,ljennings@classicmodelcars.com,Sales Rep,San Francisco,+1 650-219-4782,USA,,Leslie Jennings,Julie Murphy,100 Market Street Suite 300 94080,5557 North Pendale Street  94217
24,42.26,2019-11-18,2019-11-27,2019-11-20,Shipped,,1939 Cadillac Limousine,Vintage Cars,1:18,Studio M Art Models,6645,23.14,50.31,Mini Wheels Co.,+1 650-555-5787,San Francisco,USA,64600,ljennings@classicmodelcars.com,Sales Rep,San Francisco,+1 650-219-4782,USA,,Leslie Jennings,Julie Murphy,100 Market Street Suite 300 94080,5557 North Pendale Street  94217
39,95.44,2019-11-18,2019-11-27,2019-11-20,Shipped,,1936 Chrysler Airflow,Vintage Cars,1:24,Second Gear Diecast,4710,57.46,97.39,Mini Wheels Co.,+1 650-555-5787,San Francisco,USA,64600,ljennings@classicmodelcars.com,Sales Rep,San Francisco,+1 650-219-4782,USA,,Leslie Jennings,Julie Murphy,100 Market Street Suite 300 94080,5557 North Pendale Street  94217
33,62.05,2019-11-18,2019-11-27,2019-11-20,Shipped,,1996 Peterbilt 379 Stake Bed with Outrigger,Trucks and Buses,1:32,Red Start Diecast,814,33.61,64.64,Mini Wheels Co.,+1 650-555-5787,San Francisco,USA,64600,ljennings@classicmodelcars.com,Sales Rep,San Francisco,+1 650-219-4782,USA,,Leslie Jennings,Julie Murphy,100 Market Street Suite 300 94080,5557 North Pendale Street  94217
26,130.01,2019-11-19,2019-11-28,,On Hold,The outstaniding balance for this customer exceeds their credit limit. Order will be shipped when a payment is received.,1962 LanciaA Delta 16V,Classic Cars,1:10,Second Gear Diecast,6791,103.42,147.74,"Volvo Model Replicas, Co",+46 921 12 35 55,Luleå,Sweden,53100,bjones@classicmodelcars.com,Sales Rep,London,+44 20 7877 2041,UK,EMEA,Barry Jones,Christina  Berglund,25 Old Broad Street Level 7 EC2N 1HN,Berguvsvägen  8  S-958 22
46,108.0,2019-11-19,2019-11-28,,On Hold,The outstaniding balance for this customer exceeds their credit limit. Order will be shipped when a payment is received.,1964 Mercedes Tour Bus,Trucks and Buses,1:18,Unimax Art Galleries,8258,74.86,122.73,"Volvo Model Replicas, Co",+46 921 12 35 55,Luleå,Sweden,53100,bjones@classicmodelcars.com,Sales Rep,London,+44 20 7877 2041,UK,EMEA,Barry Jones,Christina  Berglund,25 Old Broad Street Level 7 EC2N 1HN,Berguvsvägen  8  S-958 22
34,52.87,2019-11-19,2019-11-28,,On Hold,The outstaniding balance for this customer exceeds their credit limit. Order will be shipped when a payment is received.,1926 Ford Fire Engine,Trucks and Buses,1:18,Carousel DieCast Legends,2019,24.92,60.77,"Volvo Model Replicas, Co",+46 921 12 35 55,Luleå,Sweden,53100,bjones@classicmodelcars.com,Sales Rep,London,+44 20 7877 2041,UK,EMEA,Barry Jones,Christina  Berglund,25 Old Broad Street Level 7 EC2N 1HN,Berguvsvägen  8  S-958 22
20,147.33,2019-11-19,2019-11-28,,On Hold,The outstaniding balance for this customer exceeds their credit limit. Order will be shipped when a payment is received.,1992 Ferrari 360 Spider red,Classic Cars,1:18,Unimax Art Galleries,8347,77.9,169.34,"Volvo Model Replicas, Co",+46 921 12 35 55,Luleå,Sweden,53100,bjones@classicmodelcars.com,Sales Rep,London,+44 20 7877 2041,UK,EMEA,Barry Jones,Christina  Berglund,25 Old Broad Street Level 7 EC2N 1HN,Berguvsvägen  8  S-958 22
49,101.71,2019-11-19,2019-11-28,,On Hold,The outstaniding balance for this customer exceeds their credit limit. Order will be shipped when a payment is received.,1940s Ford truck,Trucks and Buses,1:18,Motor City Art Classics,3128,84.76,121.08,"Volvo Model Replicas, Co",+46 921 12 35 55,Luleå,Sweden,53100,bjones@classicmodelcars.com,Sales Rep,London,+44 20 7877 2041,UK,EMEA,Barry Jones,Christina  Berglund,25 Old Broad Street Level 7 EC2N 1HN,Berguvsvägen  8  S-958 22
42,117.57,2019-11-19,2019-11-28,,On Hold,The outstaniding balance for this customer exceeds their credit limit. Order will be shipped when a payment is received.,1962 Volkswagen Microbus,Trucks and Buses,1:24,Autoart Studio Design,2327,61.34,127.79,"Volvo Model Replicas, Co",+46 921 12 35 55,Luleå,Sweden,53100,bjones@classicmodelcars.com,Sales Rep,London,+44 20 7877 2041,UK,EMEA,Barry Jones,Christina  Berglund,25 Old Broad Street Level 7 EC2N 1HN,Berguvsvägen  8  S-958 22
33,32.88,2019-11-19,2019-11-29,2019-11-23,Shipped,,1958 Chevy Corvette Limited Edition,Classic Cars,1:24,Carousel DieCast Legends,2542,15.91,35.36,Mini Gifts Distributors Ltd.,+1 415-555-1450,San Rafael,USA,210500,ljennings@classicmodelcars.com,Sales Rep,San Francisco,+1 650-219-4782,USA,,Leslie Jennings,Susan Nelson,100 Market Street Suite 300 94080,5677 Strong St.  97562
44,77.05,2019-11-19,2019-11-29,2019-11-23,Shipped,,1980’s GM Manhattan Express,Trucks and Buses,1:32,Motor City Art Classics,5099,53.93,96.31,Mini Gifts Distributors Ltd.,+1 415-555-1450,San Rafael,USA,210500,ljennings@classicmodelcars.com,Sales Rep,San Francisco,+1 650-219-4782,USA,,Leslie Jennings,Susan Nelson,100 Market Street Suite 300 94080,5677 Strong St.  97562
40,49.78,2019-11-19,2019-11-29,2019-11-23,Shipped,,1954 Greyhound Scenicruiser,Trucks and Buses,1:32,Classic Metal Creations,2874,25.98,54.11,Mini Gifts Distributors Ltd.,+1 415-555-1450,San Rafael,USA,210500,ljennings@classicmodelcars.com,Sales Rep,San Francisco,+1 650-219-4782,USA,,Leslie Jennings,Susan Nelson,100 Market Street Suite 300 94080,5677 Strong St.  97562
33,176.63,2019-11-20,2019-11-26,2019-11-24,Shipped,Customer requested that DHL is used for this shipping,2001 Ferrari Enzo,Classic Cars,1:12,Second Gear Diecast,3619,95.59,207.8,"La Corne Dabondance, Co.",+33 1 42 34 25 55,Paris,France,84300,lbondur@classicmodelcars.com,Sales Rep,Paris,+33 1 47 23 44 04,France,EMEA,Loui Bondur,Marie Bertrand,43 Rue Jouffroy Dabbans  75017,"265, boulevard Charonne  75012"
33,126.91,2019-11-20,2019-11-26,2019-11-24,Shipped,Customer requested that DHL is used for this shipping,1969 Corvair Monza,Classic Cars,1:18,Welly Diecast Productions,6906,89.14,151.08,"La Corne Dabondance, Co.",+33 1 42 34 25 55,Paris,France,84300,lbondur@classicmodelcars.com,Sales Rep,Paris,+33 1 47 23 44 04,France,EMEA,Loui Bondur,Marie Bertrand,43 Rue Jouffroy Dabbans  75017,"265, boulevard Charonne  75012"
49,141.88,2019-11-20,2019-11-26,2019-11-24,Shipped,Customer requested that DHL is used for this shipping,1969 Ford Falcon,Classic Cars,1:12,Second Gear Diecast,1049,83.05,173.02,"La Corne Dabondance, Co.",+33 1 42 34 25 55,Paris,France,84300,lbondur@classicmodelcars.com,Sales Rep,Paris,+33 1 47 23 44 04,France,EMEA,Loui Bondur,Marie Bertrand,43 Rue Jouffroy Dabbans  75017,"265, boulevard Charonne  75012"
38,95.99,2019-11-20,2019-11-26,2019-11-24,Shipped,Customer requested that DHL is used for this shipping,1957 Chevy Pickup,Trucks and Buses,1:12,Exoto Designs,6125,55.7,118.5,"La Corne Dabondance, Co.",+33 1 42 34 25 55,Paris,France,84300,lbondur@classicmodelcars.com,Sales Rep,Paris,+33 1 47 23 44 04,France,EMEA,Loui Bondur,Marie Bertrand,43 Rue Jouffroy Dabbans  75017,"265, boulevard Charonne  75012"
49,153.91,2019-11-20,2019-11-26,2019-11-24,Shipped,Customer requested that DHL is used for this shipping,1998 Chrysler Plymouth Prowler,Classic Cars,1:18,Gearbox Collectibles,4724,101.51,163.73,"La Corne Dabondance, Co.",+33 1 42 34 25 55,Paris,France,84300,lbondur@classicmodelcars.com,Sales Rep,Paris,+33 1 47 23 44 04,France,EMEA,Loui Bondur,Marie Bertrand,43 Rue Jouffroy Dabbans  75017,"265, boulevard Charonne  75012"
48,135.22,2019-11-20,2019-11-26,2019-11-24,Shipped,Customer requested that DHL is used for this shipping,1903 Ford Model A,Vintage Cars,1:18,Unimax Art Galleries,3913,68.3,136.59,"La Corne Dabondance, Co.",+33 1 42 34 25 55,Paris,France,84300,lbondur@classicmodelcars.com,Sales Rep,Paris,+33 1 47 23 44 04,France,EMEA,Loui Bondur,Marie Bertrand,43 Rue Jouffroy Dabbans  75017,"265, boulevard Charonne  75012"
21,100.84,2019-11-20,2019-11-26,2019-11-24,Shipped,Customer requested that DHL is used for this shipping,Collectable Wooden Train,Trains,1:18,Carousel DieCast Legends,6450,67.56,100.84,"La Corne Dabondance, Co.",+33 1 42 34 25 55,Paris,France,84300,lbondur@classicmodelcars.com,Sales Rep,Paris,+33 1 47 23 44 04,France,EMEA,Loui Bondur,Marie Bertrand,43 Rue Jouffroy Dabbans  75017,"265, boulevard Charonne  75012"
45,49.71,2019-11-20,2019-11-26,2019-11-24,Shipped,Customer requested that DHL is used for this shipping,1970 Dodge Coronet,Classic Cars,1:24,Highway 66 Mini Classics,4074,32.37,57.8,"La Corne Dabondance, Co.",+33 1 42 34 25 55,Paris,France,84300,lbondur@classicmodelcars.com,Sales Rep,Paris,+33 1 47 23 44 04,France,EMEA,Loui Bondur,Marie Bertrand,43 Rue Jouffroy Dabbans  75017,"265, boulevard Charonne  75012"
31,113.55,2019-11-20,2019-11-26,2019-11-24,Shipped,Customer requested that DHL is used for this shipping,1992 Porsche Cayenne Turbo Silver,Classic Cars,1:24,Exoto Designs,6582,69.78,118.28,"La Corne Dabondance, Co.",+33 1 42 34 25 55,Paris,France,84300,lbondur@classicmodelcars.com,Sales Rep,Paris,+33 1 47 23 44 04,France,EMEA,Loui Bondur,Marie Bertrand,43 Rue Jouffroy Dabbans  75017,"265, boulevard Charonne  75012"
31,59.03,2019-11-20,2019-11-26,2019-11-24,Shipped,Customer requested that DHL is used for this shipping,1950s Chicago Surface Lines Streetcar,Trains,1:32,Gearbox Collectibles,8601,26.72,62.14,"La Corne Dabondance, Co.",+33 1 42 34 25 55,Paris,France,84300,lbondur@classicmodelcars.com,Sales Rep,Paris,+33 1 47 23 44 04,France,EMEA,Loui Bondur,Marie Bertrand,43 Rue Jouffroy Dabbans  75017,"265, boulevard Charonne  75012"
23,109.96,2019-11-20,2019-11-26,2019-11-24,Shipped,Customer requested that DHL is used for this shipping,Diamond T620 Semi-Skirted Tanker,Trucks and Buses,1:50,Highway 66 Mini Classics,1016,68.29,115.75,"La Corne Dabondance, Co.",+33 1 42 34 25 55,Paris,France,84300,lbondur@classicmodelcars.com,Sales Rep,Paris,+33 1 47 23 44 04,France,EMEA,Loui Bondur,Marie Bertrand,43 Rue Jouffroy Dabbans  75017,"265, boulevard Charonne  75012"
46,94.07,2019-11-20,2019-11-26,2019-11-24,Shipped,Customer requested that DHL is used for this shipping,1982 Camaro Z28,Classic Cars,1:18,Carousel DieCast Legends,6934,46.53,101.15,"La Corne Dabondance, Co.",+33 1 42 34 25 55,Paris,France,84300,lbondur@classicmodelcars.com,Sales Rep,Paris,+33 1 47 23 44 04,France,EMEA,Loui Bondur,Marie Bertrand,43 Rue Jouffroy Dabbans  75017,"265, boulevard Charonne  75012"
25,131.92,2019-11-21,2019-11-30,2019-11-26,Shipped,,1972 Alfa Romeo GTA,Classic Cars,1:10,Motor City Art Classics,3252,85.68,136.0,Classic Legends Inc.,+1 212-555-8493,NYC,USA,67500,ftseng@classicmodelcars.com,Sales Rep,NYC,+1 212-555-3000,USA,,Foon Yue Tseng,Maria Hernandez,523 East 53rd Street apt. 5A 10022,5905 Pompton St. Suite 750 10022
36,140.75,2019-11-21,2019-11-30,2019-11-26,Shipped,,1970 Triumph Spitfire,Classic Cars,1:18,Min Lin Diecast,5545,91.92,143.62,Classic Legends Inc.,+1 212-555-8493,NYC,USA,67500,ftseng@classicmodelcars.com,Sales Rep,NYC,+1 212-555-3000,USA,,Foon Yue Tseng,Maria Hernandez,523 East 53rd Street apt. 5A 10022,5905 Pompton St. Suite 750 10022
29,76.36,2019-11-21,2019-11-30,2019-11-26,Shipped,,1904 Buick Runabout,Vintage Cars,1:18,Exoto Designs,8290,52.66,87.77,Classic Legends Inc.,+1 212-555-8493,NYC,USA,67500,ftseng@classicmodelcars.com,Sales Rep,NYC,+1 212-555-3000,USA,,Foon Yue Tseng,Maria Hernandez,523 East 53rd Street apt. 5A 10022,5905 Pompton St. Suite 750 10022
29,119.2,2019-11-21,2019-11-30,2019-11-26,Shipped,,18th century schooner,Ships,1:24,Carousel DieCast Legends,1898,82.34,122.89,Classic Legends Inc.,+1 212-555-8493,NYC,USA,67500,ftseng@classicmodelcars.com,Sales Rep,NYC,+1 212-555-3000,USA,,Foon Yue Tseng,Maria Hernandez,523 East 53rd Street apt. 5A 10022,5905 Pompton St. Suite 750 10022
21,54.48,2019-11-21,2019-11-30,2019-11-26,Shipped,,1962 City of Detroit Streetcar,Trains,1:50,Classic Metal Creations,1645,37.49,58.58,Classic Legends Inc.,+1 212-555-8493,NYC,USA,67500,ftseng@classicmodelcars.com,Sales Rep,NYC,+1 212-555-3000,USA,,Foon Yue Tseng,Maria Hernandez,523 East 53rd Street apt. 5A 10022,5905 Pompton St. Suite 750 10022
36,73.62,2019-11-21,2019-11-30,2019-11-26,Shipped,,The Mayflower,Ships,1:700,Studio M Art Models,737,43.3,86.61,Classic Legends Inc.,+1 212-555-8493,NYC,USA,67500,ftseng@classicmodelcars.com,Sales Rep,NYC,+1 212-555-3000,USA,,Foon Yue Tseng,Maria Hernandez,523 East 53rd Street apt. 5A 10022,5905 Pompton St. Suite 750 10022
31,84.14,2019-11-21,2019-11-30,2019-11-26,Shipped,,The Titanic,Ships,1:700,Carousel DieCast Legends,1956,51.09,100.17,Classic Legends Inc.,+1 212-555-8493,NYC,USA,67500,ftseng@classicmodelcars.com,Sales Rep,NYC,+1 212-555-3000,USA,,Foon Yue Tseng,Maria Hernandez,523 East 53rd Street apt. 5A 10022,5905 Pompton St. Suite 750 10022
36,83.42,2019-11-21,2019-11-30,2019-11-26,Shipped,,The Queen Mary,Ships,1:700,Welly Diecast Productions,5088,53.63,99.31,Classic Legends Inc.,+1 212-555-8493,NYC,USA,67500,ftseng@classicmodelcars.com,Sales Rep,NYC,+1 212-555-3000,USA,,Foon Yue Tseng,Maria Hernandez,523 East 53rd Street apt. 5A 10022,5905 Pompton St. Suite 750 10022
42,49.14,2019-11-21,2019-11-30,2019-11-26,Shipped,,Pont Yacht,Ships,1:72,Unimax Art Galleries,414,33.3,54.6,Classic Legends Inc.,+1 212-555-8493,NYC,USA,67500,ftseng@classicmodelcars.com,Sales Rep,NYC,+1 212-555-3000,USA,,Foon Yue Tseng,Maria Hernandez,523 East 53rd Street apt. 5A 10022,5905 Pompton St. Suite 750 10022
41,137.19,2019-11-22,2019-12-02,2019-11-27,Shipped,,1980s Black Hawk Helicopter,Planes,1:18,Red Start Diecast,5330,77.27,157.69,Royale Belge,,Charleroi,Belgium,23500,pcastillo@classicmodelcars.com,Sales Rep,Paris,+33 1 47 23 44 04,France,EMEA,Pamela Castillo,Pascale  Cartrain,43 Rue Jouffroy Dabbans  75017,"Boulevard Tirou, 255  B-6000"
28,80.86,2019-11-22,2019-12-02,2019-11-27,Shipped,,1999 Yamaha Speed Boat,Ships,1:18,Min Lin Diecast,4259,51.61,86.02,Royale Belge,,Charleroi,Belgium,23500,pcastillo@classicmodelcars.com,Sales Rep,Paris,+33 1 47 23 44 04,France,EMEA,Pamela Castillo,Pascale  Cartrain,43 Rue Jouffroy Dabbans  75017,"Boulevard Tirou, 255  B-6000"
45,93.17,2019-11-22,2019-12-02,2019-11-27,Shipped,,1941 Chevrolet Special Deluxe Cabriolet,Vintage Cars,1:18,Exoto Designs,2378,64.58,105.87,Royale Belge,,Charleroi,Belgium,23500,pcastillo@classicmodelcars.com,Sales Rep,Paris,+33 1 47 23 44 04,France,EMEA,Pamela Castillo,Pascale  Cartrain,43 Rue Jouffroy Dabbans  75017,"Boulevard Tirou, 255  B-6000"
40,117.75,2019-11-23,2019-11-30,2019-11-30,Shipped,,1996 Moto Guzzi 1100i,Motorcycles,1:10,Highway 66 Mini Classics,6625,68.99,118.94,"Tokyo Collectables, Ltd",+81 3-3584-0555,Minato-ku,Japan,94400,mnishi@classicmodelcars.com,Sales Rep,Tokyo,+81 3-3224-5000,Japan,Japan,Mami Nishi,Akiko Shimamura,4-1 Kioicho  102-8578,2-2-8 Roppongi  106-0032
39,178.17,2019-11-23,2019-11-30,2019-11-30,Shipped,,2003 Harley-Davidson Eagle Drag Bike,Motorcycles,1:10,Red Start Diecast,5582,91.02,193.66,"Tokyo Collectables, Ltd",+81 3-3584-0555,Minato-ku,Japan,94400,mnishi@classicmodelcars.com,Sales Rep,Tokyo,+81 3-3224-5000,Japan,Japan,Mami Nishi,Akiko Shimamura,4-1 Kioicho  102-8578,2-2-8 Roppongi  106-0032
27,79.41,2019-11-23,2019-11-30,2019-11-30,Shipped,,P-51-D Mustang,Planes,1:72,Gearbox Collectibles,992,49.0,84.48,"Tokyo Collectables, Ltd",+81 3-3584-0555,Minato-ku,Japan,94400,mnishi@classicmodelcars.com,Sales Rep,Tokyo,+81 3-3224-5000,Japan,Japan,Mami Nishi,Akiko Shimamura,4-1 Kioicho  102-8578,2-2-8 Roppongi  106-0032
30,48.46,2019-11-23,2019-11-30,2019-11-30,Shipped,,1936 Harley Davidson El Knucklehead,Motorcycles,1:18,Welly Diecast Productions,4357,24.23,60.57,"Tokyo Collectables, Ltd",+81 3-3584-0555,Minato-ku,Japan,94400,mnishi@classicmodelcars.com,Sales Rep,Tokyo,+81 3-3224-5000,Japan,Japan,Mami Nishi,Akiko Shimamura,4-1 Kioicho  102-8578,2-2-8 Roppongi  106-0032
27,96.92,2019-11-23,2019-11-30,2019-11-30,Shipped,,1997 BMW R 1100 S,Motorcycles,1:24,Autoart Studio Design,7003,60.86,112.7,"Tokyo Collectables, Ltd",+81 3-3584-0555,Minato-ku,Japan,94400,mnishi@classicmodelcars.com,Sales Rep,Tokyo,+81 3-3224-5000,Japan,Japan,Mami Nishi,Akiko Shimamura,4-1 Kioicho  102-8578,2-2-8 Roppongi  106-0032
21,106.14,2019-11-23,2019-11-30,2019-11-30,Shipped,,1928 British Royal Navy Airplane,Planes,1:24,Classic Metal Creations,3627,66.74,109.42,"Tokyo Collectables, Ltd",+81 3-3584-0555,Minato-ku,Japan,94400,mnishi@classicmodelcars.com,Sales Rep,Tokyo,+81 3-3224-5000,Japan,Japan,Mami Nishi,Akiko Shimamura,4-1 Kioicho  102-8578,2-2-8 Roppongi  106-0032
55,67.82,2019-11-23,2019-11-30,2019-11-30,Shipped,,1900s Vintage Bi-Plane,Planes,1:24,Autoart Studio Design,5942,34.25,68.51,"Tokyo Collectables, Ltd",+81 3-3584-0555,Minato-ku,Japan,94400,mnishi@classicmodelcars.com,Sales Rep,Tokyo,+81 3-3224-5000,Japan,Japan,Mami Nishi,Akiko Shimamura,4-1 Kioicho  102-8578,2-2-8 Roppongi  106-0032
55,73.46,2019-11-23,2019-11-30,2019-11-30,Shipped,,1912 Ford Model T Delivery Wagon,Vintage Cars,1:24,Min Lin Diecast,9173,46.91,88.51,"Tokyo Collectables, Ltd",+81 3-3584-0555,Minato-ku,Japan,94400,mnishi@classicmodelcars.com,Sales Rep,Tokyo,+81 3-3224-5000,Japan,Japan,Mami Nishi,Akiko Shimamura,4-1 Kioicho  102-8578,2-2-8 Roppongi  106-0032
29,57.86,2019-11-23,2019-11-30,2019-11-30,Shipped,,1937 Horch 930V Limousine,Vintage Cars,1:24,Autoart Studio Design,2902,26.3,65.75,"Tokyo Collectables, Ltd",+81 3-3584-0555,Minato-ku,Japan,94400,mnishi@classicmodelcars.com,Sales Rep,Tokyo,+81 3-3224-5000,Japan,Japan,Mami Nishi,Akiko Shimamura,4-1 Kioicho  102-8578,2-2-8 Roppongi  106-0032
42,72.96,2019-11-23,2019-11-30,2019-11-30,Shipped,,1940 Ford Delivery Sedan,Vintage Cars,1:24,Carousel DieCast Legends,6621,48.64,83.86,"Tokyo Collectables, Ltd",+81 3-3584-0555,Minato-ku,Japan,94400,mnishi@classicmodelcars.com,Sales Rep,Tokyo,+81 3-3224-5000,Japan,Japan,Mami Nishi,Akiko Shimamura,4-1 Kioicho  102-8578,2-2-8 Roppongi  106-0032
45,57.32,2019-11-23,2019-11-30,2019-11-30,Shipped,,Corsair F4U ( Bird Cage),Planes,1:24,Second Gear Diecast,6812,29.34,68.24,"Tokyo Collectables, Ltd",+81 3-3584-0555,Minato-ku,Japan,94400,mnishi@classicmodelcars.com,Sales Rep,Tokyo,+81 3-3224-5000,Japan,Japan,Mami Nishi,Akiko Shimamura,4-1 Kioicho  102-8578,2-2-8 Roppongi  106-0032
22,53.34,2019-11-23,2019-11-30,2019-11-30,Shipped,,The Schooner Bluenose,Ships,1:700,Autoart Studio Design,1897,34.0,66.67,"Tokyo Collectables, Ltd",+81 3-3584-0555,Minato-ku,Japan,94400,mnishi@classicmodelcars.com,Sales Rep,Tokyo,+81 3-3224-5000,Japan,Japan,Mami Nishi,Akiko Shimamura,4-1 Kioicho  102-8578,2-2-8 Roppongi  106-0032
55,86.9,2019-11-23,2019-11-30,2019-11-30,Shipped,,HMS Bounty,Ships,1:700,Unimax Art Galleries,3501,39.83,90.52,"Tokyo Collectables, Ltd",+81 3-3584-0555,Minato-ku,Japan,94400,mnishi@classicmodelcars.com,Sales Rep,Tokyo,+81 3-3224-5000,Japan,Japan,Mami Nishi,Akiko Shimamura,4-1 Kioicho  102-8578,2-2-8 Roppongi  106-0032
50,62.16,2019-11-23,2019-11-30,2019-11-30,Shipped,,The USS Constitution Ship,Ships,1:700,Red Start Diecast,7083,33.97,72.28,"Tokyo Collectables, Ltd",+81 3-3584-0555,Minato-ku,Japan,94400,mnishi@classicmodelcars.com,Sales Rep,Tokyo,+81 3-3224-5000,Japan,Japan,Mami Nishi,Akiko Shimamura,4-1 Kioicho  102-8578,2-2-8 Roppongi  106-0032
50,66.63,2019-11-23,2019-11-30,2019-11-30,Shipped,,American Airlines: MD-11S,Planes,1:700,Second Gear Diecast,8820,36.27,74.03,"Tokyo Collectables, Ltd",+81 3-3584-0555,Minato-ku,Japan,94400,mnishi@classicmodelcars.com,Sales Rep,Tokyo,+81 3-3224-5000,Japan,Japan,Mami Nishi,Akiko Shimamura,4-1 Kioicho  102-8578,2-2-8 Roppongi  106-0032
27,49.66,2019-11-23,2019-11-30,2019-11-30,Shipped,,Boeing X-32A JSF,Planes,1:72,Motor City Art Classics,4857,32.77,49.66,"Tokyo Collectables, Ltd",+81 3-3584-0555,Minato-ku,Japan,94400,mnishi@classicmodelcars.com,Sales Rep,Tokyo,+81 3-3224-5000,Japan,Japan,Mami Nishi,Akiko Shimamura,4-1 Kioicho  102-8578,2-2-8 Roppongi  106-0032
55,62.46,2019-11-24,2019-12-01,2019-11-25,Shipped,Customer is interested in buying more Ferrari models,1960 BSA Gold Star DBD34,Motorcycles,1:24,Highway 66 Mini Classics,15,37.32,76.17,Enaco Distributors,+34 932 03 45 55,Barcelona,Spain,60300,mgerard@classicmodelcars.com,Sales Rep,Paris,+33 1 47 23 44 04,France,EMEA,Martin Gerard,Eduardo  Saavedra,43 Rue Jouffroy Dabbans  75017,"Rambla de Cataluña, 23  8022"
40,63.76,2019-11-24,2019-12-01,2019-11-25,Shipped,Customer is interested in buying more Ferrari models,1900s Vintage Tri-Plane,Planes,1:24,Unimax Art Galleries,2756,36.23,72.45,Enaco Distributors,+34 932 03 45 55,Barcelona,Spain,60300,mgerard@classicmodelcars.com,Sales Rep,Paris,+33 1 47 23 44 04,France,EMEA,Martin Gerard,Eduardo  Saavedra,43 Rue Jouffroy Dabbans  75017,"Rambla de Cataluña, 23  8022"
55,95.89,2019-11-24,2019-12-01,2019-11-25,Shipped,Customer is interested in buying more Ferrari models,1997 BMW F650 ST,Motorcycles,1:32,Exoto Designs,178,66.92,99.89,Enaco Distributors,+34 932 03 45 55,Barcelona,Spain,60300,mgerard@classicmodelcars.com,Sales Rep,Paris,+33 1 47 23 44 04,France,EMEA,Martin Gerard,Eduardo  Saavedra,43 Rue Jouffroy Dabbans  75017,"Rambla de Cataluña, 23  8022"
39,67.41,2019-11-24,2019-12-01,2019-11-25,Shipped,Customer is interested in buying more Ferrari models,1928 Ford Phaeton Deluxe,Vintage Cars,1:32,Highway 66 Mini Classics,136,33.02,68.79,Enaco Distributors,+34 932 03 45 55,Barcelona,Spain,60300,mgerard@classicmodelcars.com,Sales Rep,Paris,+33 1 47 23 44 04,France,EMEA,Martin Gerard,Eduardo  Saavedra,43 Rue Jouffroy Dabbans  75017,"Rambla de Cataluña, 23  8022"
40,37.09,2019-11-24,2019-12-01,2019-11-25,Shipped,Customer is interested in buying more Ferrari models,1930 Buick Marquette Phaeton,Vintage Cars,1:50,Studio M Art Models,7062,27.06,43.64,Enaco Distributors,+34 932 03 45 55,Barcelona,Spain,60300,mgerard@classicmodelcars.com,Sales Rep,Paris,+33 1 47 23 44 04,France,EMEA,Martin Gerard,Eduardo  Saavedra,43 Rue Jouffroy Dabbans  75017,"Rambla de Cataluña, 23  8022"
30,73.99,2019-11-24,2019-12-01,2019-11-25,Shipped,Customer is interested in buying more Ferrari models,American Airlines: B767-300,Planes,1:700,Min Lin Diecast,5841,51.15,91.34,Enaco Distributors,+34 932 03 45 55,Barcelona,Spain,60300,mgerard@classicmodelcars.com,Sales Rep,Paris,+33 1 47 23 44 04,France,EMEA,Martin Gerard,Eduardo  Saavedra,43 Rue Jouffroy Dabbans  75017,"Rambla de Cataluña, 23  8022"
55,81.77,2019-11-24,2019-12-01,2019-11-25,Shipped,Customer is interested in buying more Ferrari models,America West Airlines B757-200,Planes,1:700,Motor City Art Classics,9653,68.8,99.72,Enaco Distributors,+34 932 03 45 55,Barcelona,Spain,60300,mgerard@classicmodelcars.com,Sales Rep,Paris,+33 1 47 23 44 04,France,EMEA,Martin Gerard,Eduardo  Saavedra,43 Rue Jouffroy Dabbans  75017,"Rambla de Cataluña, 23  8022"
29,98.48,2019-11-24,2019-12-01,2019-11-25,Shipped,Customer is interested in buying more Ferrari models,ATA: B757-300,Planes,1:700,Highway 66 Mini Classics,7106,59.33,118.65,Enaco Distributors,+34 932 03 45 55,Barcelona,Spain,60300,mgerard@classicmodelcars.com,Sales Rep,Paris,+33 1 47 23 44 04,France,EMEA,Martin Gerard,Eduardo  Saavedra,43 Rue Jouffroy Dabbans  75017,"Rambla de Cataluña, 23  8022"
41,84.22,2019-11-24,2019-12-01,2019-11-29,Shipped,,1969 Harley Davidson Ultimate Chopper,Motorcycles,1:10,Min Lin Diecast,7933,48.81,95.7,Salzburg Collectables,+43 6562 9555,Salzburg,Austria,71700,pcastillo@classicmodelcars.com,Sales Rep,Paris,+33 1 47 23 44 04,France,EMEA,Pamela Castillo,Georg  Pipps,43 Rue Jouffroy Dabbans  75017,Geislweg 14  5020
45,192.62,2019-11-24,2019-12-01,2019-11-29,Shipped,,1968 Ford Mustang,Classic Cars,1:12,Autoart Studio Design,68,95.34,194.57,Salzburg Collectables,+43 6562 9555,Salzburg,Austria,71700,pcastillo@classicmodelcars.com,Sales Rep,Paris,+33 1 47 23 44 04,France,EMEA,Pamela Castillo,Georg  Pipps,43 Rue Jouffroy Dabbans  75017,Geislweg 14  5020
55,120.5,2019-11-24,2019-12-01,2019-11-29,Shipped,,2002 Suzuki XREO,Motorcycles,1:12,Unimax Art Galleries,9997,66.27,150.62,Salzburg Collectables,+43 6562 9555,Salzburg,Austria,71700,pcastillo@classicmodelcars.com,Sales Rep,Paris,+33 1 47 23 44 04,France,EMEA,Pamela Castillo,Georg  Pipps,43 Rue Jouffroy Dabbans  75017,Geislweg 14  5020
44,111.57,2019-11-24,2019-12-01,2019-11-29,Shipped,,1968 Dodge Charger,Classic Cars,1:12,Welly Diecast Productions,9123,75.16,117.44,Salzburg Collectables,+43 6562 9555,Salzburg,Austria,71700,pcastillo@classicmodelcars.com,Sales Rep,Paris,+33 1 47 23 44 04,France,EMEA,Pamela Castillo,Georg  Pipps,43 Rue Jouffroy Dabbans  75017,Geislweg 14  5020
36,77.41,2019-11-24,2019-12-01,2019-11-29,Shipped,,1970 Plymouth Hemi Cuda,Classic Cars,1:12,Studio M Art Models,5663,31.92,79.8,Salzburg Collectables,+43 6562 9555,Salzburg,Austria,71700,pcastillo@classicmodelcars.com,Sales Rep,Paris,+33 1 47 23 44 04,France,EMEA,Pamela Castillo,Georg  Pipps,43 Rue Jouffroy Dabbans  75017,Geislweg 14  5020
55,109.4,2019-11-24,2019-12-01,2019-11-29,Shipped,,1969 Dodge Charger,Classic Cars,1:12,Welly Diecast Productions,7323,58.73,115.16,Salzburg Collectables,+43 6562 9555,Salzburg,Austria,71700,pcastillo@classicmodelcars.com,Sales Rep,Paris,+33 1 47 23 44 04,France,EMEA,Pamela Castillo,Georg  Pipps,43 Rue Jouffroy Dabbans  75017,Geislweg 14  5020
32,63.03,2019-11-24,2019-12-01,2019-11-29,Shipped,,1982 Ducati 900 Monster,Motorcycles,1:24,Highway 66 Mini Classics,6840,47.1,69.26,Salzburg Collectables,+43 6562 9555,Salzburg,Austria,71700,pcastillo@classicmodelcars.com,Sales Rep,Paris,+33 1 47 23 44 04,France,EMEA,Pamela Castillo,Georg  Pipps,43 Rue Jouffroy Dabbans  75017,Geislweg 14  5020
31,95.93,2019-11-24,2019-12-01,2019-11-29,Shipped,,1974 Ducati 350 Mk3 Desmo,Motorcycles,1:32,Second Gear Diecast,3341,56.13,102.05,Salzburg Collectables,+43 6562 9555,Salzburg,Austria,71700,pcastillo@classicmodelcars.com,Sales Rep,Paris,+33 1 47 23 44 04,France,EMEA,Pamela Castillo,Georg  Pipps,43 Rue Jouffroy Dabbans  75017,Geislweg 14  5020
38,78.11,2019-11-24,2019-12-01,2019-11-29,Shipped,,2002 Yamaha YZR M1,Motorcycles,1:50,Autoart Studio Design,600,34.17,81.36,Salzburg Collectables,+43 6562 9555,Salzburg,Austria,71700,pcastillo@classicmodelcars.com,Sales Rep,Paris,+33 1 47 23 44 04,France,EMEA,Pamela Castillo,Georg  Pipps,43 Rue Jouffroy Dabbans  75017,Geislweg 14  5020
34,70.4,2019-11-24,2019-12-01,2019-11-29,Shipped,,F/A 18 Hornet 1/72,Planes,1:72,Motor City Art Classics,551,54.4,80.0,Salzburg Collectables,+43 6562 9555,Salzburg,Austria,71700,pcastillo@classicmodelcars.com,Sales Rep,Paris,+33 1 47 23 44 04,France,EMEA,Pamela Castillo,Georg  Pipps,43 Rue Jouffroy Dabbans  75017,Geislweg 14  5020
40,118.89,2019-11-24,2019-12-01,2019-11-29,Shipped,,1993 Mazda RX-7,Classic Cars,1:18,Highway 66 Mini Classics,3975,83.51,141.54,"Australian Collectors, Co.",+61 3 9520 4555,Melbourne,Australia,117300,afixter@classicmodelcars.com,Sales Rep,Sydney,+61 2 9264 2451,Australia,APAC,Andy Fixter,Peter Ferguson,5-11 Wentworth Avenue Floor #2 NSW 2010,636 St Kilda Road Level 3 3004
55,63.14,2019-11-24,2019-12-01,2019-11-29,Shipped,,1948 Porsche 356-A Roadster,Classic Cars,1:18,Gearbox Collectibles,8826,53.9,77.0,"Australian Collectors, Co.",+61 3 9520 4555,Melbourne,Australia,117300,afixter@classicmodelcars.com,Sales Rep,Sydney,+61 2 9264 2451,Australia,APAC,Andy Fixter,Peter Ferguson,5-11 Wentworth Avenue Floor #2 NSW 2010,636 St Kilda Road Level 3 3004
22,115.22,2019-11-24,2019-12-01,2019-11-29,Shipped,,1995 Honda Civic,Classic Cars,1:18,Min Lin Diecast,9772,93.89,142.25,"Australian Collectors, Co.",+61 3 9520 4555,Melbourne,Australia,117300,afixter@classicmodelcars.com,Sales Rep,Sydney,+61 2 9264 2451,Australia,APAC,Andy Fixter,Peter Ferguson,5-11 Wentworth Avenue Floor #2 NSW 2010,636 St Kilda Road Level 3 3004
30,167.65,2019-11-24,2019-12-01,2019-11-29,Shipped,,1992 Ferrari 360 Spider red,Classic Cars,1:18,Unimax Art Galleries,8347,77.9,169.34,"Australian Collectors, Co.",+61 3 9520 4555,Melbourne,Australia,117300,afixter@classicmodelcars.com,Sales Rep,Sydney,+61 2 9264 2451,Australia,APAC,Andy Fixter,Peter Ferguson,5-11 Wentworth Avenue Floor #2 NSW 2010,636 St Kilda Road Level 3 3004
25,76.39,2019-11-24,2019-12-01,2019-11-29,Shipped,,1969 Dodge Super Bee,Classic Cars,1:18,Min Lin Diecast,1917,49.05,80.41,"Australian Collectors, Co.",+61 3 9520 4555,Melbourne,Australia,117300,afixter@classicmodelcars.com,Sales Rep,Sydney,+61 2 9264 2451,Australia,APAC,Andy Fixter,Peter Ferguson,5-11 Wentworth Avenue Floor #2 NSW 2010,636 St Kilda Road Level 3 3004
55,136.7,2019-11-24,2019-12-01,2019-11-29,Shipped,,1976 Ford Gran Torino,Classic Cars,1:18,Gearbox Collectibles,9127,73.49,146.99,"Australian Collectors, Co.",+61 3 9520 4555,Melbourne,Australia,117300,afixter@classicmodelcars.com,Sales Rep,Sydney,+61 2 9264 2451,Australia,APAC,Andy Fixter,Peter Ferguson,5-11 Wentworth Avenue Floor #2 NSW 2010,636 St Kilda Road Level 3 3004
26,57.82,2019-11-24,2019-12-01,2019-11-29,Shipped,,1957 Vespa GS150,Motorcycles,1:18,Studio M Art Models,7689,32.95,62.17,"Australian Collectors, Co.",+61 3 9520 4555,Melbourne,Australia,117300,afixter@classicmodelcars.com,Sales Rep,Sydney,+61 2 9264 2451,Australia,APAC,Andy Fixter,Peter Ferguson,5-11 Wentworth Avenue Floor #2 NSW 2010,636 St Kilda Road Level 3 3004
38,124.99,2019-11-24,2019-12-01,2019-11-29,Shipped,,1957 Corvette Convertible,Classic Cars,1:18,Classic Metal Creations,1249,69.93,148.8,"Australian Collectors, Co.",+61 3 9520 4555,Melbourne,Australia,117300,afixter@classicmodelcars.com,Sales Rep,Sydney,+61 2 9264 2451,Australia,APAC,Andy Fixter,Peter Ferguson,5-11 Wentworth Avenue Floor #2 NSW 2010,636 St Kilda Road Level 3 3004
39,30.59,2019-11-24,2019-12-01,2019-11-29,Shipped,,1982 Lamborghini Diablo,Classic Cars,1:24,Second Gear Diecast,7723,16.24,37.76,"Australian Collectors, Co.",+61 3 9520 4555,Melbourne,Australia,117300,afixter@classicmodelcars.com,Sales Rep,Sydney,+61 2 9264 2451,Australia,APAC,Andy Fixter,Peter Ferguson,5-11 Wentworth Avenue Floor #2 NSW 2010,636 St Kilda Road Level 3 3004
48,60.01,2019-11-24,2019-12-01,2019-11-29,Shipped,,1971 Alpine Renault 1600s,Classic Cars,1:24,Welly Diecast Productions,7995,38.58,61.23,"Australian Collectors, Co.",+61 3 9520 4555,Melbourne,Australia,117300,afixter@classicmodelcars.com,Sales Rep,Sydney,+61 2 9264 2451,Australia,APAC,Andy Fixter,Peter Ferguson,5-11 Wentworth Avenue Floor #2 NSW 2010,636 St Kilda Road Level 3 3004
42,112.34,2019-11-24,2019-12-01,2019-11-29,Shipped,,1956 Porsche 356A Coupe,Classic Cars,1:18,Classic Metal Creations,6600,98.3,140.43,"Australian Collectors, Co.",+61 3 9520 4555,Melbourne,Australia,117300,afixter@classicmodelcars.com,Sales Rep,Sydney,+61 2 9264 2451,Australia,APAC,Andy Fixter,Peter Ferguson,5-11 Wentworth Avenue Floor #2 NSW 2010,636 St Kilda Road Level 3 3004
36,109.51,2019-11-24,2019-12-01,2019-11-26,Shipped,,1965 Aston Martin DB5,Classic Cars,1:18,Classic Metal Creations,9042,65.96,124.44,Reims Collectables,,Reims,France,81100,lbondur@classicmodelcars.com,Sales Rep,Paris,+33 1 47 23 44 04,France,EMEA,Loui Bondur,Paul  Henriot,43 Rue Jouffroy Dabbans  75017,59 rue de lAbbaye  51100
25,118.8,2019-11-24,2019-12-01,2019-11-26,Shipped,,1999 Indy 500 Monte Carlo SS,Classic Cars,1:18,Red Start Diecast,8164,56.76,132.0,Reims Collectables,,Reims,France,81100,lbondur@classicmodelcars.com,Sales Rep,Paris,+33 1 47 23 44 04,France,EMEA,Loui Bondur,Paul  Henriot,43 Rue Jouffroy Dabbans  75017,59 rue de lAbbaye  51100
44,127.15,2019-11-24,2019-12-01,2019-11-26,Shipped,,1948 Porsche Type 356 Roadster,Classic Cars,1:18,Gearbox Collectibles,8990,62.16,141.28,Reims Collectables,,Reims,France,81100,lbondur@classicmodelcars.com,Sales Rep,Paris,+33 1 47 23 44 04,France,EMEA,Loui Bondur,Paul  Henriot,43 Rue Jouffroy Dabbans  75017,59 rue de lAbbaye  51100
27,44.78,2019-11-24,2019-12-01,2019-11-26,Shipped,,1966 Shelby Cobra 427 S/C,Classic Cars,1:24,Carousel DieCast Legends,8197,29.18,50.31,Reims Collectables,,Reims,France,81100,lbondur@classicmodelcars.com,Sales Rep,Paris,+33 1 47 23 44 04,France,EMEA,Loui Bondur,Paul  Henriot,43 Rue Jouffroy Dabbans  75017,59 rue de lAbbaye  51100
30,76.8,2019-11-24,2019-12-01,2019-11-26,Shipped,,1961 Chevrolet Impala,Classic Cars,1:18,Classic Metal Creations,7869,32.33,80.84,Reims Collectables,,Reims,France,81100,lbondur@classicmodelcars.com,Sales Rep,Paris,+33 1 47 23 44 04,France,EMEA,Loui Bondur,Paul  Henriot,43 Rue Jouffroy Dabbans  75017,59 rue de lAbbaye  51100
29,37.41,2019-11-24,2019-12-01,2019-11-26,Shipped,,1982 Ducati 996 R,Motorcycles,1:32,Gearbox Collectibles,9241,24.14,40.23,Reims Collectables,,Reims,France,81100,lbondur@classicmodelcars.com,Sales Rep,Paris,+33 1 47 23 44 04,France,EMEA,Loui Bondur,Paul  Henriot,43 Rue Jouffroy Dabbans  75017,59 rue de lAbbaye  51100
45,168.3,2019-11-25,2019-12-02,2019-11-29,Shipped,,1917 Grand Touring Sedan,Vintage Cars,1:18,Welly Diecast Productions,2724,86.7,170.0,Marseille Mini Autos,,Marseille,France,65000,lbondur@classicmodelcars.com,Sales Rep,Paris,+33 1 47 23 44 04,France,EMEA,Loui Bondur,Laurence  Lebihan,43 Rue Jouffroy Dabbans  75017,"12, rue des Bouchers  13008"
40,49.04,2019-11-25,2019-12-02,2019-11-29,Shipped,,1911 Ford Town Car,Vintage Cars,1:18,Motor City Art Classics,540,33.3,60.54,Marseille Mini Autos,,Marseille,France,65000,lbondur@classicmodelcars.com,Sales Rep,Paris,+33 1 47 23 44 04,France,EMEA,Loui Bondur,Laurence  Lebihan,43 Rue Jouffroy Dabbans  75017,"12, rue des Bouchers  13008"
30,118.23,2019-11-25,2019-12-02,2019-11-29,Shipped,,1932 Model A Ford J-Coupe,Vintage Cars,1:18,Autoart Studio Design,9354,58.48,127.13,Marseille Mini Autos,,Marseille,France,65000,lbondur@classicmodelcars.com,Sales Rep,Paris,+33 1 47 23 44 04,France,EMEA,Loui Bondur,Laurence  Lebihan,43 Rue Jouffroy Dabbans  75017,"12, rue des Bouchers  13008"
21,80.99,2019-11-25,2019-12-02,2019-11-29,Shipped,,1932 Alfa Romeo 8C2300 Spider Sport,Vintage Cars,1:18,Exoto Designs,6553,43.26,92.03,Marseille Mini Autos,,Marseille,France,65000,lbondur@classicmodelcars.com,Sales Rep,Paris,+33 1 47 23 44 04,France,EMEA,Loui Bondur,Laurence  Lebihan,43 Rue Jouffroy Dabbans  75017,"12, rue des Bouchers  13008"
26,68.42,2019-11-25,2019-12-02,2019-11-29,Shipped,,1957 Ford Thunderbird,Classic Cars,1:18,Studio M Art Models,3209,34.21,71.27,Marseille Mini Autos,,Marseille,France,65000,lbondur@classicmodelcars.com,Sales Rep,Paris,+33 1 47 23 44 04,France,EMEA,Loui Bondur,Laurence  Lebihan,43 Rue Jouffroy Dabbans  75017,"12, rue des Bouchers  13008"
29,61.0,2019-11-25,2019-12-02,2019-11-29,Shipped,,1970 Chevy Chevelle SS 454,Classic Cars,1:24,Unimax Art Galleries,1005,49.24,73.49,Marseille Mini Autos,,Marseille,France,65000,lbondur@classicmodelcars.com,Sales Rep,Paris,+33 1 47 23 44 04,France,EMEA,Loui Bondur,Laurence  Lebihan,43 Rue Jouffroy Dabbans  75017,"12, rue des Bouchers  13008"
20,27.88,2019-11-25,2019-12-02,2019-11-29,Shipped,,1939 Chevrolet Deluxe Coupe,Vintage Cars,1:24,Motor City Art Classics,7332,22.57,33.19,Marseille Mini Autos,,Marseille,France,65000,lbondur@classicmodelcars.com,Sales Rep,Paris,+33 1 47 23 44 04,France,EMEA,Loui Bondur,Laurence  Lebihan,43 Rue Jouffroy Dabbans  75017,"12, rue des Bouchers  13008"
43,38.98,2019-11-25,2019-12-01,2019-11-26,Shipped,,1938 Cadillac V-16 Presidential Limousine,Vintage Cars,1:24,Classic Metal Creations,2847,20.61,44.8,Atelier graphique,,Nantes,France,21000,ghernande@classicmodelcars.com,Sales Rep,Paris,+33 1 47 23 44 04,France,EMEA,Gerard Hernandez,Carine  Schmitt,43 Rue Jouffroy Dabbans  75017,"54, rue Royale  44000"
42,88.36,2019-11-29,2019-12-05,2019-11-30,Shipped,,1937 Lincoln Berline,Vintage Cars,1:18,Motor City Art Classics,8693,60.62,102.74,Signal Gift Stores,+1 702-555-1838,Las Vegas,USA,71800,lthompson@classicmodelcars.com,Sales Rep,San Francisco,+1 650-219-4782,USA,,Leslie Thompson,Jean King,100 Market Street Suite 300 94080,8489 Strong St.  83030
25,87.24,2019-11-29,2019-12-05,2019-11-30,Shipped,,1949 Jaguar XK 120,Classic Cars,1:24,Classic Metal Creations,2350,47.25,90.87,Signal Gift Stores,+1 702-555-1838,Las Vegas,USA,71800,lthompson@classicmodelcars.com,Sales Rep,San Francisco,+1 650-219-4782,USA,,Leslie Thompson,Jean King,100 Market Street Suite 300 94080,8489 Strong St.  83030
24,117.44,2019-11-29,2019-12-05,2019-11-30,Shipped,,1952 Citroen-15CV,Classic Cars,1:24,Exoto Designs,1452,72.82,117.44,Signal Gift Stores,+1 702-555-1838,Las Vegas,USA,71800,lthompson@classicmodelcars.com,Sales Rep,San Francisco,+1 650-219-4782,USA,,Leslie Thompson,Jean King,100 Market Street Suite 300 94080,8489 Strong St.  83030
24,80.47,2019-11-29,2019-12-05,2019-11-30,Shipped,,1969 Chevrolet Camaro Z28,Classic Cars,1:24,Exoto Designs,4695,50.51,85.61,Signal Gift Stores,+1 702-555-1838,Las Vegas,USA,71800,lthompson@classicmodelcars.com,Sales Rep,San Francisco,+1 650-219-4782,USA,,Leslie Thompson,Jean King,100 Market Street Suite 300 94080,8489 Strong St.  83030
26,103.87,2019-11-29,2019-12-05,2019-11-30,Shipped,,2002 Chevy Corvette,Classic Cars,1:24,Gearbox Collectibles,9446,62.11,107.08,Signal Gift Stores,+1 702-555-1838,Las Vegas,USA,71800,lthompson@classicmodelcars.com,Sales Rep,San Francisco,+1 650-219-4782,USA,,Leslie Thompson,Jean King,100 Market Street Suite 300 94080,8489 Strong St.  83030
22,38.57,2019-11-29,2019-12-05,2019-11-30,Shipped,,1936 Mercedes Benz 500k Roadster,Vintage Cars,1:24,Red Start Diecast,2081,21.75,41.03,Signal Gift Stores,+1 702-555-1838,Las Vegas,USA,71800,lthompson@classicmodelcars.com,Sales Rep,San Francisco,+1 650-219-4782,USA,,Leslie Thompson,Jean King,100 Market Street Suite 300 94080,8489 Strong St.  83030
30,188.58,2019-11-29,2019-12-07,2019-11-30,Shipped,Can we deliver the new Ford Mustang models by end-of-quarter?,1952 Alpine Renault 1300,Classic Cars,1:10,Classic Metal Creations,7305,98.58,214.3,"Australian Collectors, Co.",+61 3 9520 4555,Melbourne,Australia,117300,afixter@classicmodelcars.com,Sales Rep,Sydney,+61 2 9264 2451,Australia,APAC,Andy Fixter,Peter Ferguson,5-11 Wentworth Avenue Floor #2 NSW 2010,636 St Kilda Road Level 3 3004
27,132.97,2019-11-29,2019-12-07,2019-11-30,Shipped,Can we deliver the new Ford Mustang models by end-of-quarter?,1962 LanciaA Delta 16V,Classic Cars,1:10,Second Gear Diecast,6791,103.42,147.74,"Australian Collectors, Co.",+61 3 9520 4555,Melbourne,Australia,117300,afixter@classicmodelcars.com,Sales Rep,Sydney,+61 2 9264 2451,Australia,APAC,Andy Fixter,Peter Ferguson,5-11 Wentworth Avenue Floor #2 NSW 2010,636 St Kilda Road Level 3 3004
29,132.57,2019-11-29,2019-12-07,2019-11-30,Shipped,Can we deliver the new Ford Mustang models by end-of-quarter?,1958 Setra Bus,Trucks and Buses,1:12,Welly Diecast Productions,1579,77.9,136.67,"Australian Collectors, Co.",+61 3 9520 4555,Melbourne,Australia,117300,afixter@classicmodelcars.com,Sales Rep,Sydney,+61 2 9264 2451,Australia,APAC,Andy Fixter,Peter Ferguson,5-11 Wentworth Avenue Floor #2 NSW 2010,636 St Kilda Road Level 3 3004
42,113.17,2019-11-29,2019-12-07,2019-11-30,Shipped,Can we deliver the new Ford Mustang models by end-of-quarter?,1940 Ford Pickup Truck,Trucks and Buses,1:18,Studio M Art Models,2613,58.33,116.67,"Australian Collectors, Co.",+61 3 9520 4555,Melbourne,Australia,117300,afixter@classicmodelcars.com,Sales Rep,Sydney,+61 2 9264 2451,Australia,APAC,Andy Fixter,Peter Ferguson,5-11 Wentworth Avenue Floor #2 NSW 2010,636 St Kilda Road Level 3 3004
21,46.36,2019-11-29,2019-12-07,2019-11-30,Shipped,Can we deliver the new Ford Mustang models by end-of-quarter?,1936 Mercedes-Benz 500K Special Roadster,Vintage Cars,1:18,Studio M Art Models,8635,24.26,53.91,"Australian Collectors, Co.",+61 3 9520 4555,Melbourne,Australia,117300,afixter@classicmodelcars.com,Sales Rep,Sydney,+61 2 9264 2451,Australia,APAC,Andy Fixter,Peter Ferguson,5-11 Wentworth Avenue Floor #2 NSW 2010,636 St Kilda Road Level 3 3004
50,51.05,2019-11-29,2019-12-07,2019-11-30,Shipped,Can we deliver the new Ford Mustang models by end-of-quarter?,1926 Ford Fire Engine,Trucks and Buses,1:18,Carousel DieCast Legends,2019,24.92,60.77,"Australian Collectors, Co.",+61 3 9520 4555,Melbourne,Australia,117300,afixter@classicmodelcars.com,Sales Rep,Sydney,+61 2 9264 2451,Australia,APAC,Andy Fixter,Peter Ferguson,5-11 Wentworth Avenue Floor #2 NSW 2010,636 St Kilda Road Level 3 3004
21,136.69,2019-11-29,2019-12-07,2019-11-30,Shipped,Can we deliver the new Ford Mustang models by end-of-quarter?,1928 Mercedes-Benz SSK,Vintage Cars,1:18,Gearbox Collectibles,548,72.56,168.75,"Australian Collectors, Co.",+61 3 9520 4555,Melbourne,Australia,117300,afixter@classicmodelcars.com,Sales Rep,Sydney,+61 2 9264 2451,Australia,APAC,Andy Fixter,Peter Ferguson,5-11 Wentworth Avenue Floor #2 NSW 2010,636 St Kilda Road Level 3 3004
48,84.09,2019-11-29,2019-12-07,2019-11-30,Shipped,Can we deliver the new Ford Mustang models by end-of-quarter?,1913 Ford Model T Speedster,Vintage Cars,1:18,Carousel DieCast Legends,4189,60.78,101.31,"Australian Collectors, Co.",+61 3 9520 4555,Melbourne,Australia,117300,afixter@classicmodelcars.com,Sales Rep,Sydney,+61 2 9264 2451,Australia,APAC,Andy Fixter,Peter Ferguson,5-11 Wentworth Avenue Floor #2 NSW 2010,636 St Kilda Road Level 3 3004
34,60.59,2019-11-29,2019-12-07,2019-11-30,Shipped,Can we deliver the new Ford Mustang models by end-of-quarter?,1934 Ford V8 Coupe,Vintage Cars,1:18,Min Lin Diecast,5649,34.35,62.46,"Australian Collectors, Co.",+61 3 9520 4555,Melbourne,Australia,117300,afixter@classicmodelcars.com,Sales Rep,Sydney,+61 2 9264 2451,Australia,APAC,Andy Fixter,Peter Ferguson,5-11 Wentworth Avenue Floor #2 NSW 2010,636 St Kilda Road Level 3 3004
45,95.3,2019-11-29,2019-12-07,2019-11-30,Shipped,Can we deliver the new Ford Mustang models by end-of-quarter?,18th Century Vintage Horse Carriage,Vintage Cars,1:18,Red Start Diecast,5992,60.74,104.72,"Australian Collectors, Co.",+61 3 9520 4555,Melbourne,Australia,117300,afixter@classicmodelcars.com,Sales Rep,Sydney,+61 2 9264 2451,Australia,APAC,Andy Fixter,Peter Ferguson,5-11 Wentworth Avenue Floor #2 NSW 2010,636 St Kilda Road Level 3 3004
26,84.33,2019-11-29,2019-12-07,2019-11-30,Shipped,Can we deliver the new Ford Mustang models by end-of-quarter?,1917 Maxwell Touring Car,Vintage Cars,1:18,Exoto Designs,7913,57.54,99.21,"Australian Collectors, Co.",+61 3 9520 4555,Melbourne,Australia,117300,afixter@classicmodelcars.com,Sales Rep,Sydney,+61 2 9264 2451,Australia,APAC,Andy Fixter,Peter Ferguson,5-11 Wentworth Avenue Floor #2 NSW 2010,636 St Kilda Road Level 3 3004
45,115.03,2019-11-29,2019-12-07,2019-11-30,Shipped,Can we deliver the new Ford Mustang models by end-of-quarter?,1940s Ford truck,Trucks and Buses,1:18,Motor City Art Classics,3128,84.76,121.08,"Australian Collectors, Co.",+61 3 9520 4555,Melbourne,Australia,117300,afixter@classicmodelcars.com,Sales Rep,Sydney,+61 2 9264 2451,Australia,APAC,Andy Fixter,Peter Ferguson,5-11 Wentworth Avenue Floor #2 NSW 2010,636 St Kilda Road Level 3 3004
48,207.8,2019-11-01,2019-11-08,2019-11-05,Shipped,,2001 Ferrari Enzo,Classic Cars,1:12,Second Gear Diecast,3619,95.59,207.8,"Corrida Auto Replicas, Ltd",+34 915 55 22 82,Madrid,Spain,104600,mgerard@classicmodelcars.com,Sales Rep,Paris,+33 1 47 23 44 04,France,EMEA,Martin Gerard,Martín  Sommer,43 Rue Jouffroy Dabbans  75017,"C/ Araquil, 67  28023"
47,122.37,2019-11-01,2019-11-08,2019-11-05,Shipped,,1969 Corvair Monza,Classic Cars,1:18,Welly Diecast Productions,6906,89.14,151.08,"Corrida Auto Replicas, Ltd",+34 915 55 22 82,Madrid,Spain,104600,mgerard@classicmodelcars.com,Sales Rep,Paris,+33 1 47 23 44 04,France,EMEA,Martin Gerard,Martín  Sommer,43 Rue Jouffroy Dabbans  75017,"C/ Araquil, 67  28023"
29,43.77,2019-11-01,2019-11-08,2019-11-05,Shipped,,1939 Cadillac Limousine,Vintage Cars,1:18,Studio M Art Models,6645,23.14,50.31,"Corrida Auto Replicas, Ltd",+34 915 55 22 82,Madrid,Spain,104600,mgerard@classicmodelcars.com,Sales Rep,Paris,+33 1 47 23 44 04,France,EMEA,Martin Gerard,Martín  Sommer,43 Rue Jouffroy Dabbans  75017,"C/ Araquil, 67  28023"
37,107.34,2019-11-01,2019-11-08,2019-11-05,Shipped,,1962 Volkswagen Microbus,Trucks and Buses,1:24,Autoart Studio Design,2327,61.34,127.79,"Corrida Auto Replicas, Ltd",+34 915 55 22 82,Madrid,Spain,104600,mgerard@classicmodelcars.com,Sales Rep,Paris,+33 1 47 23 44 04,France,EMEA,Martin Gerard,Martín  Sommer,43 Rue Jouffroy Dabbans  75017,"C/ Araquil, 67  28023"
39,82.78,2019-11-01,2019-11-08,2019-11-05,Shipped,,1936 Chrysler Airflow,Vintage Cars,1:24,Second Gear Diecast,4710,57.46,97.39,"Corrida Auto Replicas, Ltd",+34 915 55 22 82,Madrid,Spain,104600,mgerard@classicmodelcars.com,Sales Rep,Paris,+33 1 47 23 44 04,France,EMEA,Martin Gerard,Martín  Sommer,43 Rue Jouffroy Dabbans  75017,"C/ Araquil, 67  28023"
42,90.53,2019-11-01,2019-11-08,2019-11-05,Shipped,,1980’s GM Manhattan Express,Trucks and Buses,1:32,Motor City Art Classics,5099,53.93,96.31,"Corrida Auto Replicas, Ltd",+34 915 55 22 82,Madrid,Spain,104600,mgerard@classicmodelcars.com,Sales Rep,Paris,+33 1 47 23 44 04,France,EMEA,Martin Gerard,Martín  Sommer,43 Rue Jouffroy Dabbans  75017,"C/ Araquil, 67  28023"
31,62.7,2019-11-01,2019-11-08,2019-11-05,Shipped,,1996 Peterbilt 379 Stake Bed with Outrigger,Trucks and Buses,1:32,Red Start Diecast,814,33.61,64.64,"Corrida Auto Replicas, Ltd",+34 915 55 22 82,Madrid,Spain,104600,mgerard@classicmodelcars.com,Sales Rep,Paris,+33 1 47 23 44 04,France,EMEA,Martin Gerard,Martín  Sommer,43 Rue Jouffroy Dabbans  75017,"C/ Araquil, 67  28023"
32,100.14,2019-11-01,2019-11-08,2019-11-05,Shipped,,1982 Camaro Z28,Classic Cars,1:18,Carousel DieCast Legends,6934,46.53,101.15,"Corrida Auto Replicas, Ltd",+34 915 55 22 82,Madrid,Spain,104600,mgerard@classicmodelcars.com,Sales Rep,Paris,+33 1 47 23 44 04,France,EMEA,Martin Gerard,Martín  Sommer,43 Rue Jouffroy Dabbans  75017,"C/ Araquil, 67  28023"
26,166.1,2019-12-01,2019-12-07,2019-12-03,Shipped,,1969 Ford Falcon,Classic Cars,1:12,Second Gear Diecast,1049,83.05,173.02,Muscle Machine Inc,+1 212-555-7413,NYC,USA,138500,ftseng@classicmodelcars.com,Sales Rep,NYC,+1 212-555-3000,USA,,Foon Yue Tseng,Jeff Young,523 East 53rd Street apt. 5A 10022,4092 Furth Circle Suite 400 10022
48,114.95,2019-12-01,2019-12-07,2019-12-03,Shipped,,1957 Chevy Pickup,Trucks and Buses,1:12,Exoto Designs,6125,55.7,118.5,Muscle Machine Inc,+1 212-555-7413,NYC,USA,138500,ftseng@classicmodelcars.com,Sales Rep,NYC,+1 212-555-3000,USA,,Foon Yue Tseng,Jeff Young,523 East 53rd Street apt. 5A 10022,4092 Furth Circle Suite 400 10022
38,142.45,2019-12-01,2019-12-07,2019-12-03,Shipped,,1998 Chrysler Plymouth Prowler,Classic Cars,1:18,Gearbox Collectibles,4724,101.51,163.73,Muscle Machine Inc,+1 212-555-7413,NYC,USA,138500,ftseng@classicmodelcars.com,Sales Rep,NYC,+1 212-555-3000,USA,,Foon Yue Tseng,Jeff Young,523 East 53rd Street apt. 5A 10022,4092 Furth Circle Suite 400 10022
38,117.82,2019-12-01,2019-12-07,2019-12-03,Shipped,,1964 Mercedes Tour Bus,Trucks and Buses,1:18,Unimax Art Galleries,8258,74.86,122.73,Muscle Machine Inc,+1 212-555-7413,NYC,USA,138500,ftseng@classicmodelcars.com,Sales Rep,NYC,+1 212-555-3000,USA,,Foon Yue Tseng,Jeff Young,523 East 53rd Street apt. 5A 10022,4092 Furth Circle Suite 400 10022
48,164.26,2019-12-01,2019-12-07,2019-12-03,Shipped,,1992 Ferrari 360 Spider red,Classic Cars,1:18,Unimax Art Galleries,8347,77.9,169.34,Muscle Machine Inc,+1 212-555-7413,NYC,USA,138500,ftseng@classicmodelcars.com,Sales Rep,NYC,+1 212-555-3000,USA,,Foon Yue Tseng,Jeff Young,523 East 53rd Street apt. 5A 10022,4092 Furth Circle Suite 400 10022
34,140.75,2019-12-01,2019-12-07,2019-12-03,Shipped,,1970 Triumph Spitfire,Classic Cars,1:18,Min Lin Diecast,5545,91.92,143.62,Muscle Machine Inc,+1 212-555-7413,NYC,USA,138500,ftseng@classicmodelcars.com,Sales Rep,NYC,+1 212-555-3000,USA,,Foon Yue Tseng,Jeff Young,523 East 53rd Street apt. 5A 10022,4092 Furth Circle Suite 400 10022
48,50.29,2019-12-01,2019-12-07,2019-12-03,Shipped,,1970 Dodge Coronet,Classic Cars,1:24,Highway 66 Mini Classics,4074,32.37,57.8,Muscle Machine Inc,+1 212-555-7413,NYC,USA,138500,ftseng@classicmodelcars.com,Sales Rep,NYC,+1 212-555-3000,USA,,Foon Yue Tseng,Jeff Young,523 East 53rd Street apt. 5A 10022,4092 Furth Circle Suite 400 10022
36,31.47,2019-12-01,2019-12-07,2019-12-03,Shipped,,1958 Chevy Corvette Limited Edition,Classic Cars,1:24,Carousel DieCast Legends,2542,15.91,35.36,Muscle Machine Inc,+1 212-555-7413,NYC,USA,138500,ftseng@classicmodelcars.com,Sales Rep,NYC,+1 212-555-3000,USA,,Foon Yue Tseng,Jeff Young,523 East 53rd Street apt. 5A 10022,4092 Furth Circle Suite 400 10022
23,111.18,2019-12-01,2019-12-07,2019-12-03,Shipped,,1992 Porsche Cayenne Turbo Silver,Classic Cars,1:24,Exoto Designs,6582,69.78,118.28,Muscle Machine Inc,+1 212-555-7413,NYC,USA,138500,ftseng@classicmodelcars.com,Sales Rep,NYC,+1 212-555-3000,USA,,Foon Yue Tseng,Jeff Young,523 East 53rd Street apt. 5A 10022,4092 Furth Circle Suite 400 10022
33,44.37,2019-12-01,2019-12-07,2019-12-03,Shipped,,1954 Greyhound Scenicruiser,Trucks and Buses,1:32,Classic Metal Creations,2874,25.98,54.11,Muscle Machine Inc,+1 212-555-7413,NYC,USA,138500,ftseng@classicmodelcars.com,Sales Rep,NYC,+1 212-555-3000,USA,,Foon Yue Tseng,Jeff Young,523 East 53rd Street apt. 5A 10022,4092 Furth Circle Suite 400 10022
26,110.16,2019-12-02,2019-12-08,2019-12-05,Shipped,,1972 Alfa Romeo GTA,Classic Cars,1:10,Motor City Art Classics,3252,85.68,136.0,Euro+ Shopping Channel,+34 915 55 94 44,Madrid,Spain,227600,ghernande@classicmodelcars.com,Sales Rep,Paris,+33 1 47 23 44 04,France,EMEA,Gerard Hernandez,Diego  Freyre,43 Rue Jouffroy Dabbans  75017,"C/ Moralzarzal, 86  28034"
43,84.3,2019-12-02,2019-12-08,2019-12-05,Shipped,,1999 Yamaha Speed Boat,Ships,1:18,Min Lin Diecast,4259,51.61,86.02,Euro+ Shopping Channel,+34 915 55 94 44,Madrid,Spain,227600,ghernande@classicmodelcars.com,Sales Rep,Paris,+33 1 47 23 44 04,France,EMEA,Gerard Hernandez,Diego  Freyre,43 Rue Jouffroy Dabbans  75017,"C/ Moralzarzal, 86  28034"
44,135.22,2019-12-02,2019-12-08,2019-12-05,Shipped,,1903 Ford Model A,Vintage Cars,1:18,Unimax Art Galleries,3913,68.3,136.59,Euro+ Shopping Channel,+34 915 55 94 44,Madrid,Spain,227600,ghernande@classicmodelcars.com,Sales Rep,Paris,+33 1 47 23 44 04,France,EMEA,Gerard Hernandez,Diego  Freyre,43 Rue Jouffroy Dabbans  75017,"C/ Moralzarzal, 86  28034"
41,94.79,2019-12-02,2019-12-08,2019-12-05,Shipped,,Collectable Wooden Train,Trains,1:18,Carousel DieCast Legends,6450,67.56,100.84,Euro+ Shopping Channel,+34 915 55 94 44,Madrid,Spain,227600,ghernande@classicmodelcars.com,Sales Rep,Paris,+33 1 47 23 44 04,France,EMEA,Gerard Hernandez,Diego  Freyre,43 Rue Jouffroy Dabbans  75017,"C/ Moralzarzal, 86  28034"
30,70.22,2019-12-02,2019-12-08,2019-12-05,Shipped,,1904 Buick Runabout,Vintage Cars,1:18,Exoto Designs,8290,52.66,87.77,Euro+ Shopping Channel,+34 915 55 94 44,Madrid,Spain,227600,ghernande@classicmodelcars.com,Sales Rep,Paris,+33 1 47 23 44 04,France,EMEA,Gerard Hernandez,Diego  Freyre,43 Rue Jouffroy Dabbans  75017,"C/ Moralzarzal, 86  28034"
34,98.31,2019-12-02,2019-12-08,2019-12-05,Shipped,,18th century schooner,Ships,1:24,Carousel DieCast Legends,1898,82.34,122.89,Euro+ Shopping Channel,+34 915 55 94 44,Madrid,Spain,227600,ghernande@classicmodelcars.com,Sales Rep,Paris,+33 1 47 23 44 04,France,EMEA,Gerard Hernandez,Diego  Freyre,43 Rue Jouffroy Dabbans  75017,"C/ Moralzarzal, 86  28034"
30,86.74,2019-12-02,2019-12-08,2019-12-05,Shipped,,1912 Ford Model T Delivery Wagon,Vintage Cars,1:24,Min Lin Diecast,9173,46.91,88.51,Euro+ Shopping Channel,+34 915 55 94 44,Madrid,Spain,227600,ghernande@classicmodelcars.com,Sales Rep,Paris,+33 1 47 23 44 04,France,EMEA,Gerard Hernandez,Diego  Freyre,43 Rue Jouffroy Dabbans  75017,"C/ Moralzarzal, 86  28034"
25,77.15,2019-12-02,2019-12-08,2019-12-05,Shipped,,1940 Ford Delivery Sedan,Vintage Cars,1:24,Carousel DieCast Legends,6621,48.64,83.86,Euro+ Shopping Channel,+34 915 55 94 44,Madrid,Spain,227600,ghernande@classicmodelcars.com,Sales Rep,Paris,+33 1 47 23 44 04,France,EMEA,Gerard Hernandez,Diego  Freyre,43 Rue Jouffroy Dabbans  75017,"C/ Moralzarzal, 86  28034"
27,61.52,2019-12-02,2019-12-08,2019-12-05,Shipped,,1950s Chicago Surface Lines Streetcar,Trains,1:32,Gearbox Collectibles,8601,26.72,62.14,Euro+ Shopping Channel,+34 915 55 94 44,Madrid,Spain,227600,ghernande@classicmodelcars.com,Sales Rep,Paris,+33 1 47 23 44 04,France,EMEA,Gerard Hernandez,Diego  Freyre,43 Rue Jouffroy Dabbans  75017,"C/ Moralzarzal, 86  28034"
31,104.18,2019-12-02,2019-12-08,2019-12-05,Shipped,,Diamond T620 Semi-Skirted Tanker,Trucks and Buses,1:50,Highway 66 Mini Classics,1016,68.29,115.75,Euro+ Shopping Channel,+34 915 55 94 44,Madrid,Spain,227600,ghernande@classicmodelcars.com,Sales Rep,Paris,+33 1 47 23 44 04,France,EMEA,Gerard Hernandez,Diego  Freyre,43 Rue Jouffroy Dabbans  75017,"C/ Moralzarzal, 86  28034"
44,56.82,2019-12-02,2019-12-08,2019-12-05,Shipped,,1962 City of Detroit Streetcar,Trains,1:50,Classic Metal Creations,1645,37.49,58.58,Euro+ Shopping Channel,+34 915 55 94 44,Madrid,Spain,227600,ghernande@classicmodelcars.com,Sales Rep,Paris,+33 1 47 23 44 04,France,EMEA,Gerard Hernandez,Diego  Freyre,43 Rue Jouffroy Dabbans  75017,"C/ Moralzarzal, 86  28034"
46,56.0,2019-12-02,2019-12-08,2019-12-05,Shipped,,The Schooner Bluenose,Ships,1:700,Autoart Studio Design,1897,34.0,66.67,Euro+ Shopping Channel,+34 915 55 94 44,Madrid,Spain,227600,ghernande@classicmodelcars.com,Sales Rep,Paris,+33 1 47 23 44 04,France,EMEA,Gerard Hernandez,Diego  Freyre,43 Rue Jouffroy Dabbans  75017,"C/ Moralzarzal, 86  28034"
28,76.22,2019-12-02,2019-12-08,2019-12-05,Shipped,,The Mayflower,Ships,1:700,Studio M Art Models,737,43.3,86.61,Euro+ Shopping Channel,+34 915 55 94 44,Madrid,Spain,227600,ghernande@classicmodelcars.com,Sales Rep,Paris,+33 1 47 23 44 04,France,EMEA,Gerard Hernandez,Diego  Freyre,43 Rue Jouffroy Dabbans  75017,"C/ Moralzarzal, 86  28034"
29,68.67,2019-12-02,2019-12-08,2019-12-05,Shipped,,The USS Constitution Ship,Ships,1:700,Red Start Diecast,7083,33.97,72.28,Euro+ Shopping Channel,+34 915 55 94 44,Madrid,Spain,227600,ghernande@classicmodelcars.com,Sales Rep,Paris,+33 1 47 23 44 04,France,EMEA,Gerard Hernandez,Diego  Freyre,43 Rue Jouffroy Dabbans  75017,"C/ Moralzarzal, 86  28034"
31,87.15,2019-12-02,2019-12-08,2019-12-05,Shipped,,The Titanic,Ships,1:700,Carousel DieCast Legends,1956,51.09,100.17,Euro+ Shopping Channel,+34 915 55 94 44,Madrid,Spain,227600,ghernande@classicmodelcars.com,Sales Rep,Paris,+33 1 47 23 44 04,France,EMEA,Gerard Hernandez,Diego  Freyre,43 Rue Jouffroy Dabbans  75017,"C/ Moralzarzal, 86  28034"
25,97.32,2019-12-02,2019-12-08,2019-12-05,Shipped,,The Queen Mary,Ships,1:700,Welly Diecast Productions,5088,53.63,99.31,Euro+ Shopping Channel,+34 915 55 94 44,Madrid,Spain,227600,ghernande@classicmodelcars.com,Sales Rep,Paris,+33 1 47 23 44 04,France,EMEA,Gerard Hernandez,Diego  Freyre,43 Rue Jouffroy Dabbans  75017,"C/ Moralzarzal, 86  28034"
20,48.05,2019-12-02,2019-12-08,2019-12-05,Shipped,,Pont Yacht,Ships,1:72,Unimax Art Galleries,414,33.3,54.6,Euro+ Shopping Channel,+34 915 55 94 44,Madrid,Spain,227600,ghernande@classicmodelcars.com,Sales Rep,Paris,+33 1 47 23 44 04,France,EMEA,Gerard Hernandez,Diego  Freyre,43 Rue Jouffroy Dabbans  75017,"C/ Moralzarzal, 86  28034"
39,143.5,2019-12-03,2019-12-11,2019-12-07,Shipped,,1980s Black Hawk Helicopter,Planes,1:18,Red Start Diecast,5330,77.27,157.69,"Stylish Desk Decors, Co.",,London,UK,77000,lbott@classicmodelcars.com,Sales Rep,London,+44 20 7877 2041,UK,EMEA,Larry Bott,Ann  Brown,25 Old Broad Street Level 7 EC2N 1HN,35 King George  WX3 6FW
20,104.81,2019-12-03,2019-12-11,2019-12-07,Shipped,,1941 Chevrolet Special Deluxe Cabriolet,Vintage Cars,1:18,Exoto Designs,2378,64.58,105.87,"Stylish Desk Decors, Co.",,London,UK,77000,lbott@classicmodelcars.com,Sales Rep,London,+44 20 7877 2041,UK,EMEA,Larry Bott,Ann  Brown,25 Old Broad Street Level 7 EC2N 1HN,35 King George  WX3 6FW
25,64.4,2019-12-03,2019-12-11,2019-12-07,Shipped,,1900s Vintage Bi-Plane,Planes,1:24,Autoart Studio Design,5942,34.25,68.51,"Stylish Desk Decors, Co.",,London,UK,77000,lbott@classicmodelcars.com,Sales Rep,London,+44 20 7877 2041,UK,EMEA,Larry Bott,Ann  Brown,25 Old Broad Street Level 7 EC2N 1HN,35 King George  WX3 6FW
38,53.92,2019-12-03,2019-12-11,2019-12-07,Shipped,,1937 Horch 930V Limousine,Vintage Cars,1:24,Autoart Studio Design,2902,26.3,65.75,"Stylish Desk Decors, Co.",,London,UK,77000,lbott@classicmodelcars.com,Sales Rep,London,+44 20 7877 2041,UK,EMEA,Larry Bott,Ann  Brown,25 Old Broad Street Level 7 EC2N 1HN,35 King George  WX3 6FW
34,68.24,2019-12-03,2019-12-11,2019-12-07,Shipped,,Corsair F4U ( Bird Cage),Planes,1:24,Second Gear Diecast,6812,29.34,68.24,"Stylish Desk Decors, Co.",,London,UK,77000,lbott@classicmodelcars.com,Sales Rep,London,+44 20 7877 2041,UK,EMEA,Larry Bott,Ann  Brown,25 Old Broad Street Level 7 EC2N 1HN,35 King George  WX3 6FW
23,75.13,2019-12-03,2019-12-12,2019-12-09,Shipped,,HMS Bounty,Ships,1:700,Unimax Art Galleries,3501,39.83,90.52,Auto-Moto Classics Inc.,+1 617-555-8428,Brickhaven,USA,23000,spatterson@classicmodelcars.com,Sales Rep,Boston,+1 215-837-0825,USA,,Steve Patterson,Leslie Taylor,1550 Court Place Suite 102 02107,16780 Pompton St.  58339
49,87.75,2019-12-03,2019-12-12,2019-12-09,Shipped,,America West Airlines B757-200,Planes,1:700,Motor City Art Classics,9653,68.8,99.72,Auto-Moto Classics Inc.,+1 617-555-8428,Brickhaven,USA,23000,spatterson@classicmodelcars.com,Sales Rep,Boston,+1 215-837-0825,USA,,Steve Patterson,Leslie Taylor,1550 Court Place Suite 102 02107,16780 Pompton St.  58339
22,62.19,2019-12-03,2019-12-12,2019-12-09,Shipped,,American Airlines: MD-11S,Planes,1:700,Second Gear Diecast,8820,36.27,74.03,Auto-Moto Classics Inc.,+1 617-555-8428,Brickhaven,USA,23000,spatterson@classicmodelcars.com,Sales Rep,Boston,+1 215-837-0825,USA,,Steve Patterson,Leslie Taylor,1550 Court Place Suite 102 02107,16780 Pompton St.  58339
49,46.18,2019-12-03,2019-12-12,2019-12-09,Shipped,,Boeing X-32A JSF,Planes,1:72,Motor City Art Classics,4857,32.77,49.66,Auto-Moto Classics Inc.,+1 617-555-8428,Brickhaven,USA,23000,spatterson@classicmodelcars.com,Sales Rep,Boston,+1 215-837-0825,USA,,Steve Patterson,Leslie Taylor,1550 Court Place Suite 102 02107,16780 Pompton St.  58339
27,71.81,2019-12-04,2019-12-11,2019-12-05,Shipped,,P-51-D Mustang,Planes,1:72,Gearbox Collectibles,992,49.0,84.48,Gift Ideas Corp.,+1 203-555-4407,Glendale,USA,49700,gvanauf@classicmodelcars.com,Sales Rep,NYC,+1 212-555-3000,USA,,George Vanauf,Dan Lewis,523 East 53rd Street apt. 5A 10022,2440 Pompton St.  97561
28,107.23,2019-12-04,2019-12-11,2019-12-05,Shipped,,1928 British Royal Navy Airplane,Planes,1:24,Classic Metal Creations,3627,66.74,109.42,Gift Ideas Corp.,+1 203-555-4407,Glendale,USA,49700,gvanauf@classicmodelcars.com,Sales Rep,NYC,+1 212-555-3000,USA,,George Vanauf,Dan Lewis,523 East 53rd Street apt. 5A 10022,2440 Pompton St.  97561
35,69.55,2019-12-04,2019-12-11,2019-12-05,Shipped,,1900s Vintage Tri-Plane,Planes,1:24,Unimax Art Galleries,2756,36.23,72.45,Gift Ideas Corp.,+1 203-555-4407,Glendale,USA,49700,gvanauf@classicmodelcars.com,Sales Rep,NYC,+1 212-555-3000,USA,,George Vanauf,Dan Lewis,523 East 53rd Street apt. 5A 10022,2440 Pompton St.  97561
46,86.9,2019-12-04,2019-12-11,2019-12-05,Shipped,,1997 BMW F650 ST,Motorcycles,1:32,Exoto Designs,178,66.92,99.89,Gift Ideas Corp.,+1 203-555-4407,Glendale,USA,49700,gvanauf@classicmodelcars.com,Sales Rep,NYC,+1 212-555-3000,USA,,George Vanauf,Dan Lewis,523 East 53rd Street apt. 5A 10022,2440 Pompton St.  97561
40,68.1,2019-12-04,2019-12-11,2019-12-05,Shipped,,1928 Ford Phaeton Deluxe,Vintage Cars,1:32,Highway 66 Mini Classics,136,33.02,68.79,Gift Ideas Corp.,+1 203-555-4407,Glendale,USA,49700,gvanauf@classicmodelcars.com,Sales Rep,NYC,+1 212-555-3000,USA,,George Vanauf,Dan Lewis,523 East 53rd Street apt. 5A 10022,2440 Pompton St.  97561
40,35.78,2019-12-04,2019-12-11,2019-12-05,Shipped,,1930 Buick Marquette Phaeton,Vintage Cars,1:50,Studio M Art Models,7062,27.06,43.64,Gift Ideas Corp.,+1 203-555-4407,Glendale,USA,49700,gvanauf@classicmodelcars.com,Sales Rep,NYC,+1 212-555-3000,USA,,George Vanauf,Dan Lewis,523 East 53rd Street apt. 5A 10022,2440 Pompton St.  97561
39,73.07,2019-12-04,2019-12-11,2019-12-05,Shipped,,American Airlines: B767-300,Planes,1:700,Min Lin Diecast,5841,51.15,91.34,Gift Ideas Corp.,+1 203-555-4407,Glendale,USA,49700,gvanauf@classicmodelcars.com,Sales Rep,NYC,+1 212-555-3000,USA,,George Vanauf,Dan Lewis,523 East 53rd Street apt. 5A 10022,2440 Pompton St.  97561
48,98.48,2019-12-04,2019-12-11,2019-12-05,Shipped,,ATA: B757-300,Planes,1:700,Highway 66 Mini Classics,7106,59.33,118.65,Gift Ideas Corp.,+1 203-555-4407,Glendale,USA,49700,gvanauf@classicmodelcars.com,Sales Rep,NYC,+1 212-555-3000,USA,,George Vanauf,Dan Lewis,523 East 53rd Street apt. 5A 10022,2440 Pompton St.  97561
43,74.4,2019-12-04,2019-12-11,2019-12-05,Shipped,,F/A 18 Hornet 1/72,Planes,1:72,Motor City Art Classics,551,54.4,80.0,Gift Ideas Corp.,+1 203-555-4407,Glendale,USA,49700,gvanauf@classicmodelcars.com,Sales Rep,NYC,+1 212-555-3000,USA,,George Vanauf,Dan Lewis,523 East 53rd Street apt. 5A 10022,2440 Pompton St.  97561
42,84.22,2019-12-04,2019-12-10,2019-12-05,Shipped,,1969 Harley Davidson Ultimate Chopper,Motorcycles,1:10,Min Lin Diecast,7933,48.81,95.7,"Down Under Souveniers, Inc",+64 9 312 5555,Auckland,New Zealand,88000,pmarsh@classicmodelcars.com,Sales Rep,Sydney,+61 2 9264 2451,Australia,APAC,Peter Marsh,Mike Graham,5-11 Wentworth Avenue Floor #2 NSW 2010,162-164 Grafton Road Level 2
20,95.15,2019-12-04,2019-12-10,2019-12-05,Shipped,,1996 Moto Guzzi 1100i,Motorcycles,1:10,Highway 66 Mini Classics,6625,68.99,118.94,"Down Under Souveniers, Inc",+64 9 312 5555,Auckland,New Zealand,88000,pmarsh@classicmodelcars.com,Sales Rep,Sydney,+61 2 9264 2451,Australia,APAC,Peter Marsh,Mike Graham,5-11 Wentworth Avenue Floor #2 NSW 2010,162-164 Grafton Road Level 2
42,178.17,2019-12-04,2019-12-10,2019-12-05,Shipped,,2003 Harley-Davidson Eagle Drag Bike,Motorcycles,1:10,Red Start Diecast,5582,91.02,193.66,"Down Under Souveniers, Inc",+64 9 312 5555,Auckland,New Zealand,88000,pmarsh@classicmodelcars.com,Sales Rep,Sydney,+61 2 9264 2451,Australia,APAC,Peter Marsh,Mike Graham,5-11 Wentworth Avenue Floor #2 NSW 2010,162-164 Grafton Road Level 2
31,157.6,2019-12-04,2019-12-10,2019-12-05,Shipped,,1968 Ford Mustang,Classic Cars,1:12,Autoart Studio Design,68,95.34,194.57,"Down Under Souveniers, Inc",+64 9 312 5555,Auckland,New Zealand,88000,pmarsh@classicmodelcars.com,Sales Rep,Sydney,+61 2 9264 2451,Australia,APAC,Peter Marsh,Mike Graham,5-11 Wentworth Avenue Floor #2 NSW 2010,162-164 Grafton Road Level 2
35,141.58,2019-12-04,2019-12-10,2019-12-05,Shipped,,2002 Suzuki XREO,Motorcycles,1:12,Unimax Art Galleries,9997,66.27,150.62,"Down Under Souveniers, Inc",+64 9 312 5555,Auckland,New Zealand,88000,pmarsh@classicmodelcars.com,Sales Rep,Sydney,+61 2 9264 2451,Australia,APAC,Peter Marsh,Mike Graham,5-11 Wentworth Avenue Floor #2 NSW 2010,162-164 Grafton Road Level 2
29,98.65,2019-12-04,2019-12-10,2019-12-05,Shipped,,1968 Dodge Charger,Classic Cars,1:12,Welly Diecast Productions,9123,75.16,117.44,"Down Under Souveniers, Inc",+64 9 312 5555,Auckland,New Zealand,88000,pmarsh@classicmodelcars.com,Sales Rep,Sydney,+61 2 9264 2451,Australia,APAC,Peter Marsh,Mike Graham,5-11 Wentworth Avenue Floor #2 NSW 2010,162-164 Grafton Road Level 2
23,76.61,2019-12-04,2019-12-10,2019-12-05,Shipped,,1970 Plymouth Hemi Cuda,Classic Cars,1:12,Studio M Art Models,5663,31.92,79.8,"Down Under Souveniers, Inc",+64 9 312 5555,Auckland,New Zealand,88000,pmarsh@classicmodelcars.com,Sales Rep,Sydney,+61 2 9264 2451,Australia,APAC,Peter Marsh,Mike Graham,5-11 Wentworth Avenue Floor #2 NSW 2010,162-164 Grafton Road Level 2
28,100.19,2019-12-04,2019-12-10,2019-12-05,Shipped,,1969 Dodge Charger,Classic Cars,1:12,Welly Diecast Productions,7323,58.73,115.16,"Down Under Souveniers, Inc",+64 9 312 5555,Auckland,New Zealand,88000,pmarsh@classicmodelcars.com,Sales Rep,Sydney,+61 2 9264 2451,Australia,APAC,Peter Marsh,Mike Graham,5-11 Wentworth Avenue Floor #2 NSW 2010,162-164 Grafton Road Level 2
21,76.23,2019-12-04,2019-12-10,2019-12-05,Shipped,,1948 Porsche 356-A Roadster,Classic Cars,1:18,Gearbox Collectibles,8826,53.9,77.0,"Down Under Souveniers, Inc",+64 9 312 5555,Auckland,New Zealand,88000,pmarsh@classicmodelcars.com,Sales Rep,Sydney,+61 2 9264 2451,Australia,APAC,Peter Marsh,Mike Graham,5-11 Wentworth Avenue Floor #2 NSW 2010,162-164 Grafton Road Level 2
28,49.06,2019-12-04,2019-12-10,2019-12-05,Shipped,,1936 Harley Davidson El Knucklehead,Motorcycles,1:18,Welly Diecast Productions,4357,24.23,60.57,"Down Under Souveniers, Inc",+64 9 312 5555,Auckland,New Zealand,88000,pmarsh@classicmodelcars.com,Sales Rep,Sydney,+61 2 9264 2451,Australia,APAC,Peter Marsh,Mike Graham,5-11 Wentworth Avenue Floor #2 NSW 2010,162-164 Grafton Road Level 2
36,69.15,2019-12-04,2019-12-10,2019-12-05,Shipped,,1969 Dodge Super Bee,Classic Cars,1:18,Min Lin Diecast,1917,49.05,80.41,"Down Under Souveniers, Inc",+64 9 312 5555,Auckland,New Zealand,88000,pmarsh@classicmodelcars.com,Sales Rep,Sydney,+61 2 9264 2451,Australia,APAC,Peter Marsh,Mike Graham,5-11 Wentworth Avenue Floor #2 NSW 2010,162-164 Grafton Road Level 2
21,96.92,2019-12-04,2019-12-10,2019-12-05,Shipped,,1997 BMW R 1100 S,Motorcycles,1:24,Autoart Studio Design,7003,60.86,112.7,"Down Under Souveniers, Inc",+64 9 312 5555,Auckland,New Zealand,88000,pmarsh@classicmodelcars.com,Sales Rep,Sydney,+61 2 9264 2451,Australia,APAC,Peter Marsh,Mike Graham,5-11 Wentworth Avenue Floor #2 NSW 2010,162-164 Grafton Road Level 2
28,62.46,2019-12-04,2019-12-10,2019-12-05,Shipped,,1960 BSA Gold Star DBD34,Motorcycles,1:24,Highway 66 Mini Classics,15,37.32,76.17,"Down Under Souveniers, Inc",+64 9 312 5555,Auckland,New Zealand,88000,pmarsh@classicmodelcars.com,Sales Rep,Sydney,+61 2 9264 2451,Australia,APAC,Peter Marsh,Mike Graham,5-11 Wentworth Avenue Floor #2 NSW 2010,162-164 Grafton Road Level 2
23,117.59,2019-12-07,2019-12-14,2019-12-13,Shipped,,1976 Ford Gran Torino,Classic Cars,1:18,Gearbox Collectibles,9127,73.49,146.99,Euro+ Shopping Channel,+34 915 55 94 44,Madrid,Spain,227600,ghernande@classicmodelcars.com,Sales Rep,Paris,+33 1 47 23 44 04,France,EMEA,Gerard Hernandez,Diego  Freyre,43 Rue Jouffroy Dabbans  75017,"C/ Moralzarzal, 86  28034"
31,60.3,2019-12-07,2019-12-14,2019-12-13,Shipped,,1957 Vespa GS150,Motorcycles,1:18,Studio M Art Models,7689,32.95,62.17,Euro+ Shopping Channel,+34 915 55 94 44,Madrid,Spain,227600,ghernande@classicmodelcars.com,Sales Rep,Paris,+33 1 47 23 44 04,France,EMEA,Gerard Hernandez,Diego  Freyre,43 Rue Jouffroy Dabbans  75017,"C/ Moralzarzal, 86  28034"
25,124.99,2019-12-07,2019-12-14,2019-12-13,Shipped,,1957 Corvette Convertible,Classic Cars,1:18,Classic Metal Creations,1249,69.93,148.8,Euro+ Shopping Channel,+34 915 55 94 44,Madrid,Spain,227600,ghernande@classicmodelcars.com,Sales Rep,Paris,+33 1 47 23 44 04,France,EMEA,Gerard Hernandez,Diego  Freyre,43 Rue Jouffroy Dabbans  75017,"C/ Moralzarzal, 86  28034"
41,56.1,2019-12-07,2019-12-14,2019-12-13,Shipped,,1982 Ducati 900 Monster,Motorcycles,1:24,Highway 66 Mini Classics,6840,47.1,69.26,Euro+ Shopping Channel,+34 915 55 94 44,Madrid,Spain,227600,ghernande@classicmodelcars.com,Sales Rep,Paris,+33 1 47 23 44 04,France,EMEA,Gerard Hernandez,Diego  Freyre,43 Rue Jouffroy Dabbans  75017,"C/ Moralzarzal, 86  28034"
36,37.38,2019-12-07,2019-12-14,2019-12-13,Shipped,,1982 Lamborghini Diablo,Classic Cars,1:24,Second Gear Diecast,7723,16.24,37.76,Euro+ Shopping Channel,+34 915 55 94 44,Madrid,Spain,227600,ghernande@classicmodelcars.com,Sales Rep,Paris,+33 1 47 23 44 04,France,EMEA,Gerard Hernandez,Diego  Freyre,43 Rue Jouffroy Dabbans  75017,"C/ Moralzarzal, 86  28034"
44,60.62,2019-12-07,2019-12-14,2019-12-13,Shipped,,1971 Alpine Renault 1600s,Classic Cars,1:24,Welly Diecast Productions,7995,38.58,61.23,Euro+ Shopping Channel,+34 915 55 94 44,Madrid,Spain,227600,ghernande@classicmodelcars.com,Sales Rep,Paris,+33 1 47 23 44 04,France,EMEA,Gerard Hernandez,Diego  Freyre,43 Rue Jouffroy Dabbans  75017,"C/ Moralzarzal, 86  28034"
32,137.62,2019-12-07,2019-12-14,2019-12-13,Shipped,,1956 Porsche 356A Coupe,Classic Cars,1:18,Classic Metal Creations,6600,98.3,140.43,Euro+ Shopping Channel,+34 915 55 94 44,Madrid,Spain,227600,ghernande@classicmodelcars.com,Sales Rep,Paris,+33 1 47 23 44 04,France,EMEA,Gerard Hernandez,Diego  Freyre,43 Rue Jouffroy Dabbans  75017,"C/ Moralzarzal, 86  28034"
28,75.18,2019-12-07,2019-12-14,2019-12-13,Shipped,,1961 Chevrolet Impala,Classic Cars,1:18,Classic Metal Creations,7869,32.33,80.84,Euro+ Shopping Channel,+34 915 55 94 44,Madrid,Spain,227600,ghernande@classicmodelcars.com,Sales Rep,Paris,+33 1 47 23 44 04,France,EMEA,Gerard Hernandez,Diego  Freyre,43 Rue Jouffroy Dabbans  75017,"C/ Moralzarzal, 86  28034"
38,32.99,2019-12-07,2019-12-14,2019-12-13,Shipped,,1982 Ducati 996 R,Motorcycles,1:32,Gearbox Collectibles,9241,24.14,40.23,Euro+ Shopping Channel,+34 915 55 94 44,Madrid,Spain,227600,ghernande@classicmodelcars.com,Sales Rep,Paris,+33 1 47 23 44 04,France,EMEA,Gerard Hernandez,Diego  Freyre,43 Rue Jouffroy Dabbans  75017,"C/ Moralzarzal, 86  28034"
40,93.89,2019-12-07,2019-12-14,2019-12-13,Shipped,,1974 Ducati 350 Mk3 Desmo,Motorcycles,1:32,Second Gear Diecast,3341,56.13,102.05,Euro+ Shopping Channel,+34 915 55 94 44,Madrid,Spain,227600,ghernande@classicmodelcars.com,Sales Rep,Paris,+33 1 47 23 44 04,France,EMEA,Gerard Hernandez,Diego  Freyre,43 Rue Jouffroy Dabbans  75017,"C/ Moralzarzal, 86  28034"
43,120.31,2019-12-09,2019-12-15,2019-12-12,Shipped,,1993 Mazda RX-7,Classic Cars,1:18,Highway 66 Mini Classics,3975,83.51,141.54,Lyon Souveniers,+33 1 46 62 75 55,Paris,France,68100,lbondur@classicmodelcars.com,Sales Rep,Paris,+33 1 47 23 44 04,France,EMEA,Loui Bondur,Daniel Da Silva,43 Rue Jouffroy Dabbans  75017,27 rue du Colonel Pierre Avia  75508
50,82.19,2019-12-09,2019-12-15,2019-12-12,Shipped,,1937 Lincoln Berline,Vintage Cars,1:18,Motor City Art Classics,8693,60.62,102.74,Lyon Souveniers,+33 1 46 62 75 55,Paris,France,68100,lbondur@classicmodelcars.com,Sales Rep,Paris,+33 1 47 23 44 04,France,EMEA,Loui Bondur,Daniel Da Silva,43 Rue Jouffroy Dabbans  75017,27 rue du Colonel Pierre Avia  75508
22,44.75,2019-12-09,2019-12-15,2019-12-12,Shipped,,1936 Mercedes-Benz 500K Special Roadster,Vintage Cars,1:18,Studio M Art Models,8635,24.26,53.91,Lyon Souveniers,+33 1 46 62 75 55,Paris,France,68100,lbondur@classicmodelcars.com,Sales Rep,Paris,+33 1 47 23 44 04,France,EMEA,Loui Bondur,Daniel Da Silva,43 Rue Jouffroy Dabbans  75017,27 rue du Colonel Pierre Avia  75508
27,130.87,2019-12-09,2019-12-15,2019-12-12,Shipped,,1995 Honda Civic,Classic Cars,1:18,Min Lin Diecast,9772,93.89,142.25,Lyon Souveniers,+33 1 46 62 75 55,Paris,France,68100,lbondur@classicmodelcars.com,Sales Rep,Paris,+33 1 47 23 44 04,France,EMEA,Loui Bondur,Daniel Da Silva,43 Rue Jouffroy Dabbans  75017,27 rue du Colonel Pierre Avia  75508
29,106.79,2019-12-09,2019-12-15,2019-12-12,Shipped,,1932 Model A Ford J-Coupe,Vintage Cars,1:18,Autoart Studio Design,9354,58.48,127.13,Lyon Souveniers,+33 1 46 62 75 55,Paris,France,68100,lbondur@classicmodelcars.com,Sales Rep,Paris,+33 1 47 23 44 04,France,EMEA,Loui Bondur,Daniel Da Silva,43 Rue Jouffroy Dabbans  75017,27 rue du Colonel Pierre Avia  75508
30,158.63,2019-12-09,2019-12-15,2019-12-12,Shipped,,1928 Mercedes-Benz SSK,Vintage Cars,1:18,Gearbox Collectibles,548,72.56,168.75,Lyon Souveniers,+33 1 46 62 75 55,Paris,France,68100,lbondur@classicmodelcars.com,Sales Rep,Paris,+33 1 47 23 44 04,France,EMEA,Loui Bondur,Daniel Da Silva,43 Rue Jouffroy Dabbans  75017,27 rue du Colonel Pierre Avia  75508
48,31.86,2019-12-09,2019-12-15,2019-12-12,Shipped,,1939 Chevrolet Deluxe Coupe,Vintage Cars,1:24,Motor City Art Classics,7332,22.57,33.19,Lyon Souveniers,+33 1 46 62 75 55,Paris,France,68100,lbondur@classicmodelcars.com,Sales Rep,Paris,+33 1 47 23 44 04,France,EMEA,Loui Bondur,Daniel Da Silva,43 Rue Jouffroy Dabbans  75017,27 rue du Colonel Pierre Avia  75508
26,42.11,2019-12-09,2019-12-15,2019-12-12,Shipped,,1938 Cadillac V-16 Presidential Limousine,Vintage Cars,1:24,Classic Metal Creations,2847,20.61,44.8,Lyon Souveniers,+33 1 46 62 75 55,Paris,France,68100,lbondur@classicmodelcars.com,Sales Rep,Paris,+33 1 47 23 44 04,France,EMEA,Loui Bondur,Daniel Da Silva,43 Rue Jouffroy Dabbans  75017,27 rue du Colonel Pierre Avia  75508
26,78.11,2019-12-09,2019-12-15,2019-12-12,Shipped,,2002 Yamaha YZR M1,Motorcycles,1:50,Autoart Studio Design,600,34.17,81.36,Lyon Souveniers,+33 1 46 62 75 55,Paris,France,68100,lbondur@classicmodelcars.com,Sales Rep,Paris,+33 1 47 23 44 04,France,EMEA,Loui Bondur,Daniel Da Silva,43 Rue Jouffroy Dabbans  75017,27 rue du Colonel Pierre Avia  75508
32,199.3,2019-12-10,2019-12-16,2019-12-14,Shipped,,1952 Alpine Renault 1300,Classic Cars,1:10,Classic Metal Creations,7305,98.58,214.3,Mini Gifts Distributors Ltd.,+1 415-555-1450,San Rafael,USA,210500,ljennings@classicmodelcars.com,Sales Rep,San Francisco,+1 650-219-4782,USA,,Leslie Jennings,Susan Nelson,100 Market Street Suite 300 94080,5677 Strong St.  97562
43,135.92,2019-12-10,2019-12-16,2019-12-14,Shipped,,1962 LanciaA Delta 16V,Classic Cars,1:10,Second Gear Diecast,6791,103.42,147.74,Mini Gifts Distributors Ltd.,+1 415-555-1450,San Rafael,USA,210500,ljennings@classicmodelcars.com,Sales Rep,San Francisco,+1 650-219-4782,USA,,Leslie Jennings,Susan Nelson,100 Market Street Suite 300 94080,5677 Strong St.  97562
49,109.34,2019-12-10,2019-12-16,2019-12-14,Shipped,,1958 Setra Bus,Trucks and Buses,1:12,Welly Diecast Productions,1579,77.9,136.67,Mini Gifts Distributors Ltd.,+1 415-555-1450,San Rafael,USA,210500,ljennings@classicmodelcars.com,Sales Rep,San Francisco,+1 650-219-4782,USA,,Leslie Jennings,Susan Nelson,100 Market Street Suite 300 94080,5677 Strong St.  97562
39,112.0,2019-12-10,2019-12-16,2019-12-14,Shipped,,1940 Ford Pickup Truck,Trucks and Buses,1:18,Studio M Art Models,2613,58.33,116.67,Mini Gifts Distributors Ltd.,+1 415-555-1450,San Rafael,USA,210500,ljennings@classicmodelcars.com,Sales Rep,San Francisco,+1 650-219-4782,USA,,Leslie Jennings,Susan Nelson,100 Market Street Suite 300 94080,5677 Strong St.  97562
41,58.95,2019-12-10,2019-12-16,2019-12-14,Shipped,,1926 Ford Fire Engine,Trucks and Buses,1:18,Carousel DieCast Legends,2019,24.92,60.77,Mini Gifts Distributors Ltd.,+1 415-555-1450,San Rafael,USA,210500,ljennings@classicmodelcars.com,Sales Rep,San Francisco,+1 650-219-4782,USA,,Leslie Jennings,Susan Nelson,100 Market Street Suite 300 94080,5677 Strong St.  97562
41,91.18,2019-12-10,2019-12-16,2019-12-14,Shipped,,1913 Ford Model T Speedster,Vintage Cars,1:18,Carousel DieCast Legends,4189,60.78,101.31,Mini Gifts Distributors Ltd.,+1 415-555-1450,San Rafael,USA,210500,ljennings@classicmodelcars.com,Sales Rep,San Francisco,+1 650-219-4782,USA,,Leslie Jennings,Susan Nelson,100 Market Street Suite 300 94080,5677 Strong St.  97562
49,59.34,2019-12-10,2019-12-16,2019-12-14,Shipped,,1934 Ford V8 Coupe,Vintage Cars,1:18,Min Lin Diecast,5649,34.35,62.46,Mini Gifts Distributors Ltd.,+1 415-555-1450,San Rafael,USA,210500,ljennings@classicmodelcars.com,Sales Rep,San Francisco,+1 650-219-4782,USA,,Leslie Jennings,Susan Nelson,100 Market Street Suite 300 94080,5677 Strong St.  97562
44,104.72,2019-12-10,2019-12-16,2019-12-14,Shipped,,18th Century Vintage Horse Carriage,Vintage Cars,1:18,Red Start Diecast,5992,60.74,104.72,Mini Gifts Distributors Ltd.,+1 415-555-1450,San Rafael,USA,210500,ljennings@classicmodelcars.com,Sales Rep,San Francisco,+1 650-219-4782,USA,,Leslie Jennings,Susan Nelson,100 Market Street Suite 300 94080,5677 Strong St.  97562
25,84.33,2019-12-10,2019-12-16,2019-12-14,Shipped,,1917 Maxwell Touring Car,Vintage Cars,1:18,Exoto Designs,7913,57.54,99.21,Mini Gifts Distributors Ltd.,+1 415-555-1450,San Rafael,USA,210500,ljennings@classicmodelcars.com,Sales Rep,San Francisco,+1 650-219-4782,USA,,Leslie Jennings,Susan Nelson,100 Market Street Suite 300 94080,5677 Strong St.  97562
28,105.34,2019-12-10,2019-12-16,2019-12-14,Shipped,,1940s Ford truck,Trucks and Buses,1:18,Motor City Art Classics,3128,84.76,121.08,Mini Gifts Distributors Ltd.,+1 415-555-1450,San Rafael,USA,210500,ljennings@classicmodelcars.com,Sales Rep,San Francisco,+1 650-219-4782,USA,,Leslie Jennings,Susan Nelson,100 Market Street Suite 300 94080,5677 Strong St.  97562
49,129.93,2019-12-10,2019-12-16,2019-12-16,Shipped,Customer requested that DHL is used for this shipping,1969 Corvair Monza,Classic Cars,1:18,Welly Diecast Productions,6906,89.14,151.08,Euro+ Shopping Channel,+34 915 55 94 44,Madrid,Spain,227600,ghernande@classicmodelcars.com,Sales Rep,Paris,+33 1 47 23 44 04,France,EMEA,Gerard Hernandez,Diego  Freyre,43 Rue Jouffroy Dabbans  75017,"C/ Moralzarzal, 86  28034"
42,98.36,2019-12-10,2019-12-16,2019-12-16,Shipped,Customer requested that DHL is used for this shipping,1957 Chevy Pickup,Trucks and Buses,1:12,Exoto Designs,6125,55.7,118.5,Euro+ Shopping Channel,+34 915 55 94 44,Madrid,Spain,227600,ghernande@classicmodelcars.com,Sales Rep,Paris,+33 1 47 23 44 04,France,EMEA,Gerard Hernandez,Diego  Freyre,43 Rue Jouffroy Dabbans  75017,"C/ Moralzarzal, 86  28034"
20,142.45,2019-12-10,2019-12-16,2019-12-16,Shipped,Customer requested that DHL is used for this shipping,1998 Chrysler Plymouth Prowler,Classic Cars,1:18,Gearbox Collectibles,4724,101.51,163.73,Euro+ Shopping Channel,+34 915 55 94 44,Madrid,Spain,227600,ghernande@classicmodelcars.com,Sales Rep,Paris,+33 1 47 23 44 04,France,EMEA,Gerard Hernandez,Diego  Freyre,43 Rue Jouffroy Dabbans  75017,"C/ Moralzarzal, 86  28034"
20,99.41,2019-12-10,2019-12-16,2019-12-16,Shipped,Customer requested that DHL is used for this shipping,1964 Mercedes Tour Bus,Trucks and Buses,1:18,Unimax Art Galleries,8258,74.86,122.73,Euro+ Shopping Channel,+34 915 55 94 44,Madrid,Spain,227600,ghernande@classicmodelcars.com,Sales Rep,Paris,+33 1 47 23 44 04,France,EMEA,Gerard Hernandez,Diego  Freyre,43 Rue Jouffroy Dabbans  75017,"C/ Moralzarzal, 86  28034"
32,137.17,2019-12-10,2019-12-16,2019-12-16,Shipped,Customer requested that DHL is used for this shipping,1992 Ferrari 360 Spider red,Classic Cars,1:18,Unimax Art Galleries,8347,77.9,169.34,Euro+ Shopping Channel,+34 915 55 94 44,Madrid,Spain,227600,ghernande@classicmodelcars.com,Sales Rep,Paris,+33 1 47 23 44 04,France,EMEA,Gerard Hernandez,Diego  Freyre,43 Rue Jouffroy Dabbans  75017,"C/ Moralzarzal, 86  28034"
25,117.77,2019-12-10,2019-12-16,2019-12-16,Shipped,Customer requested that DHL is used for this shipping,1970 Triumph Spitfire,Classic Cars,1:18,Min Lin Diecast,5545,91.92,143.62,Euro+ Shopping Channel,+34 915 55 94 44,Madrid,Spain,227600,ghernande@classicmodelcars.com,Sales Rep,Paris,+33 1 47 23 44 04,France,EMEA,Gerard Hernandez,Diego  Freyre,43 Rue Jouffroy Dabbans  75017,"C/ Moralzarzal, 86  28034"
30,46.29,2019-12-10,2019-12-16,2019-12-16,Shipped,Customer requested that DHL is used for this shipping,1939 Cadillac Limousine,Vintage Cars,1:18,Studio M Art Models,6645,23.14,50.31,Euro+ Shopping Channel,+34 915 55 94 44,Madrid,Spain,227600,ghernande@classicmodelcars.com,Sales Rep,Paris,+33 1 47 23 44 04,France,EMEA,Gerard Hernandez,Diego  Freyre,43 Rue Jouffroy Dabbans  75017,"C/ Moralzarzal, 86  28034"
44,56.07,2019-12-10,2019-12-16,2019-12-16,Shipped,Customer requested that DHL is used for this shipping,1970 Dodge Coronet,Classic Cars,1:24,Highway 66 Mini Classics,4074,32.37,57.8,Euro+ Shopping Channel,+34 915 55 94 44,Madrid,Spain,227600,ghernande@classicmodelcars.com,Sales Rep,Paris,+33 1 47 23 44 04,France,EMEA,Gerard Hernandez,Diego  Freyre,43 Rue Jouffroy Dabbans  75017,"C/ Moralzarzal, 86  28034"
41,127.79,2019-12-10,2019-12-16,2019-12-16,Shipped,Customer requested that DHL is used for this shipping,1962 Volkswagen Microbus,Trucks and Buses,1:24,Autoart Studio Design,2327,61.34,127.79,Euro+ Shopping Channel,+34 915 55 94 44,Madrid,Spain,227600,ghernande@classicmodelcars.com,Sales Rep,Paris,+33 1 47 23 44 04,France,EMEA,Gerard Hernandez,Diego  Freyre,43 Rue Jouffroy Dabbans  75017,"C/ Moralzarzal, 86  28034"
36,33.59,2019-12-10,2019-12-16,2019-12-16,Shipped,Customer requested that DHL is used for this shipping,1958 Chevy Corvette Limited Edition,Classic Cars,1:24,Carousel DieCast Legends,2542,15.91,35.36,Euro+ Shopping Channel,+34 915 55 94 44,Madrid,Spain,227600,ghernande@classicmodelcars.com,Sales Rep,Paris,+33 1 47 23 44 04,France,EMEA,Gerard Hernandez,Diego  Freyre,43 Rue Jouffroy Dabbans  75017,"C/ Moralzarzal, 86  28034"
41,88.62,2019-12-10,2019-12-16,2019-12-16,Shipped,Customer requested that DHL is used for this shipping,1936 Chrysler Airflow,Vintage Cars,1:24,Second Gear Diecast,4710,57.46,97.39,Euro+ Shopping Channel,+34 915 55 94 44,Madrid,Spain,227600,ghernande@classicmodelcars.com,Sales Rep,Paris,+33 1 47 23 44 04,France,EMEA,Gerard Hernandez,Diego  Freyre,43 Rue Jouffroy Dabbans  75017,"C/ Moralzarzal, 86  28034"
41,82.83,2019-12-10,2019-12-16,2019-12-16,Shipped,Customer requested that DHL is used for this shipping,1980’s GM Manhattan Express,Trucks and Buses,1:32,Motor City Art Classics,5099,53.93,96.31,Euro+ Shopping Channel,+34 915 55 94 44,Madrid,Spain,227600,ghernande@classicmodelcars.com,Sales Rep,Paris,+33 1 47 23 44 04,France,EMEA,Gerard Hernandez,Diego  Freyre,43 Rue Jouffroy Dabbans  75017,"C/ Moralzarzal, 86  28034"
36,51.71,2019-12-10,2019-12-16,2019-12-16,Shipped,Customer requested that DHL is used for this shipping,1996 Peterbilt 379 Stake Bed with Outrigger,Trucks and Buses,1:32,Red Start Diecast,814,33.61,64.64,Euro+ Shopping Channel,+34 915 55 94 44,Madrid,Spain,227600,ghernande@classicmodelcars.com,Sales Rep,Paris,+33 1 47 23 44 04,France,EMEA,Gerard Hernandez,Diego  Freyre,43 Rue Jouffroy Dabbans  75017,"C/ Moralzarzal, 86  28034"
27,85.98,2019-12-10,2019-12-16,2019-12-16,Shipped,Customer requested that DHL is used for this shipping,1982 Camaro Z28,Classic Cars,1:18,Carousel DieCast Legends,6934,46.53,101.15,Euro+ Shopping Channel,+34 915 55 94 44,Madrid,Spain,227600,ghernande@classicmodelcars.com,Sales Rep,Paris,+33 1 47 23 44 04,France,EMEA,Gerard Hernandez,Diego  Freyre,43 Rue Jouffroy Dabbans  75017,"C/ Moralzarzal, 86  28034"
48,122.4,2019-12-15,2019-12-23,2019-12-18,Shipped,,1972 Alfa Romeo GTA,Classic Cars,1:10,Motor City Art Classics,3252,85.68,136.0,Reims Collectables,,Reims,France,81100,lbondur@classicmodelcars.com,Sales Rep,Paris,+33 1 47 23 44 04,France,EMEA,Loui Bondur,Paul  Henriot,43 Rue Jouffroy Dabbans  75017,59 rue de lAbbaye  51100
42,180.79,2019-12-15,2019-12-23,2019-12-18,Shipped,,2001 Ferrari Enzo,Classic Cars,1:12,Second Gear Diecast,3619,95.59,207.8,Reims Collectables,,Reims,France,81100,lbondur@classicmodelcars.com,Sales Rep,Paris,+33 1 47 23 44 04,France,EMEA,Loui Bondur,Paul  Henriot,43 Rue Jouffroy Dabbans  75017,59 rue de lAbbaye  51100
49,162.64,2019-12-15,2019-12-23,2019-12-18,Shipped,,1969 Ford Falcon,Classic Cars,1:12,Second Gear Diecast,1049,83.05,173.02,Reims Collectables,,Reims,France,81100,lbondur@classicmodelcars.com,Sales Rep,Paris,+33 1 47 23 44 04,France,EMEA,Loui Bondur,Paul  Henriot,43 Rue Jouffroy Dabbans  75017,59 rue de lAbbaye  51100
22,108.82,2019-12-15,2019-12-23,2019-12-18,Shipped,,1992 Porsche Cayenne Turbo Silver,Classic Cars,1:24,Exoto Designs,6582,69.78,118.28,Reims Collectables,,Reims,France,81100,lbondur@classicmodelcars.com,Sales Rep,Paris,+33 1 47 23 44 04,France,EMEA,Loui Bondur,Paul  Henriot,43 Rue Jouffroy Dabbans  75017,59 rue de lAbbaye  51100
36,45.45,2019-12-15,2019-12-23,2019-12-18,Shipped,,1954 Greyhound Scenicruiser,Trucks and Buses,1:32,Classic Metal Creations,2874,25.98,54.11,Reims Collectables,,Reims,France,81100,lbondur@classicmodelcars.com,Sales Rep,Paris,+33 1 47 23 44 04,France,EMEA,Loui Bondur,Paul  Henriot,43 Rue Jouffroy Dabbans  75017,59 rue de lAbbaye  51100
22,62.14,2019-12-15,2019-12-23,2019-12-18,Shipped,,1950s Chicago Surface Lines Streetcar,Trains,1:32,Gearbox Collectibles,8601,26.72,62.14,Reims Collectables,,Reims,France,81100,lbondur@classicmodelcars.com,Sales Rep,Paris,+33 1 47 23 44 04,France,EMEA,Loui Bondur,Paul  Henriot,43 Rue Jouffroy Dabbans  75017,59 rue de lAbbaye  51100
46,99.55,2019-12-15,2019-12-23,2019-12-18,Shipped,,Diamond T620 Semi-Skirted Tanker,Trucks and Buses,1:50,Highway 66 Mini Classics,1016,68.29,115.75,Reims Collectables,,Reims,France,81100,lbondur@classicmodelcars.com,Sales Rep,Paris,+33 1 47 23 44 04,France,EMEA,Loui Bondur,Paul  Henriot,43 Rue Jouffroy Dabbans  75017,59 rue de lAbbaye  51100
25,47.45,2019-12-15,2019-12-23,2019-12-18,Shipped,,1962 City of Detroit Streetcar,Trains,1:50,Classic Metal Creations,1645,37.49,58.58,Reims Collectables,,Reims,France,81100,lbondur@classicmodelcars.com,Sales Rep,Paris,+33 1 47 23 44 04,France,EMEA,Loui Bondur,Paul  Henriot,43 Rue Jouffroy Dabbans  75017,59 rue de lAbbaye  51100
50,126.15,2019-12-16,2019-12-22,2019-12-18,Shipped,,1980s Black Hawk Helicopter,Planes,1:18,Red Start Diecast,5330,77.27,157.69,Kellys Gift Shop,+64 9 555 5500,Auckland,New Zealand,110000,pmarsh@classicmodelcars.com,Sales Rep,Sydney,+61 2 9264 2451,Australia,APAC,Peter Marsh,Tony Snowden,5-11 Wentworth Avenue Floor #2 NSW 2010,Arenales 1938 3A
41,68.43,2019-12-16,2019-12-22,2019-12-18,Shipped,,P-51-D Mustang,Planes,1:72,Gearbox Collectibles,992,49.0,84.48,Kellys Gift Shop,+64 9 555 5500,Auckland,New Zealand,110000,pmarsh@classicmodelcars.com,Sales Rep,Sydney,+61 2 9264 2451,Australia,APAC,Peter Marsh,Tony Snowden,5-11 Wentworth Avenue Floor #2 NSW 2010,Arenales 1938 3A
46,71.4,2019-12-16,2019-12-22,2019-12-18,Shipped,,1999 Yamaha Speed Boat,Ships,1:18,Min Lin Diecast,4259,51.61,86.02,Kellys Gift Shop,+64 9 555 5500,Auckland,New Zealand,110000,pmarsh@classicmodelcars.com,Sales Rep,Sydney,+61 2 9264 2451,Australia,APAC,Peter Marsh,Tony Snowden,5-11 Wentworth Avenue Floor #2 NSW 2010,Arenales 1938 3A
29,122.93,2019-12-16,2019-12-22,2019-12-18,Shipped,,1903 Ford Model A,Vintage Cars,1:18,Unimax Art Galleries,3913,68.3,136.59,Kellys Gift Shop,+64 9 555 5500,Auckland,New Zealand,110000,pmarsh@classicmodelcars.com,Sales Rep,Sydney,+61 2 9264 2451,Australia,APAC,Peter Marsh,Tony Snowden,5-11 Wentworth Avenue Floor #2 NSW 2010,Arenales 1938 3A
29,94.79,2019-12-16,2019-12-22,2019-12-18,Shipped,,Collectable Wooden Train,Trains,1:18,Carousel DieCast Legends,6450,67.56,100.84,Kellys Gift Shop,+64 9 555 5500,Auckland,New Zealand,110000,pmarsh@classicmodelcars.com,Sales Rep,Sydney,+61 2 9264 2451,Australia,APAC,Peter Marsh,Tony Snowden,5-11 Wentworth Avenue Floor #2 NSW 2010,Arenales 1938 3A
40,101.64,2019-12-16,2019-12-22,2019-12-18,Shipped,,1941 Chevrolet Special Deluxe Cabriolet,Vintage Cars,1:18,Exoto Designs,2378,64.58,105.87,Kellys Gift Shop,+64 9 555 5500,Auckland,New Zealand,110000,pmarsh@classicmodelcars.com,Sales Rep,Sydney,+61 2 9264 2451,Australia,APAC,Peter Marsh,Tony Snowden,5-11 Wentworth Avenue Floor #2 NSW 2010,Arenales 1938 3A
40,76.36,2019-12-16,2019-12-22,2019-12-18,Shipped,,1904 Buick Runabout,Vintage Cars,1:18,Exoto Designs,8290,52.66,87.77,Kellys Gift Shop,+64 9 555 5500,Auckland,New Zealand,110000,pmarsh@classicmodelcars.com,Sales Rep,Sydney,+61 2 9264 2451,Australia,APAC,Peter Marsh,Tony Snowden,5-11 Wentworth Avenue Floor #2 NSW 2010,Arenales 1938 3A
22,106.14,2019-12-16,2019-12-22,2019-12-18,Shipped,,1928 British Royal Navy Airplane,Planes,1:24,Classic Metal Creations,3627,66.74,109.42,Kellys Gift Shop,+64 9 555 5500,Auckland,New Zealand,110000,pmarsh@classicmodelcars.com,Sales Rep,Sydney,+61 2 9264 2451,Australia,APAC,Peter Marsh,Tony Snowden,5-11 Wentworth Avenue Floor #2 NSW 2010,Arenales 1938 3A
31,100.77,2019-12-16,2019-12-22,2019-12-18,Shipped,,18th century schooner,Ships,1:24,Carousel DieCast Legends,1898,82.34,122.89,Kellys Gift Shop,+64 9 555 5500,Auckland,New Zealand,110000,pmarsh@classicmodelcars.com,Sales Rep,Sydney,+61 2 9264 2451,Australia,APAC,Peter Marsh,Tony Snowden,5-11 Wentworth Avenue Floor #2 NSW 2010,Arenales 1938 3A
49,55.49,2019-12-16,2019-12-22,2019-12-18,Shipped,,1900s Vintage Bi-Plane,Planes,1:24,Autoart Studio Design,5942,34.25,68.51,Kellys Gift Shop,+64 9 555 5500,Auckland,New Zealand,110000,pmarsh@classicmodelcars.com,Sales Rep,Sydney,+61 2 9264 2451,Australia,APAC,Peter Marsh,Tony Snowden,5-11 Wentworth Avenue Floor #2 NSW 2010,Arenales 1938 3A
36,70.81,2019-12-16,2019-12-22,2019-12-18,Shipped,,1912 Ford Model T Delivery Wagon,Vintage Cars,1:24,Min Lin Diecast,9173,46.91,88.51,Kellys Gift Shop,+64 9 555 5500,Auckland,New Zealand,110000,pmarsh@classicmodelcars.com,Sales Rep,Sydney,+61 2 9264 2451,Australia,APAC,Peter Marsh,Tony Snowden,5-11 Wentworth Avenue Floor #2 NSW 2010,Arenales 1938 3A
22,78.83,2019-12-16,2019-12-22,2019-12-18,Shipped,,1940 Ford Delivery Sedan,Vintage Cars,1:24,Carousel DieCast Legends,6621,48.64,83.86,Kellys Gift Shop,+64 9 555 5500,Auckland,New Zealand,110000,pmarsh@classicmodelcars.com,Sales Rep,Sydney,+61 2 9264 2451,Australia,APAC,Peter Marsh,Tony Snowden,5-11 Wentworth Avenue Floor #2 NSW 2010,Arenales 1938 3A
32,64.67,2019-12-16,2019-12-22,2019-12-18,Shipped,,The Schooner Bluenose,Ships,1:700,Autoart Studio Design,1897,34.0,66.67,Kellys Gift Shop,+64 9 555 5500,Auckland,New Zealand,110000,pmarsh@classicmodelcars.com,Sales Rep,Sydney,+61 2 9264 2451,Australia,APAC,Peter Marsh,Tony Snowden,5-11 Wentworth Avenue Floor #2 NSW 2010,Arenales 1938 3A
26,86.61,2019-12-16,2019-12-22,2019-12-18,Shipped,,The Mayflower,Ships,1:700,Studio M Art Models,737,43.3,86.61,Kellys Gift Shop,+64 9 555 5500,Auckland,New Zealand,110000,pmarsh@classicmodelcars.com,Sales Rep,Sydney,+61 2 9264 2451,Australia,APAC,Peter Marsh,Tony Snowden,5-11 Wentworth Avenue Floor #2 NSW 2010,Arenales 1938 3A
30,70.11,2019-12-16,2019-12-22,2019-12-18,Shipped,,The USS Constitution Ship,Ships,1:700,Red Start Diecast,7083,33.97,72.28,Kellys Gift Shop,+64 9 555 5500,Auckland,New Zealand,110000,pmarsh@classicmodelcars.com,Sales Rep,Sydney,+61 2 9264 2451,Australia,APAC,Peter Marsh,Tony Snowden,5-11 Wentworth Avenue Floor #2 NSW 2010,Arenales 1938 3A
35,83.14,2019-12-16,2019-12-22,2019-12-18,Shipped,,The Titanic,Ships,1:700,Carousel DieCast Legends,1956,51.09,100.17,Kellys Gift Shop,+64 9 555 5500,Auckland,New Zealand,110000,pmarsh@classicmodelcars.com,Sales Rep,Sydney,+61 2 9264 2451,Australia,APAC,Peter Marsh,Tony Snowden,5-11 Wentworth Avenue Floor #2 NSW 2010,Arenales 1938 3A
31,92.36,2019-12-16,2019-12-22,2019-12-18,Shipped,,The Queen Mary,Ships,1:700,Welly Diecast Productions,5088,53.63,99.31,Kellys Gift Shop,+64 9 555 5500,Auckland,New Zealand,110000,pmarsh@classicmodelcars.com,Sales Rep,Sydney,+61 2 9264 2451,Australia,APAC,Peter Marsh,Tony Snowden,5-11 Wentworth Avenue Floor #2 NSW 2010,Arenales 1938 3A
31,54.05,2019-12-16,2019-12-22,2019-12-18,Shipped,,Pont Yacht,Ships,1:72,Unimax Art Galleries,414,33.3,54.6,Kellys Gift Shop,+64 9 555 5500,Auckland,New Zealand,110000,pmarsh@classicmodelcars.com,Sales Rep,Sydney,+61 2 9264 2451,Australia,APAC,Peter Marsh,Tony Snowden,5-11 Wentworth Avenue Floor #2 NSW 2010,Arenales 1938 3A
20,92.83,2019-12-17,2019-12-24,2019-12-20,Shipped,,1969 Harley Davidson Ultimate Chopper,Motorcycles,1:10,Min Lin Diecast,7933,48.81,95.7,Souveniers And Things Co.,+61 2 9495 8555,Chatswood,Australia,93300,afixter@classicmodelcars.com,Sales Rep,Sydney,+61 2 9264 2451,Australia,APAC,Andy Fixter,Adrian Huxley,5-11 Wentworth Avenue Floor #2 NSW 2010,Monitor Money Building 815 Pacific Hwy 2067
26,114.18,2019-12-17,2019-12-24,2019-12-20,Shipped,,1996 Moto Guzzi 1100i,Motorcycles,1:10,Highway 66 Mini Classics,6625,68.99,118.94,Souveniers And Things Co.,+61 2 9495 8555,Chatswood,Australia,93300,afixter@classicmodelcars.com,Sales Rep,Sydney,+61 2 9264 2451,Australia,APAC,Andy Fixter,Adrian Huxley,5-11 Wentworth Avenue Floor #2 NSW 2010,Monitor Money Building 815 Pacific Hwy 2067
34,62.46,2019-12-17,2019-12-24,2019-12-20,Shipped,,1937 Horch 930V Limousine,Vintage Cars,1:24,Autoart Studio Design,2902,26.3,65.75,Souveniers And Things Co.,+61 2 9495 8555,Chatswood,Australia,93300,afixter@classicmodelcars.com,Sales Rep,Sydney,+61 2 9264 2451,Australia,APAC,Andy Fixter,Adrian Huxley,5-11 Wentworth Avenue Floor #2 NSW 2010,Monitor Money Building 815 Pacific Hwy 2067
26,61.42,2019-12-17,2019-12-24,2019-12-20,Shipped,,Corsair F4U ( Bird Cage),Planes,1:24,Second Gear Diecast,6812,29.34,68.24,Souveniers And Things Co.,+61 2 9495 8555,Chatswood,Australia,93300,afixter@classicmodelcars.com,Sales Rep,Sydney,+61 2 9264 2451,Australia,APAC,Andy Fixter,Adrian Huxley,5-11 Wentworth Avenue Floor #2 NSW 2010,Monitor Money Building 815 Pacific Hwy 2067
25,68.83,2019-12-17,2019-12-24,2019-12-20,Shipped,,1900s Vintage Tri-Plane,Planes,1:24,Unimax Art Galleries,2756,36.23,72.45,Souveniers And Things Co.,+61 2 9495 8555,Chatswood,Australia,93300,afixter@classicmodelcars.com,Sales Rep,Sydney,+61 2 9264 2451,Australia,APAC,Andy Fixter,Adrian Huxley,5-11 Wentworth Avenue Floor #2 NSW 2010,Monitor Money Building 815 Pacific Hwy 2067
49,56.41,2019-12-17,2019-12-24,2019-12-20,Shipped,,1928 Ford Phaeton Deluxe,Vintage Cars,1:32,Highway 66 Mini Classics,136,33.02,68.79,Souveniers And Things Co.,+61 2 9495 8555,Chatswood,Australia,93300,afixter@classicmodelcars.com,Sales Rep,Sydney,+61 2 9264 2451,Australia,APAC,Andy Fixter,Adrian Huxley,5-11 Wentworth Avenue Floor #2 NSW 2010,Monitor Money Building 815 Pacific Hwy 2067
33,35.78,2019-12-17,2019-12-24,2019-12-20,Shipped,,1930 Buick Marquette Phaeton,Vintage Cars,1:50,Studio M Art Models,7062,27.06,43.64,Souveniers And Things Co.,+61 2 9495 8555,Chatswood,Australia,93300,afixter@classicmodelcars.com,Sales Rep,Sydney,+61 2 9264 2451,Australia,APAC,Andy Fixter,Adrian Huxley,5-11 Wentworth Avenue Floor #2 NSW 2010,Monitor Money Building 815 Pacific Hwy 2067
20,88.6,2019-12-17,2019-12-24,2019-12-20,Shipped,,American Airlines: B767-300,Planes,1:700,Min Lin Diecast,5841,51.15,91.34,Souveniers And Things Co.,+61 2 9495 8555,Chatswood,Australia,93300,afixter@classicmodelcars.com,Sales Rep,Sydney,+61 2 9264 2451,Australia,APAC,Andy Fixter,Adrian Huxley,5-11 Wentworth Avenue Floor #2 NSW 2010,Monitor Money Building 815 Pacific Hwy 2067
24,85.99,2019-12-17,2019-12-24,2019-12-20,Shipped,,HMS Bounty,Ships,1:700,Unimax Art Galleries,3501,39.83,90.52,Souveniers And Things Co.,+61 2 9495 8555,Chatswood,Australia,93300,afixter@classicmodelcars.com,Sales Rep,Sydney,+61 2 9264 2451,Australia,APAC,Andy Fixter,Adrian Huxley,5-11 Wentworth Avenue Floor #2 NSW 2010,Monitor Money Building 815 Pacific Hwy 2067
26,91.74,2019-12-17,2019-12-24,2019-12-20,Shipped,,America West Airlines B757-200,Planes,1:700,Motor City Art Classics,9653,68.8,99.72,Souveniers And Things Co.,+61 2 9495 8555,Chatswood,Australia,93300,afixter@classicmodelcars.com,Sales Rep,Sydney,+61 2 9264 2451,Australia,APAC,Andy Fixter,Adrian Huxley,5-11 Wentworth Avenue Floor #2 NSW 2010,Monitor Money Building 815 Pacific Hwy 2067
44,107.97,2019-12-17,2019-12-24,2019-12-20,Shipped,,ATA: B757-300,Planes,1:700,Highway 66 Mini Classics,7106,59.33,118.65,Souveniers And Things Co.,+61 2 9495 8555,Chatswood,Australia,93300,afixter@classicmodelcars.com,Sales Rep,Sydney,+61 2 9264 2451,Australia,APAC,Andy Fixter,Adrian Huxley,5-11 Wentworth Avenue Floor #2 NSW 2010,Monitor Money Building 815 Pacific Hwy 2067
44,76.8,2019-12-17,2019-12-24,2019-12-20,Shipped,,F/A 18 Hornet 1/72,Planes,1:72,Motor City Art Classics,551,54.4,80.0,Souveniers And Things Co.,+61 2 9495 8555,Chatswood,Australia,93300,afixter@classicmodelcars.com,Sales Rep,Sydney,+61 2 9264 2451,Australia,APAC,Andy Fixter,Adrian Huxley,5-11 Wentworth Avenue Floor #2 NSW 2010,Monitor Money Building 815 Pacific Hwy 2067
35,62.19,2019-12-17,2019-12-24,2019-12-20,Shipped,,American Airlines: MD-11S,Planes,1:700,Second Gear Diecast,8820,36.27,74.03,Souveniers And Things Co.,+61 2 9495 8555,Chatswood,Australia,93300,afixter@classicmodelcars.com,Sales Rep,Sydney,+61 2 9264 2451,Australia,APAC,Andy Fixter,Adrian Huxley,5-11 Wentworth Avenue Floor #2 NSW 2010,Monitor Money Building 815 Pacific Hwy 2067
23,47.67,2019-12-17,2019-12-24,2019-12-20,Shipped,,Boeing X-32A JSF,Planes,1:72,Motor City Art Classics,4857,32.77,49.66,Souveniers And Things Co.,+61 2 9495 8555,Chatswood,Australia,93300,afixter@classicmodelcars.com,Sales Rep,Sydney,+61 2 9264 2451,Australia,APAC,Andy Fixter,Adrian Huxley,5-11 Wentworth Avenue Floor #2 NSW 2010,Monitor Money Building 815 Pacific Hwy 2067
22,182.04,2020-01-05,2020-01-16,2020-01-10,Shipped,,2003 Harley-Davidson Eagle Drag Bike,Motorcycles,1:10,Red Start Diecast,5582,91.02,193.66,Technics Stores Inc.,+1 650-555-6809,Burlingame,USA,84600,ljennings@classicmodelcars.com,Sales Rep,San Francisco,+1 650-219-4782,USA,,Leslie Jennings,Juri Hashimoto,100 Market Street Suite 300 94080,9408 Furth Circle  94217
22,131.04,2020-01-05,2020-01-16,2020-01-10,Shipped,,2002 Suzuki XREO,Motorcycles,1:12,Unimax Art Galleries,9997,66.27,150.62,Technics Stores Inc.,+1 650-555-6809,Burlingame,USA,84600,ljennings@classicmodelcars.com,Sales Rep,San Francisco,+1 650-219-4782,USA,,Leslie Jennings,Juri Hashimoto,100 Market Street Suite 300 94080,9408 Furth Circle  94217
23,53.91,2020-01-05,2020-01-16,2020-01-10,Shipped,,1936 Harley Davidson El Knucklehead,Motorcycles,1:18,Welly Diecast Productions,4357,24.23,60.57,Technics Stores Inc.,+1 650-555-6809,Burlingame,USA,84600,ljennings@classicmodelcars.com,Sales Rep,San Francisco,+1 650-219-4782,USA,,Leslie Jennings,Juri Hashimoto,100 Market Street Suite 300 94080,9408 Furth Circle  94217
50,91.29,2020-01-05,2020-01-16,2020-01-10,Shipped,,1997 BMW R 1100 S,Motorcycles,1:24,Autoart Studio Design,7003,60.86,112.7,Technics Stores Inc.,+1 650-555-6809,Burlingame,USA,84600,ljennings@classicmodelcars.com,Sales Rep,San Francisco,+1 650-219-4782,USA,,Leslie Jennings,Juri Hashimoto,100 Market Street Suite 300 94080,9408 Furth Circle  94217
33,180.95,2020-01-06,2020-01-12,2020-01-10,Shipped,,1968 Ford Mustang,Classic Cars,1:12,Autoart Studio Design,68,95.34,194.57,Suominen Souveniers,+358 9 8045555,Espoo,Finland,98800,lbott@classicmodelcars.com,Sales Rep,London,+44 20 7877 2041,UK,EMEA,Larry Bott,Kalle Suominen,25 Old Broad Street Level 7 EC2N 1HN,Software Engineering Center SEC Oy FIN-02271
34,106.87,2020-01-06,2020-01-12,2020-01-10,Shipped,,1968 Dodge Charger,Classic Cars,1:12,Welly Diecast Productions,9123,75.16,117.44,Suominen Souveniers,+358 9 8045555,Espoo,Finland,98800,lbott@classicmodelcars.com,Sales Rep,London,+44 20 7877 2041,UK,EMEA,Larry Bott,Kalle Suominen,25 Old Broad Street Level 7 EC2N 1HN,Software Engineering Center SEC Oy FIN-02271
34,68.63,2020-01-06,2020-01-12,2020-01-10,Shipped,,1970 Plymouth Hemi Cuda,Classic Cars,1:12,Studio M Art Models,5663,31.92,79.8,Suominen Souveniers,+358 9 8045555,Espoo,Finland,98800,lbott@classicmodelcars.com,Sales Rep,London,+44 20 7877 2041,UK,EMEA,Larry Bott,Kalle Suominen,25 Old Broad Street Level 7 EC2N 1HN,Software Engineering Center SEC Oy FIN-02271
46,103.64,2020-01-06,2020-01-12,2020-01-10,Shipped,,1969 Dodge Charger,Classic Cars,1:12,Welly Diecast Productions,7323,58.73,115.16,Suominen Souveniers,+358 9 8045555,Espoo,Finland,98800,lbott@classicmodelcars.com,Sales Rep,London,+44 20 7877 2041,UK,EMEA,Larry Bott,Kalle Suominen,25 Old Broad Street Level 7 EC2N 1HN,Software Engineering Center SEC Oy FIN-02271
22,61.6,2020-01-06,2020-01-12,2020-01-10,Shipped,,1948 Porsche 356-A Roadster,Classic Cars,1:18,Gearbox Collectibles,8826,53.9,77.0,Suominen Souveniers,+358 9 8045555,Espoo,Finland,98800,lbott@classicmodelcars.com,Sales Rep,London,+44 20 7877 2041,UK,EMEA,Larry Bott,Kalle Suominen,25 Old Broad Street Level 7 EC2N 1HN,Software Engineering Center SEC Oy FIN-02271
46,69.15,2020-01-06,2020-01-12,2020-01-10,Shipped,,1969 Dodge Super Bee,Classic Cars,1:18,Min Lin Diecast,1917,49.05,80.41,Suominen Souveniers,+358 9 8045555,Espoo,Finland,98800,lbott@classicmodelcars.com,Sales Rep,London,+44 20 7877 2041,UK,EMEA,Larry Bott,Kalle Suominen,25 Old Broad Street Level 7 EC2N 1HN,Software Engineering Center SEC Oy FIN-02271
24,124.94,2020-01-06,2020-01-12,2020-01-10,Shipped,,1976 Ford Gran Torino,Classic Cars,1:18,Gearbox Collectibles,9127,73.49,146.99,Suominen Souveniers,+358 9 8045555,Espoo,Finland,98800,lbott@classicmodelcars.com,Sales Rep,London,+44 20 7877 2041,UK,EMEA,Larry Bott,Kalle Suominen,25 Old Broad Street Level 7 EC2N 1HN,Software Engineering Center SEC Oy FIN-02271
32,52.22,2020-01-06,2020-01-12,2020-01-10,Shipped,,1957 Vespa GS150,Motorcycles,1:18,Studio M Art Models,7689,32.95,62.17,Suominen Souveniers,+358 9 8045555,Espoo,Finland,98800,lbott@classicmodelcars.com,Sales Rep,London,+44 20 7877 2041,UK,EMEA,Larry Bott,Kalle Suominen,25 Old Broad Street Level 7 EC2N 1HN,Software Engineering Center SEC Oy FIN-02271
28,123.5,2020-01-06,2020-01-12,2020-01-10,Shipped,,1957 Corvette Convertible,Classic Cars,1:18,Classic Metal Creations,1249,69.93,148.8,Suominen Souveniers,+358 9 8045555,Espoo,Finland,98800,lbott@classicmodelcars.com,Sales Rep,London,+44 20 7877 2041,UK,EMEA,Larry Bott,Kalle Suominen,25 Old Broad Street Level 7 EC2N 1HN,Software Engineering Center SEC Oy FIN-02271
21,70.08,2020-01-06,2020-01-12,2020-01-10,Shipped,,1960 BSA Gold Star DBD34,Motorcycles,1:24,Highway 66 Mini Classics,15,37.32,76.17,Suominen Souveniers,+358 9 8045555,Espoo,Finland,98800,lbott@classicmodelcars.com,Sales Rep,London,+44 20 7877 2041,UK,EMEA,Larry Bott,Kalle Suominen,25 Old Broad Street Level 7 EC2N 1HN,Software Engineering Center SEC Oy FIN-02271
43,56.1,2020-01-06,2020-01-12,2020-01-10,Shipped,,1982 Ducati 900 Monster,Motorcycles,1:24,Highway 66 Mini Classics,6840,47.1,69.26,Suominen Souveniers,+358 9 8045555,Espoo,Finland,98800,lbott@classicmodelcars.com,Sales Rep,London,+44 20 7877 2041,UK,EMEA,Larry Bott,Kalle Suominen,25 Old Broad Street Level 7 EC2N 1HN,Software Engineering Center SEC Oy FIN-02271
21,52.05,2020-01-06,2020-01-12,2020-01-10,Shipped,,1971 Alpine Renault 1600s,Classic Cars,1:24,Welly Diecast Productions,7995,38.58,61.23,Suominen Souveniers,+358 9 8045555,Espoo,Finland,98800,lbott@classicmodelcars.com,Sales Rep,London,+44 20 7877 2041,UK,EMEA,Larry Bott,Kalle Suominen,25 Old Broad Street Level 7 EC2N 1HN,Software Engineering Center SEC Oy FIN-02271
31,113.75,2020-01-06,2020-01-12,2020-01-10,Shipped,,1956 Porsche 356A Coupe,Classic Cars,1:18,Classic Metal Creations,6600,98.3,140.43,Suominen Souveniers,+358 9 8045555,Espoo,Finland,98800,lbott@classicmodelcars.com,Sales Rep,London,+44 20 7877 2041,UK,EMEA,Larry Bott,Kalle Suominen,25 Old Broad Street Level 7 EC2N 1HN,Software Engineering Center SEC Oy FIN-02271
43,75.99,2020-01-06,2020-01-12,2020-01-10,Shipped,,1961 Chevrolet Impala,Classic Cars,1:18,Classic Metal Creations,7869,32.33,80.84,Suominen Souveniers,+358 9 8045555,Espoo,Finland,98800,lbott@classicmodelcars.com,Sales Rep,London,+44 20 7877 2041,UK,EMEA,Larry Bott,Kalle Suominen,25 Old Broad Street Level 7 EC2N 1HN,Software Engineering Center SEC Oy FIN-02271
50,92.9,2020-01-06,2020-01-12,2020-01-10,Shipped,,1997 BMW F650 ST,Motorcycles,1:32,Exoto Designs,178,66.92,99.89,Suominen Souveniers,+358 9 8045555,Espoo,Finland,98800,lbott@classicmodelcars.com,Sales Rep,London,+44 20 7877 2041,UK,EMEA,Larry Bott,Kalle Suominen,25 Old Broad Street Level 7 EC2N 1HN,Software Engineering Center SEC Oy FIN-02271
48,38.22,2020-01-06,2020-01-17,2020-01-09,Shipped,,1982 Ducati 996 R,Motorcycles,1:32,Gearbox Collectibles,9241,24.14,40.23,Marseille Mini Autos,,Marseille,France,65000,lbondur@classicmodelcars.com,Sales Rep,Paris,+33 1 47 23 44 04,France,EMEA,Loui Bondur,Laurence  Lebihan,43 Rue Jouffroy Dabbans  75017,"12, rue des Bouchers  13008"
30,116.06,2020-01-07,2020-01-18,2020-01-11,Shipped,,1993 Mazda RX-7,Classic Cars,1:18,Highway 66 Mini Classics,3975,83.51,141.54,Mini Creations Ltd.,+1 508-555-9555,New Bedford,USA,94500,jfirrelli@classicmodelcars.com,Sales Rep,Boston,+1 215-837-0825,USA,,Julie Firrelli,Wing Huang,1550 Court Place Suite 102 02107,4575 Hillside Dr.  50553
22,82.66,2020-01-07,2020-01-18,2020-01-11,Shipped,,1974 Ducati 350 Mk3 Desmo,Motorcycles,1:32,Second Gear Diecast,3341,56.13,102.05,Mini Creations Ltd.,+1 508-555-9555,New Bedford,USA,94500,jfirrelli@classicmodelcars.com,Sales Rep,Boston,+1 215-837-0825,USA,,Julie Firrelli,Wing Huang,1550 Court Place Suite 102 02107,4575 Hillside Dr.  50553
44,68.34,2020-01-07,2020-01-18,2020-01-11,Shipped,,2002 Yamaha YZR M1,Motorcycles,1:50,Autoart Studio Design,600,34.17,81.36,Mini Creations Ltd.,+1 508-555-9555,New Bedford,USA,94500,jfirrelli@classicmodelcars.com,Sales Rep,Boston,+1 215-837-0825,USA,,Julie Firrelli,Wing Huang,1550 Court Place Suite 102 02107,4575 Hillside Dr.  50553
34,116.65,2020-01-10,2020-01-19,2020-01-12,Shipped,,1995 Honda Civic,Classic Cars,1:18,Min Lin Diecast,9772,93.89,142.25,Royale Belge,,Charleroi,Belgium,23500,pcastillo@classicmodelcars.com,Sales Rep,Paris,+33 1 47 23 44 04,France,EMEA,Pamela Castillo,Pascale  Cartrain,43 Rue Jouffroy Dabbans  75017,"Boulevard Tirou, 255  B-6000"
49,105.6,2020-01-10,2020-01-19,2020-01-12,Shipped,,1999 Indy 500 Monte Carlo SS,Classic Cars,1:18,Red Start Diecast,8164,56.76,132.0,Royale Belge,,Charleroi,Belgium,23500,pcastillo@classicmodelcars.com,Sales Rep,Paris,+33 1 47 23 44 04,France,EMEA,Pamela Castillo,Pascale  Cartrain,43 Rue Jouffroy Dabbans  75017,"Boulevard Tirou, 255  B-6000"
34,154.1,2020-01-10,2020-01-19,2020-01-12,Shipped,,1992 Ferrari 360 Spider red,Classic Cars,1:18,Unimax Art Galleries,8347,77.9,169.34,Royale Belge,,Charleroi,Belgium,23500,pcastillo@classicmodelcars.com,Sales Rep,Paris,+33 1 47 23 44 04,France,EMEA,Pamela Castillo,Pascale  Cartrain,43 Rue Jouffroy Dabbans  75017,"Boulevard Tirou, 255  B-6000"
49,105.77,2020-01-12,2020-01-21,2020-01-16,Resolved,This order was disputed and resolved on 2/1/2005. Customer claimed that container with shipment was damaged. FedExs investigation proved this wrong.,1965 Aston Martin DB5,Classic Cars,1:18,Classic Metal Creations,9042,65.96,124.44,Toys4GrownUps.com,+1 626-555-7265,Pasadena,USA,90700,lthompson@classicmodelcars.com,Sales Rep,San Francisco,+1 650-219-4782,USA,,Leslie Thompson,Julie Young,100 Market Street Suite 300 94080,78934 Hillside Dr.  90003
37,144.5,2020-01-12,2020-01-21,2020-01-16,Resolved,This order was disputed and resolved on 2/1/2005. Customer claimed that container with shipment was damaged. FedExs investigation proved this wrong.,1917 Grand Touring Sedan,Vintage Cars,1:18,Welly Diecast Productions,2724,86.7,170.0,Toys4GrownUps.com,+1 626-555-7265,Pasadena,USA,90700,lthompson@classicmodelcars.com,Sales Rep,San Francisco,+1 650-219-4782,USA,,Leslie Thompson,Julie Young,100 Market Street Suite 300 94080,78934 Hillside Dr.  90003
45,50.25,2020-01-12,2020-01-21,2020-01-16,Resolved,This order was disputed and resolved on 2/1/2005. Customer claimed that container with shipment was damaged. FedExs investigation proved this wrong.,1911 Ford Town Car,Vintage Cars,1:18,Motor City Art Classics,540,33.3,60.54,Toys4GrownUps.com,+1 626-555-7265,Pasadena,USA,90700,lthompson@classicmodelcars.com,Sales Rep,San Francisco,+1 650-219-4782,USA,,Leslie Thompson,Julie Young,100 Market Street Suite 300 94080,78934 Hillside Dr.  90003
27,124.59,2020-01-12,2020-01-21,2020-01-16,Resolved,This order was disputed and resolved on 2/1/2005. Customer claimed that container with shipment was damaged. FedExs investigation proved this wrong.,1932 Model A Ford J-Coupe,Vintage Cars,1:18,Autoart Studio Design,9354,58.48,127.13,Toys4GrownUps.com,+1 626-555-7265,Pasadena,USA,90700,lthompson@classicmodelcars.com,Sales Rep,San Francisco,+1 650-219-4782,USA,,Leslie Thompson,Julie Young,100 Market Street Suite 300 94080,78934 Hillside Dr.  90003
32,140.06,2020-01-12,2020-01-21,2020-01-16,Resolved,This order was disputed and resolved on 2/1/2005. Customer claimed that container with shipment was damaged. FedExs investigation proved this wrong.,1928 Mercedes-Benz SSK,Vintage Cars,1:18,Gearbox Collectibles,548,72.56,168.75,Toys4GrownUps.com,+1 626-555-7265,Pasadena,USA,90700,lthompson@classicmodelcars.com,Sales Rep,San Francisco,+1 650-219-4782,USA,,Leslie Thompson,Julie Young,100 Market Street Suite 300 94080,78934 Hillside Dr.  90003
46,131.39,2020-01-12,2020-01-21,2020-01-16,Resolved,This order was disputed and resolved on 2/1/2005. Customer claimed that container with shipment was damaged. FedExs investigation proved this wrong.,1948 Porsche Type 356 Roadster,Classic Cars,1:18,Gearbox Collectibles,8990,62.16,141.28,Toys4GrownUps.com,+1 626-555-7265,Pasadena,USA,90700,lthompson@classicmodelcars.com,Sales Rep,San Francisco,+1 650-219-4782,USA,,Leslie Thompson,Julie Young,100 Market Street Suite 300 94080,78934 Hillside Dr.  90003
43,77.31,2020-01-12,2020-01-21,2020-01-16,Resolved,This order was disputed and resolved on 2/1/2005. Customer claimed that container with shipment was damaged. FedExs investigation proved this wrong.,1932 Alfa Romeo 8C2300 Spider Sport,Vintage Cars,1:18,Exoto Designs,6553,43.26,92.03,Toys4GrownUps.com,+1 626-555-7265,Pasadena,USA,90700,lthompson@classicmodelcars.com,Sales Rep,San Francisco,+1 650-219-4782,USA,,Leslie Thompson,Julie Young,100 Market Street Suite 300 94080,78934 Hillside Dr.  90003
44,66.99,2020-01-12,2020-01-21,2020-01-16,Resolved,This order was disputed and resolved on 2/1/2005. Customer claimed that container with shipment was damaged. FedExs investigation proved this wrong.,1957 Ford Thunderbird,Classic Cars,1:18,Studio M Art Models,3209,34.21,71.27,Toys4GrownUps.com,+1 626-555-7265,Pasadena,USA,90700,lthompson@classicmodelcars.com,Sales Rep,San Francisco,+1 650-219-4782,USA,,Leslie Thompson,Julie Young,100 Market Street Suite 300 94080,78934 Hillside Dr.  90003
21,72.76,2020-01-12,2020-01-21,2020-01-16,Resolved,This order was disputed and resolved on 2/1/2005. Customer claimed that container with shipment was damaged. FedExs investigation proved this wrong.,1970 Chevy Chevelle SS 454,Classic Cars,1:24,Unimax Art Galleries,1005,49.24,73.49,Toys4GrownUps.com,+1 626-555-7265,Pasadena,USA,90700,lthompson@classicmodelcars.com,Sales Rep,San Francisco,+1 650-219-4782,USA,,Leslie Thompson,Julie Young,100 Market Street Suite 300 94080,78934 Hillside Dr.  90003
38,50.31,2020-01-12,2020-01-21,2020-01-16,Resolved,This order was disputed and resolved on 2/1/2005. Customer claimed that container with shipment was damaged. FedExs investigation proved this wrong.,1966 Shelby Cobra 427 S/C,Classic Cars,1:24,Carousel DieCast Legends,8197,29.18,50.31,Toys4GrownUps.com,+1 626-555-7265,Pasadena,USA,90700,lthompson@classicmodelcars.com,Sales Rep,San Francisco,+1 650-219-4782,USA,,Leslie Thompson,Julie Young,100 Market Street Suite 300 94080,78934 Hillside Dr.  90003
23,29.54,2020-01-12,2020-01-21,2020-01-16,Resolved,This order was disputed and resolved on 2/1/2005. Customer claimed that container with shipment was damaged. FedExs investigation proved this wrong.,1939 Chevrolet Deluxe Coupe,Vintage Cars,1:24,Motor City Art Classics,7332,22.57,33.19,Toys4GrownUps.com,+1 626-555-7265,Pasadena,USA,90700,lthompson@classicmodelcars.com,Sales Rep,San Francisco,+1 650-219-4782,USA,,Leslie Thompson,Julie Young,100 Market Street Suite 300 94080,78934 Hillside Dr.  90003
28,43.01,2020-01-12,2020-01-21,2020-01-16,Resolved,This order was disputed and resolved on 2/1/2005. Customer claimed that container with shipment was damaged. FedExs investigation proved this wrong.,1938 Cadillac V-16 Presidential Limousine,Vintage Cars,1:24,Classic Metal Creations,2847,20.61,44.8,Toys4GrownUps.com,+1 626-555-7265,Pasadena,USA,90700,lthompson@classicmodelcars.com,Sales Rep,San Francisco,+1 650-219-4782,USA,,Leslie Thompson,Julie Young,100 Market Street Suite 300 94080,78934 Hillside Dr.  90003
36,36.25,2020-01-12,2020-01-21,2020-01-16,Resolved,This order was disputed and resolved on 2/1/2005. Customer claimed that container with shipment was damaged. FedExs investigation proved this wrong.,1982 Lamborghini Diablo,Classic Cars,1:24,Second Gear Diecast,7723,16.24,37.76,Toys4GrownUps.com,+1 626-555-7265,Pasadena,USA,90700,lthompson@classicmodelcars.com,Sales Rep,San Francisco,+1 650-219-4782,USA,,Leslie Thompson,Julie Young,100 Market Street Suite 300 94080,78934 Hillside Dr.  90003
40,73.6,2020-01-19,2020-01-27,2020-01-24,Shipped,Can we renegotiate this one?,1949 Jaguar XK 120,Classic Cars,1:24,Classic Metal Creations,2350,47.25,90.87,Mini Gifts Distributors Ltd.,+1 415-555-1450,San Rafael,USA,210500,ljennings@classicmodelcars.com,Sales Rep,San Francisco,+1 650-219-4782,USA,,Leslie Jennings,Susan Nelson,100 Market Street Suite 300 94080,5677 Strong St.  97562
31,115.09,2020-01-19,2020-01-27,2020-01-24,Shipped,Can we renegotiate this one?,1952 Citroen-15CV,Classic Cars,1:24,Exoto Designs,1452,72.82,117.44,Mini Gifts Distributors Ltd.,+1 415-555-1450,San Rafael,USA,210500,ljennings@classicmodelcars.com,Sales Rep,San Francisco,+1 650-219-4782,USA,,Leslie Jennings,Susan Nelson,100 Market Street Suite 300 94080,5677 Strong St.  97562
46,83.04,2020-01-19,2020-01-27,2020-01-24,Shipped,Can we renegotiate this one?,1969 Chevrolet Camaro Z28,Classic Cars,1:24,Exoto Designs,4695,50.51,85.61,Mini Gifts Distributors Ltd.,+1 415-555-1450,San Rafael,USA,210500,ljennings@classicmodelcars.com,Sales Rep,San Francisco,+1 650-219-4782,USA,,Leslie Jennings,Susan Nelson,100 Market Street Suite 300 94080,5677 Strong St.  97562
20,93.16,2020-01-19,2020-01-27,2020-01-24,Shipped,Can we renegotiate this one?,2002 Chevy Corvette,Classic Cars,1:24,Gearbox Collectibles,9446,62.11,107.08,Mini Gifts Distributors Ltd.,+1 415-555-1450,San Rafael,USA,210500,ljennings@classicmodelcars.com,Sales Rep,San Francisco,+1 650-219-4782,USA,,Leslie Jennings,Susan Nelson,100 Market Street Suite 300 94080,5677 Strong St.  97562
46,36.52,2020-01-19,2020-01-27,2020-01-24,Shipped,Can we renegotiate this one?,1936 Mercedes Benz 500k Roadster,Vintage Cars,1:24,Red Start Diecast,2081,21.75,41.03,Mini Gifts Distributors Ltd.,+1 415-555-1450,San Rafael,USA,210500,ljennings@classicmodelcars.com,Sales Rep,San Francisco,+1 650-219-4782,USA,,Leslie Jennings,Susan Nelson,100 Market Street Suite 300 94080,5677 Strong St.  97562
41,195.01,2020-01-20,2020-01-28,2020-01-24,Shipped,,1952 Alpine Renault 1300,Classic Cars,1:10,Classic Metal Creations,7305,98.58,214.3,Collectables For Less Inc.,+1 617-555-8555,Brickhaven,USA,70700,jfirrelli@classicmodelcars.com,Sales Rep,Boston,+1 215-837-0825,USA,,Julie Firrelli,Allen Nelson,1550 Court Place Suite 102 02107,7825 Douglas Av.  58339
44,89.38,2020-01-20,2020-01-28,2020-01-24,Shipped,,1937 Lincoln Berline,Vintage Cars,1:18,Motor City Art Classics,8693,60.62,102.74,Collectables For Less Inc.,+1 617-555-8555,Brickhaven,USA,70700,jfirrelli@classicmodelcars.com,Sales Rep,Boston,+1 215-837-0825,USA,,Julie Firrelli,Allen Nelson,1550 Court Place Suite 102 02107,7825 Douglas Av.  58339
32,46.36,2020-01-20,2020-01-28,2020-01-24,Shipped,,1936 Mercedes-Benz 500K Special Roadster,Vintage Cars,1:18,Studio M Art Models,8635,24.26,53.91,Collectables For Less Inc.,+1 617-555-8555,Brickhaven,USA,70700,jfirrelli@classicmodelcars.com,Sales Rep,Boston,+1 215-837-0825,USA,,Julie Firrelli,Allen Nelson,1550 Court Place Suite 102 02107,7825 Douglas Av.  58339
42,100.3,2020-01-20,2020-01-28,2020-01-24,Shipped,,1913 Ford Model T Speedster,Vintage Cars,1:18,Carousel DieCast Legends,4189,60.78,101.31,Collectables For Less Inc.,+1 617-555-8555,Brickhaven,USA,70700,jfirrelli@classicmodelcars.com,Sales Rep,Boston,+1 215-837-0825,USA,,Julie Firrelli,Allen Nelson,1550 Court Place Suite 102 02107,7825 Douglas Av.  58339
28,51.84,2020-01-20,2020-01-28,2020-01-24,Shipped,,1934 Ford V8 Coupe,Vintage Cars,1:18,Min Lin Diecast,5649,34.35,62.46,Collectables For Less Inc.,+1 617-555-8555,Brickhaven,USA,70700,jfirrelli@classicmodelcars.com,Sales Rep,Boston,+1 215-837-0825,USA,,Julie Firrelli,Allen Nelson,1550 Court Place Suite 102 02107,7825 Douglas Av.  58339
21,90.06,2020-01-20,2020-01-28,2020-01-24,Shipped,,18th Century Vintage Horse Carriage,Vintage Cars,1:18,Red Start Diecast,5992,60.74,104.72,Collectables For Less Inc.,+1 617-555-8555,Brickhaven,USA,70700,jfirrelli@classicmodelcars.com,Sales Rep,Boston,+1 215-837-0825,USA,,Julie Firrelli,Allen Nelson,1550 Court Place Suite 102 02107,7825 Douglas Av.  58339
45,80.36,2020-01-20,2020-01-28,2020-01-24,Shipped,,1917 Maxwell Touring Car,Vintage Cars,1:18,Exoto Designs,7913,57.54,99.21,Collectables For Less Inc.,+1 617-555-8555,Brickhaven,USA,70700,jfirrelli@classicmodelcars.com,Sales Rep,Boston,+1 215-837-0825,USA,,Julie Firrelli,Allen Nelson,1550 Court Place Suite 102 02107,7825 Douglas Av.  58339
40,93.49,2020-01-20,2020-01-28,2020-01-24,Shipped,,1936 Chrysler Airflow,Vintage Cars,1:24,Second Gear Diecast,4710,57.46,97.39,Collectables For Less Inc.,+1 617-555-8555,Brickhaven,USA,70700,jfirrelli@classicmodelcars.com,Sales Rep,Boston,+1 215-837-0825,USA,,Julie Firrelli,Allen Nelson,1550 Court Place Suite 102 02107,7825 Douglas Av.  58339
35,128.53,2020-01-20,2020-02-01,2020-01-25,Shipped,,1962 LanciaA Delta 16V,Classic Cars,1:10,Second Gear Diecast,6791,103.42,147.74,"Annas Decorations, Ltd",+61 2 9936 8555,North Sydney,Australia,107800,afixter@classicmodelcars.com,Sales Rep,Sydney,+61 2 9264 2451,Australia,APAC,Andy Fixter,Anna OHara,5-11 Wentworth Avenue Floor #2 NSW 2010,201 Miller Street Level 15 2060
49,128.47,2020-01-20,2020-02-01,2020-01-25,Shipped,,1958 Setra Bus,Trucks and Buses,1:12,Welly Diecast Productions,1579,77.9,136.67,"Annas Decorations, Ltd",+61 2 9936 8555,North Sydney,Australia,107800,afixter@classicmodelcars.com,Sales Rep,Sydney,+61 2 9264 2451,Australia,APAC,Andy Fixter,Anna OHara,5-11 Wentworth Avenue Floor #2 NSW 2010,201 Miller Street Level 15 2060
27,100.34,2020-01-20,2020-02-01,2020-01-25,Shipped,,1940 Ford Pickup Truck,Trucks and Buses,1:18,Studio M Art Models,2613,58.33,116.67,"Annas Decorations, Ltd",+61 2 9936 8555,North Sydney,Australia,107800,afixter@classicmodelcars.com,Sales Rep,Sydney,+61 2 9264 2451,Australia,APAC,Andy Fixter,Anna OHara,5-11 Wentworth Avenue Floor #2 NSW 2010,201 Miller Street Level 15 2060
22,101.87,2020-01-20,2020-02-01,2020-01-25,Shipped,,1964 Mercedes Tour Bus,Trucks and Buses,1:18,Unimax Art Galleries,8258,74.86,122.73,"Annas Decorations, Ltd",+61 2 9936 8555,North Sydney,Australia,107800,afixter@classicmodelcars.com,Sales Rep,Sydney,+61 2 9264 2451,Australia,APAC,Andy Fixter,Anna OHara,5-11 Wentworth Avenue Floor #2 NSW 2010,201 Miller Street Level 15 2060
22,60.16,2020-01-20,2020-02-01,2020-01-25,Shipped,,1926 Ford Fire Engine,Trucks and Buses,1:18,Carousel DieCast Legends,2019,24.92,60.77,"Annas Decorations, Ltd",+61 2 9936 8555,North Sydney,Australia,107800,afixter@classicmodelcars.com,Sales Rep,Sydney,+61 2 9264 2451,Australia,APAC,Andy Fixter,Anna OHara,5-11 Wentworth Avenue Floor #2 NSW 2010,201 Miller Street Level 15 2060
27,167.65,2020-01-20,2020-02-01,2020-01-25,Shipped,,1992 Ferrari 360 Spider red,Classic Cars,1:18,Unimax Art Galleries,8347,77.9,169.34,"Annas Decorations, Ltd",+61 2 9936 8555,North Sydney,Australia,107800,afixter@classicmodelcars.com,Sales Rep,Sydney,+61 2 9264 2451,Australia,APAC,Andy Fixter,Anna OHara,5-11 Wentworth Avenue Floor #2 NSW 2010,201 Miller Street Level 15 2060
29,105.34,2020-01-20,2020-02-01,2020-01-25,Shipped,,1940s Ford truck,Trucks and Buses,1:18,Motor City Art Classics,3128,84.76,121.08,"Annas Decorations, Ltd",+61 2 9936 8555,North Sydney,Australia,107800,afixter@classicmodelcars.com,Sales Rep,Sydney,+61 2 9264 2451,Australia,APAC,Andy Fixter,Anna OHara,5-11 Wentworth Avenue Floor #2 NSW 2010,201 Miller Street Level 15 2060
20,41.76,2020-01-20,2020-02-01,2020-01-25,Shipped,,1939 Cadillac Limousine,Vintage Cars,1:18,Studio M Art Models,6645,23.14,50.31,"Annas Decorations, Ltd",+61 2 9936 8555,North Sydney,Australia,107800,afixter@classicmodelcars.com,Sales Rep,Sydney,+61 2 9264 2451,Australia,APAC,Andy Fixter,Anna OHara,5-11 Wentworth Avenue Floor #2 NSW 2010,201 Miller Street Level 15 2060
25,63.99,2020-01-20,2020-02-01,2020-01-25,Shipped,,1996 Peterbilt 379 Stake Bed with Outrigger,Trucks and Buses,1:32,Red Start Diecast,814,33.61,64.64,"Annas Decorations, Ltd",+61 2 9936 8555,North Sydney,Australia,107800,afixter@classicmodelcars.com,Sales Rep,Sydney,+61 2 9264 2451,Australia,APAC,Andy Fixter,Anna OHara,5-11 Wentworth Avenue Floor #2 NSW 2010,201 Miller Street Level 15 2060
32,178.71,2020-01-23,2020-02-03,2020-01-25,Shipped,,2001 Ferrari Enzo,Classic Cars,1:12,Second Gear Diecast,3619,95.59,207.8,Mini Gifts Distributors Ltd.,+1 415-555-1450,San Rafael,USA,210500,ljennings@classicmodelcars.com,Sales Rep,San Francisco,+1 650-219-4782,USA,,Leslie Jennings,Susan Nelson,100 Market Street Suite 300 94080,5677 Strong St.  97562
49,104.28,2020-01-23,2020-02-03,2020-01-25,Shipped,,1957 Chevy Pickup,Trucks and Buses,1:12,Exoto Designs,6125,55.7,118.5,Mini Gifts Distributors Ltd.,+1 415-555-1450,San Rafael,USA,210500,ljennings@classicmodelcars.com,Sales Rep,San Francisco,+1 650-219-4782,USA,,Leslie Jennings,Susan Nelson,100 Market Street Suite 300 94080,5677 Strong St.  97562
25,160.46,2020-01-23,2020-02-03,2020-01-25,Shipped,,1998 Chrysler Plymouth Prowler,Classic Cars,1:18,Gearbox Collectibles,4724,101.51,163.73,Mini Gifts Distributors Ltd.,+1 415-555-1450,San Rafael,USA,210500,ljennings@classicmodelcars.com,Sales Rep,San Francisco,+1 650-219-4782,USA,,Leslie Jennings,Susan Nelson,100 Market Street Suite 300 94080,5677 Strong St.  97562
25,53.75,2020-01-23,2020-02-03,2020-01-25,Shipped,,1970 Dodge Coronet,Classic Cars,1:24,Highway 66 Mini Classics,4074,32.37,57.8,Mini Gifts Distributors Ltd.,+1 415-555-1450,San Rafael,USA,210500,ljennings@classicmodelcars.com,Sales Rep,San Francisco,+1 650-219-4782,USA,,Leslie Jennings,Susan Nelson,100 Market Street Suite 300 94080,5677 Strong St.  97562
20,126.51,2020-01-23,2020-02-03,2020-01-25,Shipped,,1962 Volkswagen Microbus,Trucks and Buses,1:24,Autoart Studio Design,2327,61.34,127.79,Mini Gifts Distributors Ltd.,+1 415-555-1450,San Rafael,USA,210500,ljennings@classicmodelcars.com,Sales Rep,San Francisco,+1 650-219-4782,USA,,Leslie Jennings,Susan Nelson,100 Market Street Suite 300 94080,5677 Strong St.  97562
45,35.01,2020-01-23,2020-02-03,2020-01-25,Shipped,,1958 Chevy Corvette Limited Edition,Classic Cars,1:24,Carousel DieCast Legends,2542,15.91,35.36,Mini Gifts Distributors Ltd.,+1 415-555-1450,San Rafael,USA,210500,ljennings@classicmodelcars.com,Sales Rep,San Francisco,+1 650-219-4782,USA,,Leslie Jennings,Susan Nelson,100 Market Street Suite 300 94080,5677 Strong St.  97562
28,95.81,2020-01-23,2020-02-03,2020-01-25,Shipped,,1992 Porsche Cayenne Turbo Silver,Classic Cars,1:24,Exoto Designs,6582,69.78,118.28,Mini Gifts Distributors Ltd.,+1 415-555-1450,San Rafael,USA,210500,ljennings@classicmodelcars.com,Sales Rep,San Francisco,+1 650-219-4782,USA,,Leslie Jennings,Susan Nelson,100 Market Street Suite 300 94080,5677 Strong St.  97562
26,82.83,2020-01-23,2020-02-03,2020-01-25,Shipped,,1980’s GM Manhattan Express,Trucks and Buses,1:32,Motor City Art Classics,5099,53.93,96.31,Mini Gifts Distributors Ltd.,+1 415-555-1450,San Rafael,USA,210500,ljennings@classicmodelcars.com,Sales Rep,San Francisco,+1 650-219-4782,USA,,Leslie Jennings,Susan Nelson,100 Market Street Suite 300 94080,5677 Strong St.  97562
20,44.37,2020-01-23,2020-02-03,2020-01-25,Shipped,,1954 Greyhound Scenicruiser,Trucks and Buses,1:32,Classic Metal Creations,2874,25.98,54.11,Mini Gifts Distributors Ltd.,+1 415-555-1450,San Rafael,USA,210500,ljennings@classicmodelcars.com,Sales Rep,San Francisco,+1 650-219-4782,USA,,Leslie Jennings,Susan Nelson,100 Market Street Suite 300 94080,5677 Strong St.  97562
30,53.44,2020-01-23,2020-02-03,2020-01-25,Shipped,,1950s Chicago Surface Lines Streetcar,Trains,1:32,Gearbox Collectibles,8601,26.72,62.14,Mini Gifts Distributors Ltd.,+1 415-555-1450,San Rafael,USA,210500,ljennings@classicmodelcars.com,Sales Rep,San Francisco,+1 650-219-4782,USA,,Leslie Jennings,Susan Nelson,100 Market Street Suite 300 94080,5677 Strong St.  97562
48,97.23,2020-01-23,2020-02-03,2020-01-25,Shipped,,Diamond T620 Semi-Skirted Tanker,Trucks and Buses,1:50,Highway 66 Mini Classics,1016,68.29,115.75,Mini Gifts Distributors Ltd.,+1 415-555-1450,San Rafael,USA,210500,ljennings@classicmodelcars.com,Sales Rep,San Francisco,+1 650-219-4782,USA,,Leslie Jennings,Susan Nelson,100 Market Street Suite 300 94080,5677 Strong St.  97562
34,83.95,2020-01-23,2020-02-03,2020-01-25,Shipped,,1982 Camaro Z28,Classic Cars,1:18,Carousel DieCast Legends,6934,46.53,101.15,Mini Gifts Distributors Ltd.,+1 415-555-1450,San Rafael,USA,210500,ljennings@classicmodelcars.com,Sales Rep,San Francisco,+1 650-219-4782,USA,,Leslie Jennings,Susan Nelson,100 Market Street Suite 300 94080,5677 Strong St.  97562
40,146.55,2020-01-26,2020-02-05,2020-01-28,Shipped,,1969 Corvair Monza,Classic Cars,1:18,Welly Diecast Productions,6906,89.14,151.08,"Tokyo Collectables, Ltd",+81 3-3584-0555,Minato-ku,Japan,94400,mnishi@classicmodelcars.com,Sales Rep,Tokyo,+81 3-3224-5000,Japan,Japan,Mami Nishi,Akiko Shimamura,4-1 Kioicho  102-8578,2-2-8 Roppongi  106-0032
34,140.15,2020-01-26,2020-02-05,2020-01-28,Shipped,,1969 Ford Falcon,Classic Cars,1:12,Second Gear Diecast,1049,83.05,173.02,"Tokyo Collectables, Ltd",+81 3-3584-0555,Minato-ku,Japan,94400,mnishi@classicmodelcars.com,Sales Rep,Tokyo,+81 3-3224-5000,Japan,Japan,Mami Nishi,Akiko Shimamura,4-1 Kioicho  102-8578,2-2-8 Roppongi  106-0032
28,131.13,2020-01-26,2020-02-05,2020-01-28,Shipped,,1903 Ford Model A,Vintage Cars,1:18,Unimax Art Galleries,3913,68.3,136.59,"Tokyo Collectables, Ltd",+81 3-3584-0555,Minato-ku,Japan,94400,mnishi@classicmodelcars.com,Sales Rep,Tokyo,+81 3-3224-5000,Japan,Japan,Mami Nishi,Akiko Shimamura,4-1 Kioicho  102-8578,2-2-8 Roppongi  106-0032
25,91.76,2020-01-26,2020-02-05,2020-01-28,Shipped,,Collectable Wooden Train,Trains,1:18,Carousel DieCast Legends,6450,67.56,100.84,"Tokyo Collectables, Ltd",+81 3-3584-0555,Minato-ku,Japan,94400,mnishi@classicmodelcars.com,Sales Rep,Tokyo,+81 3-3224-5000,Japan,Japan,Mami Nishi,Akiko Shimamura,4-1 Kioicho  102-8578,2-2-8 Roppongi  106-0032
48,119.2,2020-01-26,2020-02-05,2020-01-28,Shipped,,1970 Triumph Spitfire,Classic Cars,1:18,Min Lin Diecast,5545,91.92,143.62,"Tokyo Collectables, Ltd",+81 3-3584-0555,Minato-ku,Japan,94400,mnishi@classicmodelcars.com,Sales Rep,Tokyo,+81 3-3224-5000,Japan,Japan,Mami Nishi,Akiko Shimamura,4-1 Kioicho  102-8578,2-2-8 Roppongi  106-0032
41,78.99,2020-01-26,2020-02-05,2020-01-28,Shipped,,1904 Buick Runabout,Vintage Cars,1:18,Exoto Designs,8290,52.66,87.77,"Tokyo Collectables, Ltd",+81 3-3584-0555,Minato-ku,Japan,94400,mnishi@classicmodelcars.com,Sales Rep,Tokyo,+81 3-3224-5000,Japan,Japan,Mami Nishi,Akiko Shimamura,4-1 Kioicho  102-8578,2-2-8 Roppongi  106-0032
37,102.0,2020-01-26,2020-02-05,2020-01-28,Shipped,,18th century schooner,Ships,1:24,Carousel DieCast Legends,1898,82.34,122.89,"Tokyo Collectables, Ltd",+81 3-3584-0555,Minato-ku,Japan,94400,mnishi@classicmodelcars.com,Sales Rep,Tokyo,+81 3-3224-5000,Japan,Japan,Mami Nishi,Akiko Shimamura,4-1 Kioicho  102-8578,2-2-8 Roppongi  106-0032
24,56.82,2020-01-26,2020-02-05,2020-01-28,Shipped,,1962 City of Detroit Streetcar,Trains,1:50,Classic Metal Creations,1645,37.49,58.58,"Tokyo Collectables, Ltd",+81 3-3584-0555,Minato-ku,Japan,94400,mnishi@classicmodelcars.com,Sales Rep,Tokyo,+81 3-3224-5000,Japan,Japan,Mami Nishi,Akiko Shimamura,4-1 Kioicho  102-8578,2-2-8 Roppongi  106-0032
44,74.48,2020-01-26,2020-02-05,2020-01-28,Shipped,,The Mayflower,Ships,1:700,Studio M Art Models,737,43.3,86.61,"Tokyo Collectables, Ltd",+81 3-3584-0555,Minato-ku,Japan,94400,mnishi@classicmodelcars.com,Sales Rep,Tokyo,+81 3-3224-5000,Japan,Japan,Mami Nishi,Akiko Shimamura,4-1 Kioicho  102-8578,2-2-8 Roppongi  106-0032
39,118.32,2020-01-31,2020-02-08,2020-02-06,Shipped,,1972 Alfa Romeo GTA,Classic Cars,1:10,Motor City Art Classics,3252,85.68,136.0,"Oulu Toy Supplies, Inc.",+358 9 81443655,Oulu,Finland,90500,lbott@classicmodelcars.com,Sales Rep,London,+44 20 7877 2041,UK,EMEA,Larry Bott,Pirkko Koskitalo,25 Old Broad Street Level 7 EC2N 1HN,Torikatu 38  90110
28,143.5,2020-01-31,2020-02-08,2020-02-06,Shipped,,1980s Black Hawk Helicopter,Planes,1:18,Red Start Diecast,5330,77.27,157.69,"Oulu Toy Supplies, Inc.",+358 9 81443655,Oulu,Finland,90500,lbott@classicmodelcars.com,Sales Rep,London,+44 20 7877 2041,UK,EMEA,Larry Bott,Pirkko Koskitalo,25 Old Broad Street Level 7 EC2N 1HN,Torikatu 38  90110
22,75.7,2020-01-31,2020-02-08,2020-02-06,Shipped,,1999 Yamaha Speed Boat,Ships,1:18,Min Lin Diecast,4259,51.61,86.02,"Oulu Toy Supplies, Inc.",+358 9 81443655,Oulu,Finland,90500,lbott@classicmodelcars.com,Sales Rep,London,+44 20 7877 2041,UK,EMEA,Larry Bott,Pirkko Koskitalo,25 Old Broad Street Level 7 EC2N 1HN,Torikatu 38  90110
50,99.52,2020-01-31,2020-02-08,2020-02-06,Shipped,,1941 Chevrolet Special Deluxe Cabriolet,Vintage Cars,1:18,Exoto Designs,2378,64.58,105.87,"Oulu Toy Supplies, Inc.",+358 9 81443655,Oulu,Finland,90500,lbott@classicmodelcars.com,Sales Rep,London,+44 20 7877 2041,UK,EMEA,Larry Bott,Pirkko Koskitalo,25 Old Broad Street Level 7 EC2N 1HN,Torikatu 38  90110
38,58.92,2020-01-31,2020-02-08,2020-02-06,Shipped,,1900s Vintage Bi-Plane,Planes,1:24,Autoart Studio Design,5942,34.25,68.51,"Oulu Toy Supplies, Inc.",+358 9 81443655,Oulu,Finland,90500,lbott@classicmodelcars.com,Sales Rep,London,+44 20 7877 2041,UK,EMEA,Larry Bott,Pirkko Koskitalo,25 Old Broad Street Level 7 EC2N 1HN,Torikatu 38  90110
33,82.31,2020-01-31,2020-02-08,2020-02-06,Shipped,,1912 Ford Model T Delivery Wagon,Vintage Cars,1:24,Min Lin Diecast,9173,46.91,88.51,"Oulu Toy Supplies, Inc.",+358 9 81443655,Oulu,Finland,90500,lbott@classicmodelcars.com,Sales Rep,London,+44 20 7877 2041,UK,EMEA,Larry Bott,Pirkko Koskitalo,25 Old Broad Street Level 7 EC2N 1HN,Torikatu 38  90110
46,53.92,2020-01-31,2020-02-08,2020-02-06,Shipped,,1937 Horch 930V Limousine,Vintage Cars,1:24,Autoart Studio Design,2902,26.3,65.75,"Oulu Toy Supplies, Inc.",+358 9 81443655,Oulu,Finland,90500,lbott@classicmodelcars.com,Sales Rep,London,+44 20 7877 2041,UK,EMEA,Larry Bott,Pirkko Koskitalo,25 Old Broad Street Level 7 EC2N 1HN,Torikatu 38  90110
23,83.86,2020-01-31,2020-02-08,2020-02-06,Shipped,,1940 Ford Delivery Sedan,Vintage Cars,1:24,Carousel DieCast Legends,6621,48.64,83.86,"Oulu Toy Supplies, Inc.",+358 9 81443655,Oulu,Finland,90500,lbott@classicmodelcars.com,Sales Rep,London,+44 20 7877 2041,UK,EMEA,Larry Bott,Pirkko Koskitalo,25 Old Broad Street Level 7 EC2N 1HN,Torikatu 38  90110
39,62.1,2020-01-31,2020-02-08,2020-02-06,Shipped,,Corsair F4U ( Bird Cage),Planes,1:24,Second Gear Diecast,6812,29.34,68.24,"Oulu Toy Supplies, Inc.",+358 9 81443655,Oulu,Finland,90500,lbott@classicmodelcars.com,Sales Rep,London,+44 20 7877 2041,UK,EMEA,Larry Bott,Pirkko Koskitalo,25 Old Broad Street Level 7 EC2N 1HN,Torikatu 38  90110
44,58.0,2020-01-31,2020-02-08,2020-02-06,Shipped,,The Schooner Bluenose,Ships,1:700,Autoart Studio Design,1897,34.0,66.67,"Oulu Toy Supplies, Inc.",+358 9 81443655,Oulu,Finland,90500,lbott@classicmodelcars.com,Sales Rep,London,+44 20 7877 2041,UK,EMEA,Larry Bott,Pirkko Koskitalo,25 Old Broad Street Level 7 EC2N 1HN,Torikatu 38  90110
32,76.94,2020-01-31,2020-02-08,2020-02-06,Shipped,,HMS Bounty,Ships,1:700,Unimax Art Galleries,3501,39.83,90.52,"Oulu Toy Supplies, Inc.",+358 9 81443655,Oulu,Finland,90500,lbott@classicmodelcars.com,Sales Rep,London,+44 20 7877 2041,UK,EMEA,Larry Bott,Pirkko Koskitalo,25 Old Broad Street Level 7 EC2N 1HN,Torikatu 38  90110
41,69.39,2020-01-31,2020-02-08,2020-02-06,Shipped,,The USS Constitution Ship,Ships,1:700,Red Start Diecast,7083,33.97,72.28,"Oulu Toy Supplies, Inc.",+358 9 81443655,Oulu,Finland,90500,lbott@classicmodelcars.com,Sales Rep,London,+44 20 7877 2041,UK,EMEA,Larry Bott,Pirkko Koskitalo,25 Old Broad Street Level 7 EC2N 1HN,Torikatu 38  90110
34,94.16,2020-01-31,2020-02-08,2020-02-06,Shipped,,The Titanic,Ships,1:700,Carousel DieCast Legends,1956,51.09,100.17,"Oulu Toy Supplies, Inc.",+358 9 81443655,Oulu,Finland,90500,lbott@classicmodelcars.com,Sales Rep,London,+44 20 7877 2041,UK,EMEA,Larry Bott,Pirkko Koskitalo,25 Old Broad Street Level 7 EC2N 1HN,Torikatu 38  90110
37,83.42,2020-01-31,2020-02-08,2020-02-06,Shipped,,The Queen Mary,Ships,1:700,Welly Diecast Productions,5088,53.63,99.31,"Oulu Toy Supplies, Inc.",+358 9 81443655,Oulu,Finland,90500,lbott@classicmodelcars.com,Sales Rep,London,+44 20 7877 2041,UK,EMEA,Larry Bott,Pirkko Koskitalo,25 Old Broad Street Level 7 EC2N 1HN,Torikatu 38  90110
45,68.11,2020-01-31,2020-02-08,2020-02-06,Shipped,,American Airlines: MD-11S,Planes,1:700,Second Gear Diecast,8820,36.27,74.03,"Oulu Toy Supplies, Inc.",+358 9 81443655,Oulu,Finland,90500,lbott@classicmodelcars.com,Sales Rep,London,+44 20 7877 2041,UK,EMEA,Larry Bott,Pirkko Koskitalo,25 Old Broad Street Level 7 EC2N 1HN,Torikatu 38  90110
25,44.2,2020-01-31,2020-02-08,2020-02-06,Shipped,,Boeing X-32A JSF,Planes,1:72,Motor City Art Classics,4857,32.77,49.66,"Oulu Toy Supplies, Inc.",+358 9 81443655,Oulu,Finland,90500,lbott@classicmodelcars.com,Sales Rep,London,+44 20 7877 2041,UK,EMEA,Larry Bott,Pirkko Koskitalo,25 Old Broad Street Level 7 EC2N 1HN,Torikatu 38  90110
29,48.05,2020-01-31,2020-02-08,2020-02-06,Shipped,,Pont Yacht,Ships,1:72,Unimax Art Galleries,414,33.3,54.6,"Oulu Toy Supplies, Inc.",+358 9 81443655,Oulu,Finland,90500,lbott@classicmodelcars.com,Sales Rep,London,+44 20 7877 2041,UK,EMEA,Larry Bott,Pirkko Koskitalo,25 Old Broad Street Level 7 EC2N 1HN,Torikatu 38  90110
39,115.37,2020-02-02,2020-02-09,2020-02-03,Shipped,,1996 Moto Guzzi 1100i,Motorcycles,1:10,Highway 66 Mini Classics,6625,68.99,118.94,"Australian Gift Network, Co",+61 7 3844 6555,South Brisbane,Australia,51600,afixter@classicmodelcars.com,Sales Rep,Sydney,+61 2 9264 2451,Australia,APAC,Andy Fixter,Ben Calaghan,5-11 Wentworth Avenue Floor #2 NSW 2010,31 Duncan St. West End  4101
22,158.8,2020-02-02,2020-02-09,2020-02-03,Shipped,,2003 Harley-Davidson Eagle Drag Bike,Motorcycles,1:10,Red Start Diecast,5582,91.02,193.66,"Australian Gift Network, Co",+61 7 3844 6555,South Brisbane,Australia,51600,afixter@classicmodelcars.com,Sales Rep,Sydney,+61 2 9264 2451,Australia,APAC,Andy Fixter,Ben Calaghan,5-11 Wentworth Avenue Floor #2 NSW 2010,31 Duncan St. West End  4101
42,75.19,2020-02-02,2020-02-09,2020-02-03,Shipped,,P-51-D Mustang,Planes,1:72,Gearbox Collectibles,992,49.0,84.48,"Australian Gift Network, Co",+61 7 3844 6555,South Brisbane,Australia,51600,afixter@classicmodelcars.com,Sales Rep,Sydney,+61 2 9264 2451,Australia,APAC,Andy Fixter,Ben Calaghan,5-11 Wentworth Avenue Floor #2 NSW 2010,31 Duncan St. West End  4101
22,48.46,2020-02-02,2020-02-09,2020-02-03,Shipped,,1936 Harley Davidson El Knucklehead,Motorcycles,1:18,Welly Diecast Productions,4357,24.23,60.57,"Australian Gift Network, Co",+61 7 3844 6555,South Brisbane,Australia,51600,afixter@classicmodelcars.com,Sales Rep,Sydney,+61 2 9264 2451,Australia,APAC,Andy Fixter,Ben Calaghan,5-11 Wentworth Avenue Floor #2 NSW 2010,31 Duncan St. West End  4101
38,112.7,2020-02-02,2020-02-09,2020-02-03,Shipped,,1997 BMW R 1100 S,Motorcycles,1:24,Autoart Studio Design,7003,60.86,112.7,"Australian Gift Network, Co",+61 7 3844 6555,South Brisbane,Australia,51600,afixter@classicmodelcars.com,Sales Rep,Sydney,+61 2 9264 2451,Australia,APAC,Andy Fixter,Ben Calaghan,5-11 Wentworth Avenue Floor #2 NSW 2010,31 Duncan St. West End  4101
46,107.23,2020-02-02,2020-02-09,2020-02-03,Shipped,,1928 British Royal Navy Airplane,Planes,1:24,Classic Metal Creations,3627,66.74,109.42,"Australian Gift Network, Co",+61 7 3844 6555,South Brisbane,Australia,51600,afixter@classicmodelcars.com,Sales Rep,Sydney,+61 2 9264 2451,Australia,APAC,Andy Fixter,Ben Calaghan,5-11 Wentworth Avenue Floor #2 NSW 2010,31 Duncan St. West End  4101
21,76.56,2020-02-03,2020-02-10,2020-02-06,Shipped,,1969 Harley Davidson Ultimate Chopper,Motorcycles,1:10,Min Lin Diecast,7933,48.81,95.7,La Rochelle Gifts,,Nantes,France,118200,ghernande@classicmodelcars.com,Sales Rep,Paris,+33 1 47 23 44 04,France,EMEA,Gerard Hernandez,Janine  Labrune,43 Rue Jouffroy Dabbans  75017,"67, rue des Cinquante Otages  44000"
45,184.84,2020-02-03,2020-02-10,2020-02-06,Shipped,,1968 Ford Mustang,Classic Cars,1:12,Autoart Studio Design,68,95.34,194.57,La Rochelle Gifts,,Nantes,France,118200,ghernande@classicmodelcars.com,Sales Rep,Paris,+33 1 47 23 44 04,France,EMEA,Gerard Hernandez,Janine  Labrune,43 Rue Jouffroy Dabbans  75017,"67, rue des Cinquante Otages  44000"
49,150.62,2020-02-03,2020-02-10,2020-02-06,Shipped,,2002 Suzuki XREO,Motorcycles,1:12,Unimax Art Galleries,9997,66.27,150.62,La Rochelle Gifts,,Nantes,France,118200,ghernande@classicmodelcars.com,Sales Rep,Paris,+33 1 47 23 44 04,France,EMEA,Gerard Hernandez,Janine  Labrune,43 Rue Jouffroy Dabbans  75017,"67, rue des Cinquante Otages  44000"
23,67.03,2020-02-03,2020-02-10,2020-02-06,Shipped,,1960 BSA Gold Star DBD34,Motorcycles,1:24,Highway 66 Mini Classics,15,37.32,76.17,La Rochelle Gifts,,Nantes,France,118200,ghernande@classicmodelcars.com,Sales Rep,Paris,+33 1 47 23 44 04,France,EMEA,Gerard Hernandez,Janine  Labrune,43 Rue Jouffroy Dabbans  75017,"67, rue des Cinquante Otages  44000"
20,60.26,2020-02-03,2020-02-10,2020-02-06,Shipped,,1982 Ducati 900 Monster,Motorcycles,1:24,Highway 66 Mini Classics,6840,47.1,69.26,La Rochelle Gifts,,Nantes,France,118200,ghernande@classicmodelcars.com,Sales Rep,Paris,+33 1 47 23 44 04,France,EMEA,Gerard Hernandez,Janine  Labrune,43 Rue Jouffroy Dabbans  75017,"67, rue des Cinquante Otages  44000"
43,60.13,2020-02-03,2020-02-10,2020-02-06,Shipped,,1900s Vintage Tri-Plane,Planes,1:24,Unimax Art Galleries,2756,36.23,72.45,La Rochelle Gifts,,Nantes,France,118200,ghernande@classicmodelcars.com,Sales Rep,Paris,+33 1 47 23 44 04,France,EMEA,Gerard Hernandez,Janine  Labrune,43 Rue Jouffroy Dabbans  75017,"67, rue des Cinquante Otages  44000"
37,87.9,2020-02-03,2020-02-10,2020-02-06,Shipped,,1997 BMW F650 ST,Motorcycles,1:32,Exoto Designs,178,66.92,99.89,La Rochelle Gifts,,Nantes,France,118200,ghernande@classicmodelcars.com,Sales Rep,Paris,+33 1 47 23 44 04,France,EMEA,Gerard Hernandez,Janine  Labrune,43 Rue Jouffroy Dabbans  75017,"67, rue des Cinquante Otages  44000"
44,59.85,2020-02-03,2020-02-10,2020-02-06,Shipped,,1928 Ford Phaeton Deluxe,Vintage Cars,1:32,Highway 66 Mini Classics,136,33.02,68.79,La Rochelle Gifts,,Nantes,France,118200,ghernande@classicmodelcars.com,Sales Rep,Paris,+33 1 47 23 44 04,France,EMEA,Gerard Hernandez,Janine  Labrune,43 Rue Jouffroy Dabbans  75017,"67, rue des Cinquante Otages  44000"
41,96.95,2020-02-03,2020-02-10,2020-02-06,Shipped,,1974 Ducati 350 Mk3 Desmo,Motorcycles,1:32,Second Gear Diecast,3341,56.13,102.05,La Rochelle Gifts,,Nantes,France,118200,ghernande@classicmodelcars.com,Sales Rep,Paris,+33 1 47 23 44 04,France,EMEA,Gerard Hernandez,Janine  Labrune,43 Rue Jouffroy Dabbans  75017,"67, rue des Cinquante Otages  44000"
49,36.22,2020-02-03,2020-02-10,2020-02-06,Shipped,,1930 Buick Marquette Phaeton,Vintage Cars,1:50,Studio M Art Models,7062,27.06,43.64,La Rochelle Gifts,,Nantes,France,118200,ghernande@classicmodelcars.com,Sales Rep,Paris,+33 1 47 23 44 04,France,EMEA,Gerard Hernandez,Janine  Labrune,43 Rue Jouffroy Dabbans  75017,"67, rue des Cinquante Otages  44000"
49,69.16,2020-02-03,2020-02-10,2020-02-06,Shipped,,2002 Yamaha YZR M1,Motorcycles,1:50,Autoart Studio Design,600,34.17,81.36,La Rochelle Gifts,,Nantes,France,118200,ghernande@classicmodelcars.com,Sales Rep,Paris,+33 1 47 23 44 04,France,EMEA,Gerard Hernandez,Janine  Labrune,43 Rue Jouffroy Dabbans  75017,"67, rue des Cinquante Otages  44000"
37,86.77,2020-02-03,2020-02-10,2020-02-06,Shipped,,American Airlines: B767-300,Planes,1:700,Min Lin Diecast,5841,51.15,91.34,La Rochelle Gifts,,Nantes,France,118200,ghernande@classicmodelcars.com,Sales Rep,Paris,+33 1 47 23 44 04,France,EMEA,Gerard Hernandez,Janine  Labrune,43 Rue Jouffroy Dabbans  75017,"67, rue des Cinquante Otages  44000"
33,94.73,2020-02-03,2020-02-10,2020-02-06,Shipped,,America West Airlines B757-200,Planes,1:700,Motor City Art Classics,9653,68.8,99.72,La Rochelle Gifts,,Nantes,France,118200,ghernande@classicmodelcars.com,Sales Rep,Paris,+33 1 47 23 44 04,France,EMEA,Gerard Hernandez,Janine  Labrune,43 Rue Jouffroy Dabbans  75017,"67, rue des Cinquante Otages  44000"
25,98.48,2020-02-03,2020-02-10,2020-02-06,Shipped,,ATA: B757-300,Planes,1:700,Highway 66 Mini Classics,7106,59.33,118.65,La Rochelle Gifts,,Nantes,France,118200,ghernande@classicmodelcars.com,Sales Rep,Paris,+33 1 47 23 44 04,France,EMEA,Gerard Hernandez,Janine  Labrune,43 Rue Jouffroy Dabbans  75017,"67, rue des Cinquante Otages  44000"
44,69.6,2020-02-03,2020-02-10,2020-02-06,Shipped,,F/A 18 Hornet 1/72,Planes,1:72,Motor City Art Classics,551,54.4,80.0,La Rochelle Gifts,,Nantes,France,118200,ghernande@classicmodelcars.com,Sales Rep,Paris,+33 1 47 23 44 04,France,EMEA,Gerard Hernandez,Janine  Labrune,43 Rue Jouffroy Dabbans  75017,"67, rue des Cinquante Otages  44000"
35,98.65,2020-02-08,2020-02-18,2020-02-13,Shipped,,1968 Dodge Charger,Classic Cars,1:12,Welly Diecast Productions,9123,75.16,117.44,Boards & Toys Co.,+1 310-555-2373,Glendale,USA,11000,lthompson@classicmodelcars.com,Sales Rep,San Francisco,+1 650-219-4782,USA,,Leslie Thompson,Mary Young,100 Market Street Suite 300 94080,4097 Douglas Av.  92561
24,65.44,2020-02-09,2020-02-21,2020-02-12,Shipped,"Cautious optimism. We have happy customers here, if we can keep them well stocked.  I need all the information I can get on the planned shippments of Porches",1970 Plymouth Hemi Cuda,Classic Cars,1:12,Studio M Art Models,5663,31.92,79.8,"Toys of Finland, Co.",,Helsinki,Finland,96500,lbott@classicmodelcars.com,Sales Rep,London,+44 20 7877 2041,UK,EMEA,Larry Bott,Matti Karttunen,25 Old Broad Street Level 7 EC2N 1HN,Keskuskatu 45  21240
50,112.86,2020-02-09,2020-02-21,2020-02-12,Shipped,"Cautious optimism. We have happy customers here, if we can keep them well stocked.  I need all the information I can get on the planned shippments of Porches",1969 Dodge Charger,Classic Cars,1:12,Welly Diecast Productions,7323,58.73,115.16,"Toys of Finland, Co.",,Helsinki,Finland,96500,lbott@classicmodelcars.com,Sales Rep,London,+44 20 7877 2041,UK,EMEA,Larry Bott,Matti Karttunen,25 Old Broad Street Level 7 EC2N 1HN,Keskuskatu 45  21240
35,124.56,2020-02-09,2020-02-21,2020-02-12,Shipped,"Cautious optimism. We have happy customers here, if we can keep them well stocked.  I need all the information I can get on the planned shippments of Porches",1993 Mazda RX-7,Classic Cars,1:18,Highway 66 Mini Classics,3975,83.51,141.54,"Toys of Finland, Co.",,Helsinki,Finland,96500,lbott@classicmodelcars.com,Sales Rep,London,+44 20 7877 2041,UK,EMEA,Larry Bott,Matti Karttunen,25 Old Broad Street Level 7 EC2N 1HN,Keskuskatu 45  21240
31,61.6,2020-02-09,2020-02-21,2020-02-12,Shipped,"Cautious optimism. We have happy customers here, if we can keep them well stocked.  I need all the information I can get on the planned shippments of Porches",1948 Porsche 356-A Roadster,Classic Cars,1:18,Gearbox Collectibles,8826,53.9,77.0,"Toys of Finland, Co.",,Helsinki,Finland,96500,lbott@classicmodelcars.com,Sales Rep,London,+44 20 7877 2041,UK,EMEA,Larry Bott,Matti Karttunen,25 Old Broad Street Level 7 EC2N 1HN,Keskuskatu 45  21240
36,125.18,2020-02-09,2020-02-21,2020-02-12,Shipped,"Cautious optimism. We have happy customers here, if we can keep them well stocked.  I need all the information I can get on the planned shippments of Porches",1995 Honda Civic,Classic Cars,1:18,Min Lin Diecast,9772,93.89,142.25,"Toys of Finland, Co.",,Helsinki,Finland,96500,lbott@classicmodelcars.com,Sales Rep,London,+44 20 7877 2041,UK,EMEA,Larry Bott,Matti Karttunen,25 Old Broad Street Level 7 EC2N 1HN,Keskuskatu 45  21240
39,143.94,2020-02-09,2020-02-21,2020-02-12,Shipped,"Cautious optimism. We have happy customers here, if we can keep them well stocked.  I need all the information I can get on the planned shippments of Porches",1992 Ferrari 360 Spider red,Classic Cars,1:18,Unimax Art Galleries,8347,77.9,169.34,"Toys of Finland, Co.",,Helsinki,Finland,96500,lbott@classicmodelcars.com,Sales Rep,London,+44 20 7877 2041,UK,EMEA,Larry Bott,Matti Karttunen,25 Old Broad Street Level 7 EC2N 1HN,Keskuskatu 45  21240
34,121.95,2020-02-10,2020-02-18,2020-02-11,Shipped,,1965 Aston Martin DB5,Classic Cars,1:18,Classic Metal Creations,9042,65.96,124.44,Euro+ Shopping Channel,+34 915 55 94 44,Madrid,Spain,227600,ghernande@classicmodelcars.com,Sales Rep,Paris,+33 1 47 23 44 04,France,EMEA,Gerard Hernandez,Diego  Freyre,43 Rue Jouffroy Dabbans  75017,"C/ Moralzarzal, 86  28034"
22,66.74,2020-02-10,2020-02-18,2020-02-11,Shipped,,1969 Dodge Super Bee,Classic Cars,1:18,Min Lin Diecast,1917,49.05,80.41,Euro+ Shopping Channel,+34 915 55 94 44,Madrid,Spain,227600,ghernande@classicmodelcars.com,Sales Rep,Paris,+33 1 47 23 44 04,France,EMEA,Gerard Hernandez,Diego  Freyre,43 Rue Jouffroy Dabbans  75017,"C/ Moralzarzal, 86  28034"
43,146.99,2020-02-10,2020-02-18,2020-02-11,Shipped,,1976 Ford Gran Torino,Classic Cars,1:18,Gearbox Collectibles,9127,73.49,146.99,Euro+ Shopping Channel,+34 915 55 94 44,Madrid,Spain,227600,ghernande@classicmodelcars.com,Sales Rep,Paris,+33 1 47 23 44 04,France,EMEA,Gerard Hernandez,Diego  Freyre,43 Rue Jouffroy Dabbans  75017,"C/ Moralzarzal, 86  28034"
28,60.3,2020-02-10,2020-02-18,2020-02-11,Shipped,,1957 Vespa GS150,Motorcycles,1:18,Studio M Art Models,7689,32.95,62.17,Euro+ Shopping Channel,+34 915 55 94 44,Madrid,Spain,227600,ghernande@classicmodelcars.com,Sales Rep,Paris,+33 1 47 23 44 04,France,EMEA,Gerard Hernandez,Diego  Freyre,43 Rue Jouffroy Dabbans  75017,"C/ Moralzarzal, 86  28034"
49,122.02,2020-02-10,2020-02-18,2020-02-11,Shipped,,1957 Corvette Convertible,Classic Cars,1:18,Classic Metal Creations,1249,69.93,148.8,Euro+ Shopping Channel,+34 915 55 94 44,Madrid,Spain,227600,ghernande@classicmodelcars.com,Sales Rep,Paris,+33 1 47 23 44 04,France,EMEA,Gerard Hernandez,Diego  Freyre,43 Rue Jouffroy Dabbans  75017,"C/ Moralzarzal, 86  28034"
41,30.59,2020-02-10,2020-02-18,2020-02-11,Shipped,,1982 Lamborghini Diablo,Classic Cars,1:24,Second Gear Diecast,7723,16.24,37.76,Euro+ Shopping Channel,+34 915 55 94 44,Madrid,Spain,227600,ghernande@classicmodelcars.com,Sales Rep,Paris,+33 1 47 23 44 04,France,EMEA,Gerard Hernandez,Diego  Freyre,43 Rue Jouffroy Dabbans  75017,"C/ Moralzarzal, 86  28034"
46,52.66,2020-02-10,2020-02-18,2020-02-11,Shipped,,1971 Alpine Renault 1600s,Classic Cars,1:24,Welly Diecast Productions,7995,38.58,61.23,Euro+ Shopping Channel,+34 915 55 94 44,Madrid,Spain,227600,ghernande@classicmodelcars.com,Sales Rep,Paris,+33 1 47 23 44 04,France,EMEA,Gerard Hernandez,Diego  Freyre,43 Rue Jouffroy Dabbans  75017,"C/ Moralzarzal, 86  28034"
33,129.2,2020-02-10,2020-02-18,2020-02-11,Shipped,,1956 Porsche 356A Coupe,Classic Cars,1:18,Classic Metal Creations,6600,98.3,140.43,Euro+ Shopping Channel,+34 915 55 94 44,Madrid,Spain,227600,ghernande@classicmodelcars.com,Sales Rep,Paris,+33 1 47 23 44 04,France,EMEA,Gerard Hernandez,Diego  Freyre,43 Rue Jouffroy Dabbans  75017,"C/ Moralzarzal, 86  28034"
41,80.84,2020-02-10,2020-02-18,2020-02-11,Shipped,,1961 Chevrolet Impala,Classic Cars,1:18,Classic Metal Creations,7869,32.33,80.84,Euro+ Shopping Channel,+34 915 55 94 44,Madrid,Spain,227600,ghernande@classicmodelcars.com,Sales Rep,Paris,+33 1 47 23 44 04,France,EMEA,Gerard Hernandez,Diego  Freyre,43 Rue Jouffroy Dabbans  75017,"C/ Moralzarzal, 86  28034"
40,35.8,2020-02-10,2020-02-18,2020-02-11,Shipped,,1982 Ducati 996 R,Motorcycles,1:32,Gearbox Collectibles,9241,24.14,40.23,Euro+ Shopping Channel,+34 915 55 94 44,Madrid,Spain,227600,ghernande@classicmodelcars.com,Sales Rep,Paris,+33 1 47 23 44 04,France,EMEA,Gerard Hernandez,Diego  Freyre,43 Rue Jouffroy Dabbans  75017,"C/ Moralzarzal, 86  28034"
39,156.4,2020-02-10,2020-02-18,2020-02-11,Shipped,,1917 Grand Touring Sedan,Vintage Cars,1:18,Welly Diecast Productions,2724,86.7,170.0,Euro+ Shopping Channel,+34 915 55 94 44,Madrid,Spain,227600,ghernande@classicmodelcars.com,Sales Rep,Paris,+33 1 47 23 44 04,France,EMEA,Gerard Hernandez,Diego  Freyre,43 Rue Jouffroy Dabbans  75017,"C/ Moralzarzal, 86  28034"
27,50.85,2020-02-10,2020-02-18,2020-02-11,Shipped,,1911 Ford Town Car,Vintage Cars,1:18,Motor City Art Classics,540,33.3,60.54,Euro+ Shopping Channel,+34 915 55 94 44,Madrid,Spain,227600,ghernande@classicmodelcars.com,Sales Rep,Paris,+33 1 47 23 44 04,France,EMEA,Gerard Hernandez,Diego  Freyre,43 Rue Jouffroy Dabbans  75017,"C/ Moralzarzal, 86  28034"
29,113.52,2020-02-10,2020-02-18,2020-02-11,Shipped,,1999 Indy 500 Monte Carlo SS,Classic Cars,1:18,Red Start Diecast,8164,56.76,132.0,Euro+ Shopping Channel,+34 915 55 94 44,Madrid,Spain,227600,ghernande@classicmodelcars.com,Sales Rep,Paris,+33 1 47 23 44 04,France,EMEA,Gerard Hernandez,Diego  Freyre,43 Rue Jouffroy Dabbans  75017,"C/ Moralzarzal, 86  28034"
32,134.22,2020-02-10,2020-02-18,2020-02-11,Shipped,,1948 Porsche Type 356 Roadster,Classic Cars,1:18,Gearbox Collectibles,8990,62.16,141.28,Euro+ Shopping Channel,+34 915 55 94 44,Madrid,Spain,227600,ghernande@classicmodelcars.com,Sales Rep,Paris,+33 1 47 23 44 04,France,EMEA,Gerard Hernandez,Diego  Freyre,43 Rue Jouffroy Dabbans  75017,"C/ Moralzarzal, 86  28034"
32,48.8,2020-02-10,2020-02-18,2020-02-11,Shipped,,1966 Shelby Cobra 427 S/C,Classic Cars,1:24,Carousel DieCast Legends,8197,29.18,50.31,Euro+ Shopping Channel,+34 915 55 94 44,Madrid,Spain,227600,ghernande@classicmodelcars.com,Sales Rep,Paris,+33 1 47 23 44 04,France,EMEA,Gerard Hernandez,Diego  Freyre,43 Rue Jouffroy Dabbans  75017,"C/ Moralzarzal, 86  28034"
27,88.36,2020-02-16,2020-02-24,2020-02-18,Shipped,,1937 Lincoln Berline,Vintage Cars,1:18,Motor City Art Classics,8693,60.62,102.74,Euro+ Shopping Channel,+34 915 55 94 44,Madrid,Spain,227600,ghernande@classicmodelcars.com,Sales Rep,Paris,+33 1 47 23 44 04,France,EMEA,Gerard Hernandez,Diego  Freyre,43 Rue Jouffroy Dabbans  75017,"C/ Moralzarzal, 86  28034"
40,119.5,2020-02-16,2020-02-24,2020-02-18,Shipped,,1932 Model A Ford J-Coupe,Vintage Cars,1:18,Autoart Studio Design,9354,58.48,127.13,Euro+ Shopping Channel,+34 915 55 94 44,Madrid,Spain,227600,ghernande@classicmodelcars.com,Sales Rep,Paris,+33 1 47 23 44 04,France,EMEA,Gerard Hernandez,Diego  Freyre,43 Rue Jouffroy Dabbans  75017,"C/ Moralzarzal, 86  28034"
21,156.94,2020-02-16,2020-02-24,2020-02-18,Shipped,,1928 Mercedes-Benz SSK,Vintage Cars,1:18,Gearbox Collectibles,548,72.56,168.75,Euro+ Shopping Channel,+34 915 55 94 44,Madrid,Spain,227600,ghernande@classicmodelcars.com,Sales Rep,Paris,+33 1 47 23 44 04,France,EMEA,Gerard Hernandez,Diego  Freyre,43 Rue Jouffroy Dabbans  75017,"C/ Moralzarzal, 86  28034"
32,78.23,2020-02-16,2020-02-24,2020-02-18,Shipped,,1932 Alfa Romeo 8C2300 Spider Sport,Vintage Cars,1:18,Exoto Designs,6553,43.26,92.03,Euro+ Shopping Channel,+34 915 55 94 44,Madrid,Spain,227600,ghernande@classicmodelcars.com,Sales Rep,Paris,+33 1 47 23 44 04,France,EMEA,Gerard Hernandez,Diego  Freyre,43 Rue Jouffroy Dabbans  75017,"C/ Moralzarzal, 86  28034"
24,66.99,2020-02-16,2020-02-24,2020-02-18,Shipped,,1957 Ford Thunderbird,Classic Cars,1:18,Studio M Art Models,3209,34.21,71.27,Euro+ Shopping Channel,+34 915 55 94 44,Madrid,Spain,227600,ghernande@classicmodelcars.com,Sales Rep,Paris,+33 1 47 23 44 04,France,EMEA,Gerard Hernandez,Diego  Freyre,43 Rue Jouffroy Dabbans  75017,"C/ Moralzarzal, 86  28034"
34,66.88,2020-02-16,2020-02-24,2020-02-18,Shipped,,1970 Chevy Chevelle SS 454,Classic Cars,1:24,Unimax Art Galleries,1005,49.24,73.49,Euro+ Shopping Channel,+34 915 55 94 44,Madrid,Spain,227600,ghernande@classicmodelcars.com,Sales Rep,Paris,+33 1 47 23 44 04,France,EMEA,Gerard Hernandez,Diego  Freyre,43 Rue Jouffroy Dabbans  75017,"C/ Moralzarzal, 86  28034"
32,29.87,2020-02-16,2020-02-24,2020-02-18,Shipped,,1939 Chevrolet Deluxe Coupe,Vintage Cars,1:24,Motor City Art Classics,7332,22.57,33.19,Euro+ Shopping Channel,+34 915 55 94 44,Madrid,Spain,227600,ghernande@classicmodelcars.com,Sales Rep,Paris,+33 1 47 23 44 04,France,EMEA,Gerard Hernandez,Diego  Freyre,43 Rue Jouffroy Dabbans  75017,"C/ Moralzarzal, 86  28034"
27,37.63,2020-02-16,2020-02-24,2020-02-18,Shipped,,1938 Cadillac V-16 Presidential Limousine,Vintage Cars,1:24,Classic Metal Creations,2847,20.61,44.8,Euro+ Shopping Channel,+34 915 55 94 44,Madrid,Spain,227600,ghernande@classicmodelcars.com,Sales Rep,Paris,+33 1 47 23 44 04,France,EMEA,Gerard Hernandez,Diego  Freyre,43 Rue Jouffroy Dabbans  75017,"C/ Moralzarzal, 86  28034"
36,77.24,2020-02-16,2020-02-24,2020-02-18,Shipped,,1949 Jaguar XK 120,Classic Cars,1:24,Classic Metal Creations,2350,47.25,90.87,Euro+ Shopping Channel,+34 915 55 94 44,Madrid,Spain,227600,ghernande@classicmodelcars.com,Sales Rep,Paris,+33 1 47 23 44 04,France,EMEA,Gerard Hernandez,Diego  Freyre,43 Rue Jouffroy Dabbans  75017,"C/ Moralzarzal, 86  28034"
44,111.57,2020-02-16,2020-02-24,2020-02-18,Shipped,,1952 Citroen-15CV,Classic Cars,1:24,Exoto Designs,1452,72.82,117.44,Euro+ Shopping Channel,+34 915 55 94 44,Madrid,Spain,227600,ghernande@classicmodelcars.com,Sales Rep,Paris,+33 1 47 23 44 04,France,EMEA,Gerard Hernandez,Diego  Freyre,43 Rue Jouffroy Dabbans  75017,"C/ Moralzarzal, 86  28034"
44,77.05,2020-02-16,2020-02-24,2020-02-18,Shipped,,1969 Chevrolet Camaro Z28,Classic Cars,1:24,Exoto Designs,4695,50.51,85.61,Euro+ Shopping Channel,+34 915 55 94 44,Madrid,Spain,227600,ghernande@classicmodelcars.com,Sales Rep,Paris,+33 1 47 23 44 04,France,EMEA,Gerard Hernandez,Diego  Freyre,43 Rue Jouffroy Dabbans  75017,"C/ Moralzarzal, 86  28034"
34,91.02,2020-02-16,2020-02-24,2020-02-18,Shipped,,2002 Chevy Corvette,Classic Cars,1:24,Gearbox Collectibles,9446,62.11,107.08,Euro+ Shopping Channel,+34 915 55 94 44,Madrid,Spain,227600,ghernande@classicmodelcars.com,Sales Rep,Paris,+33 1 47 23 44 04,France,EMEA,Gerard Hernandez,Diego  Freyre,43 Rue Jouffroy Dabbans  75017,"C/ Moralzarzal, 86  28034"
43,32.82,2020-02-16,2020-02-24,2020-02-18,Shipped,,1936 Mercedes Benz 500k Roadster,Vintage Cars,1:24,Red Start Diecast,2081,21.75,41.03,Euro+ Shopping Channel,+34 915 55 94 44,Madrid,Spain,227600,ghernande@classicmodelcars.com,Sales Rep,Paris,+33 1 47 23 44 04,France,EMEA,Gerard Hernandez,Diego  Freyre,43 Rue Jouffroy Dabbans  75017,"C/ Moralzarzal, 86  28034"
36,182.16,2020-02-17,2020-02-25,2020-02-18,Shipped,,1952 Alpine Renault 1300,Classic Cars,1:10,Classic Metal Creations,7305,98.58,214.3,Corporate Gift Ideas Co.,+1 650-555-1386,San Francisco,USA,105000,ljennings@classicmodelcars.com,Sales Rep,San Francisco,+1 650-219-4782,USA,,Leslie Jennings,Julie Brown,100 Market Street Suite 300 94080,7734 Strong St.  94217
37,138.88,2020-02-17,2020-02-25,2020-02-18,Shipped,,1962 LanciaA Delta 16V,Classic Cars,1:10,Second Gear Diecast,6791,103.42,147.74,Corporate Gift Ideas Co.,+1 650-555-1386,San Francisco,USA,105000,ljennings@classicmodelcars.com,Sales Rep,San Francisco,+1 650-219-4782,USA,,Leslie Jennings,Julie Brown,100 Market Street Suite 300 94080,7734 Strong St.  94217
20,132.57,2020-02-17,2020-02-25,2020-02-18,Shipped,,1958 Setra Bus,Trucks and Buses,1:12,Welly Diecast Productions,1579,77.9,136.67,Corporate Gift Ideas Co.,+1 650-555-1386,San Francisco,USA,105000,ljennings@classicmodelcars.com,Sales Rep,San Francisco,+1 650-219-4782,USA,,Leslie Jennings,Julie Brown,100 Market Street Suite 300 94080,7734 Strong St.  94217
48,114.34,2020-02-17,2020-02-25,2020-02-18,Shipped,,1940 Ford Pickup Truck,Trucks and Buses,1:18,Studio M Art Models,2613,58.33,116.67,Corporate Gift Ideas Co.,+1 650-555-1386,San Francisco,USA,105000,ljennings@classicmodelcars.com,Sales Rep,San Francisco,+1 650-219-4782,USA,,Leslie Jennings,Julie Brown,100 Market Street Suite 300 94080,7734 Strong St.  94217
25,49.6,2020-02-17,2020-02-25,2020-02-18,Shipped,,1936 Mercedes-Benz 500K Special Roadster,Vintage Cars,1:18,Studio M Art Models,8635,24.26,53.91,Corporate Gift Ideas Co.,+1 650-555-1386,San Francisco,USA,105000,ljennings@classicmodelcars.com,Sales Rep,San Francisco,+1 650-219-4782,USA,,Leslie Jennings,Julie Brown,100 Market Street Suite 300 94080,7734 Strong St.  94217
35,60.77,2020-02-17,2020-02-25,2020-02-18,Shipped,,1926 Ford Fire Engine,Trucks and Buses,1:18,Carousel DieCast Legends,2019,24.92,60.77,Corporate Gift Ideas Co.,+1 650-555-1386,San Francisco,USA,105000,ljennings@classicmodelcars.com,Sales Rep,San Francisco,+1 650-219-4782,USA,,Leslie Jennings,Julie Brown,100 Market Street Suite 300 94080,7734 Strong St.  94217
41,100.3,2020-02-17,2020-02-25,2020-02-18,Shipped,,1913 Ford Model T Speedster,Vintage Cars,1:18,Carousel DieCast Legends,4189,60.78,101.31,Corporate Gift Ideas Co.,+1 650-555-1386,San Francisco,USA,105000,ljennings@classicmodelcars.com,Sales Rep,San Francisco,+1 650-219-4782,USA,,Leslie Jennings,Julie Brown,100 Market Street Suite 300 94080,7734 Strong St.  94217
40,51.22,2020-02-17,2020-02-25,2020-02-18,Shipped,,1934 Ford V8 Coupe,Vintage Cars,1:18,Min Lin Diecast,5649,34.35,62.46,Corporate Gift Ideas Co.,+1 650-555-1386,San Francisco,USA,105000,ljennings@classicmodelcars.com,Sales Rep,San Francisco,+1 650-219-4782,USA,,Leslie Jennings,Julie Brown,100 Market Street Suite 300 94080,7734 Strong St.  94217
35,93.2,2020-02-17,2020-02-25,2020-02-18,Shipped,,18th Century Vintage Horse Carriage,Vintage Cars,1:18,Red Start Diecast,5992,60.74,104.72,Corporate Gift Ideas Co.,+1 650-555-1386,San Francisco,USA,105000,ljennings@classicmodelcars.com,Sales Rep,San Francisco,+1 650-219-4782,USA,,Leslie Jennings,Julie Brown,100 Market Street Suite 300 94080,7734 Strong St.  94217
34,166.24,2020-02-17,2020-02-23,2020-02-18,Shipped,Custom shipping instructions sent to warehouse,2001 Ferrari Enzo,Classic Cars,1:12,Second Gear Diecast,3619,95.59,207.8,Mini Gifts Distributors Ltd.,+1 415-555-1450,San Rafael,USA,210500,ljennings@classicmodelcars.com,Sales Rep,San Francisco,+1 650-219-4782,USA,,Leslie Jennings,Susan Nelson,100 Market Street Suite 300 94080,5677 Strong St.  97562
37,145.04,2020-02-17,2020-02-23,2020-02-18,Shipped,Custom shipping instructions sent to warehouse,1969 Corvair Monza,Classic Cars,1:18,Welly Diecast Productions,6906,89.14,151.08,Mini Gifts Distributors Ltd.,+1 415-555-1450,San Rafael,USA,210500,ljennings@classicmodelcars.com,Sales Rep,San Francisco,+1 650-219-4782,USA,,Leslie Jennings,Susan Nelson,100 Market Street Suite 300 94080,5677 Strong St.  97562
34,143.61,2020-02-17,2020-02-23,2020-02-18,Shipped,Custom shipping instructions sent to warehouse,1969 Ford Falcon,Classic Cars,1:12,Second Gear Diecast,1049,83.05,173.02,Mini Gifts Distributors Ltd.,+1 415-555-1450,San Rafael,USA,210500,ljennings@classicmodelcars.com,Sales Rep,San Francisco,+1 650-219-4782,USA,,Leslie Jennings,Susan Nelson,100 Market Street Suite 300 94080,5677 Strong St.  97562
32,103.1,2020-02-17,2020-02-23,2020-02-18,Shipped,Custom shipping instructions sent to warehouse,1957 Chevy Pickup,Trucks and Buses,1:12,Exoto Designs,6125,55.7,118.5,Mini Gifts Distributors Ltd.,+1 415-555-1450,San Rafael,USA,210500,ljennings@classicmodelcars.com,Sales Rep,San Francisco,+1 650-219-4782,USA,,Leslie Jennings,Susan Nelson,100 Market Street Suite 300 94080,5677 Strong St.  97562
25,160.46,2020-02-17,2020-02-23,2020-02-18,Shipped,Custom shipping instructions sent to warehouse,1998 Chrysler Plymouth Prowler,Classic Cars,1:18,Gearbox Collectibles,4724,101.51,163.73,Mini Gifts Distributors Ltd.,+1 415-555-1450,San Rafael,USA,210500,ljennings@classicmodelcars.com,Sales Rep,San Francisco,+1 650-219-4782,USA,,Leslie Jennings,Susan Nelson,100 Market Street Suite 300 94080,5677 Strong St.  97562
50,84.33,2020-02-17,2020-02-23,2020-02-18,Shipped,Custom shipping instructions sent to warehouse,1917 Maxwell Touring Car,Vintage Cars,1:18,Exoto Designs,7913,57.54,99.21,Mini Gifts Distributors Ltd.,+1 415-555-1450,San Rafael,USA,210500,ljennings@classicmodelcars.com,Sales Rep,San Francisco,+1 650-219-4782,USA,,Leslie Jennings,Susan Nelson,100 Market Street Suite 300 94080,5677 Strong St.  97562
39,115.03,2020-02-17,2020-02-23,2020-02-18,Shipped,Custom shipping instructions sent to warehouse,1940s Ford truck,Trucks and Buses,1:18,Motor City Art Classics,3128,84.76,121.08,Mini Gifts Distributors Ltd.,+1 415-555-1450,San Rafael,USA,210500,ljennings@classicmodelcars.com,Sales Rep,San Francisco,+1 650-219-4782,USA,,Leslie Jennings,Susan Nelson,100 Market Street Suite 300 94080,5677 Strong St.  97562
39,46.29,2020-02-17,2020-02-23,2020-02-18,Shipped,Custom shipping instructions sent to warehouse,1939 Cadillac Limousine,Vintage Cars,1:18,Studio M Art Models,6645,23.14,50.31,Mini Gifts Distributors Ltd.,+1 415-555-1450,San Rafael,USA,210500,ljennings@classicmodelcars.com,Sales Rep,San Francisco,+1 650-219-4782,USA,,Leslie Jennings,Susan Nelson,100 Market Street Suite 300 94080,5677 Strong St.  97562
20,120.12,2020-02-17,2020-02-23,2020-02-18,Shipped,Custom shipping instructions sent to warehouse,1962 Volkswagen Microbus,Trucks and Buses,1:24,Autoart Studio Design,2327,61.34,127.79,Mini Gifts Distributors Ltd.,+1 415-555-1450,San Rafael,USA,210500,ljennings@classicmodelcars.com,Sales Rep,San Francisco,+1 650-219-4782,USA,,Leslie Jennings,Susan Nelson,100 Market Street Suite 300 94080,5677 Strong St.  97562
33,97.39,2020-02-17,2020-02-23,2020-02-18,Shipped,Custom shipping instructions sent to warehouse,1936 Chrysler Airflow,Vintage Cars,1:24,Second Gear Diecast,4710,57.46,97.39,Mini Gifts Distributors Ltd.,+1 415-555-1450,San Rafael,USA,210500,ljennings@classicmodelcars.com,Sales Rep,San Francisco,+1 650-219-4782,USA,,Leslie Jennings,Susan Nelson,100 Market Street Suite 300 94080,5677 Strong St.  97562
26,85.72,2020-02-17,2020-02-23,2020-02-18,Shipped,Custom shipping instructions sent to warehouse,1980’s GM Manhattan Express,Trucks and Buses,1:32,Motor City Art Classics,5099,53.93,96.31,Mini Gifts Distributors Ltd.,+1 415-555-1450,San Rafael,USA,210500,ljennings@classicmodelcars.com,Sales Rep,San Francisco,+1 650-219-4782,USA,,Leslie Jennings,Susan Nelson,100 Market Street Suite 300 94080,5677 Strong St.  97562
48,57.53,2020-02-17,2020-02-23,2020-02-18,Shipped,Custom shipping instructions sent to warehouse,1996 Peterbilt 379 Stake Bed with Outrigger,Trucks and Buses,1:32,Red Start Diecast,814,33.61,64.64,Mini Gifts Distributors Ltd.,+1 415-555-1450,San Rafael,USA,210500,ljennings@classicmodelcars.com,Sales Rep,San Francisco,+1 650-219-4782,USA,,Leslie Jennings,Susan Nelson,100 Market Street Suite 300 94080,5677 Strong St.  97562
